库,f,w,S,表达式,sign,w归,贡献
h1,28,0.04206646323740799,0.25,"neg(ts_std(volume,5))",-1.0,0.001148767236321846,0.0002871918090804615
h1,51,0.07347599563209808,0.5,"ts_std(ema(returns,10),3)",1.0,0.002006510886401826,0.001003255443200913
h1,52,0.10978959320168216,0.95,"ssqrt(ts_sum(mul(returns,returns),20))",1.0,0.0029981766436461524,0.0028482678114638447
h1,77,0.028835140935423744,-0.3500000000000001,"div(ts_min(returns,10),ts_max(open,40))",-1.0,0.0007874411731357789,-0.00027560441059752266
h1,108,0.00830794875575543,-0.55,"mul(ts_argmin(low,3),low)",-1.0,0.0002268766755548321,-0.00012478217155515765
h1,204,0.02697807433850559,0.675,"ts_min(returns,20)",-1.0,0.0007367276807709111,0.000497291184520365
h1,218,0.10999806707686453,-0.55,"ts_std(slog(ts_max(slog(open),3)),5)",1.0,0.003003869728802539,-0.0016521283508413966
h1,219,0.0018366037851456896,0.65,"add(open,ts_min(ts_max(high,244),244))",-1.0,5.015468599232914e-05,3.260054589501394e-05
h1,221,0.06560150944524755,0.19999999999999996,"ts_std(neg(ema(ts_mean(returns,3),10)),3)",1.0,0.0017914713742072607,0.00035829427484145206
h1,252,0.10874283007748937,0.0,"ts_std(ts_std(ts_std(close,3),5),5)",1.0,0.0029695912316880287,0.0
h1,313,0.09938796884020597,-0.75,"mul(ts_std(ts_tsi(open,244),3),abs(abs(mul(volume,ts_std(ret",1.0,0.002714125065467239,-0.002035593799100429
h1,316,0.033759296392994464,0.5,"ts_std(abs(slog(ts_mean(returns,244))),20)",1.0,0.0009219119135041388,0.0004609559567520694
h1,378,0.0573238478493433,0.3500000000000001,"div(ts_std(ts_decay_linear(returns,3),3),beta120)",1.0,0.0015654217921193057,0.0005478976272417571
h1,380,0.06152075924179901,0.6000000000000001,"ts_std(ssqrt(ema(returns,3)),3)",1.0,0.0016800326704855108,0.0010080196022913066
h1,415,0.08045735179194088,0.95,"ts_std(returns,40)",1.0,0.002197160458633734,0.002087302435702047
h1,416,0.11024235777608338,0.55,"ts_std(returns,10)",1.0,0.00301054091363253,0.0016557975024978915
h1,446,0.10545517664034948,1.0,"ts_std(ts_slope(ssqrt(close),10),40)",1.0,0.002879810720983989,0.002879810720983989
h1,448,0.03612796944960421,0.6000000000000001,"ts_decay_linear(ts_max(ts_slope(returns,3),3),40)",1.0,0.000986596552800648,0.0005919579316803889
h1,466,0.08313820294374201,-0.35,"ts_std(div(high,open),3)",1.0,0.0022703701780071987,-0.0007946295623025195
h1,467,0.08915639600166045,0.55,"ts_std(div(close,ts_max(mul(close,low),5)),3)",1.0,0.002434717319999597,0.0013390945259997785
h1,504,0.008429385108162185,-0.95,"mul(sub(high,low),ts_std(high,120))",1.0,0.00023019290640019732,-0.00021868326108018745
h1,524,0.04308311905326011,-0.050000000000000044,"ts_min(ts_decay_linear(returns,3),5)",-1.0,0.0011765304662676524,-5.8826523313382674e-05
h1,542,0.09475810633318553,0.95,"ema(ts_argmax(returns,40),60)",-1.0,0.00258769099073356,0.002458306441196882
h1,561,0.11024235777608338,0.55,"slog(ts_std(returns,10))",1.0,0.00301054091363253,0.0016557975024978915
h1,567,0.06323736156885396,-0.44999999999999996,"delta(abs(returns),60)",1.0,0.0017269103102810276,-0.0007771096396264624
h1,583,0.073574457455368,0.30000000000000004,"ts_min(ema(abs(returns),5),5)",1.0,0.0020091997199261145,0.0006027599159778344
h1,600,0.020740710641725054,0.1499999999999999,"div(ts_std(returns,3),ts_rank(ts_max(volume,60),20))",1.0,0.0005663953422653769,8.495930133980649e-05
h1,602,0.08404389086084837,-0.95,"div(ts_std(open,3),ts_rank(returns,20))",1.0,0.0022951030536861594,-0.0021803479010018513
h1,603,0.11346555032963042,0.30000000000000004,"ts_std(ema(ssqrt(open),20),3)",1.0,0.003098561101613979,0.0009295683304841938
h1,604,0.11850731816432021,-0.85,"div(ts_std(high,10),ts_rank(returns,20))",1.0,0.003236243646232623,-0.0027508070992977294
h1,623,0.05436626045347016,-0.6,"abs(ts_std(div(abs(entropy120),high),10))",1.0,0.001484654852437146,-0.0008907929114622875
h1,655,0.03592287919902989,-0.75,"ts_std(ts_std(returns,3),5)",1.0,0.0009809958689727927,-0.0007357469017295945
h1,658,0.15986336511788096,-0.85,"ts_std(ts_slope(neg(returns),3),3)",1.0,0.004365610560106931,-0.0037107689760908914
h1,663,0.08658209051522081,-0.7,"ts_std(ts_std(high,3),3)",1.0,0.002364417190834575,-0.0016550920335842024
h1,664,0.1732006867715595,-0.30000000000000004,"ts_std(ts_std(amount,3),3)",1.0,0.004729831294556673,-0.001418949388367002
h1,686,0.03320691215485946,-0.65,"ts_std(div(ts_std(returns,3),beta120),5)",1.0,0.0009068271912385929,-0.0005894376743050855
h1,688,0.1665914766680527,-0.9,"ts_std(div(ts_slope(returns,3),beta120),3)",1.0,0.004549344430661629,-0.004094409987595467
h1,717,0.09257187766543455,-0.55,"ts_std(ts_std(slog(slog(close)),3),10)",1.0,0.002527988613320796,-0.001390393737326438
h1,788,0.008112352151682971,0.02499999999999991,"delay(ts_max(ts_max(sub(low,ts_max(amount,20)),120),120),244",1.0,0.0002215352478948418,5.5383811973710255e-06
h1,789,0.003344560269218009,-1.0,"div(ts_std(delay(delay(close,120),244),40),sub(high,low))",-1.0,9.133454446830652e-05,-9.133454446830652e-05
h1,792,0.11314157325976781,1.0,"div(ts_sum(ts_std(open,40),5),abs(low))",1.0,0.003089713810576525,0.003089713810576525
h1,794,0.000553665045693653,-0.44999999999999996,"div(ts_min(high,40),sub(high,delay(close,120)))",1.0,1.5119699053375821e-05,-6.803864574019119e-06
h1,821,0.014917382378564817,0.4,"div(low,ts_sum(ts_rank(high,244),244))",-1.0,0.0004073696434013789,0.00016294785736055157
h1,822,0.037521378729112605,-1.0,"ts_max(div(low,high),5)",-1.0,0.0010246483119431336,-0.0010246483119431336
h1,826,0.0046801968265791265,-0.4,"div(ts_max(high,5),close)",1.0,0.00012780862378585972,-5.112344951434389e-05
h1,853,0.03339865308950748,-0.9,"ts_std(div(beta120,sub(entropy120,open)),3)",1.0,0.000912063326787766,-0.0008208569941089894
h1,895,0.05049116139597202,-0.8999999999999999,"delay(ssqrt(ssqrt(delay(low,20))),244)",-1.0,0.0013788321496909612,-0.001240948934721865
h1,896,0.037783509453882105,-0.8,"ts_std(high,5)",1.0,0.0010318066790858393,-0.0008254453432686715
h1,898,0.07054567682141646,0.3999999999999999,"ts_std(ts_decay_linear(abs(volume),5),5)",1.0,0.001926488607783091,0.0007705954431132362
h1,899,0.0822173085407879,-0.55,"ts_decay_linear(abs(ts_sum(ts_std(close,5),5)),5)",1.0,0.002245222037735566,-0.0012348721207545612
h1,900,0.10497018005698038,-0.050000000000000044,"ts_std(amount,5)",1.0,0.0028665662468393923,-0.00014332831234196975
h1,947,0.14746662701644786,-0.35,"mul(ts_corr(amount,close,244),ts_std(ts_std(amount,3),5))",1.0,0.004027075644827314,-0.0014094764756895598
h1,948,0.14401284383376248,-0.5,"mul(ts_corr(ts_std(amount,3),close,244),mul(ts_std(returns,5",1.0,0.003932758398824561,-0.0019663791994122804
h1,949,0.03359362001222431,-0.8,"mul(ts_corr(amount,close,244),ts_std(high,5))",1.0,0.0009173875588659318,-0.0007339100470927454
h1,950,0.09043199073777744,-0.19999999999999996,"mul(ts_corr(amount,close,244),ts_std(amount,5))",1.0,0.002469551754057099,-0.0004939103508114197
h1,951,0.07846277924695558,-0.55,"mul(mul(mul(ts_corr(amount,close,244),close),close),ts_std(r",1.0,0.002142691900694481,-0.0011784805453819648
h1,1035,0.08867989373771516,-0.09999999999999998,"div(ts_std(mul(ts_zscore(returns,3),ts_std(returns,5)),5),be",1.0,0.0024217048120127893,-0.00024217048120127888
h1,1036,0.10329325974905157,0.19999999999999996,"div(div(ts_std(returns,5),ts_min(beta120,3)),ts_min(beta120,",1.0,0.002820772258958845,0.0005641544517917688
h1,1037,0.06130668568189276,-0.85,"div(ts_std(mul(ts_zscore(returns,3),mul(ts_zscore(beta120,3)",1.0,0.001674186666974467,-0.001423058666928297
h1,1038,0.08541022160408562,0.050000000000000044,"div(ts_std(mul(ts_zscore(beta120,10),returns),5),ts_min(ts_m",1.0,0.0023324153416945897,0.00011662076708472959
h1,1071,0.03470627539875666,0.0,"ts_std(ts_std(add(high,ts_std(open,10)),20),10)",1.0,0.0009477723821906736,0.0
h1,1097,0.12880143583594905,-0.5,"ts_std(ema(amount,5),5)",1.0,0.003517359390175008,-0.001758679695087504
h1,1098,0.08605019979057181,-0.25,"ts_std(ssqrt(ema(ssqrt(ema(volume,5)),5)),3)",1.0,0.002349892113355827,-0.0005874730283389568
h1,1099,0.12771530201122538,0.25,"ts_sum(ts_std(ssqrt(ema(volume,5)),3),5)",1.0,0.0034876988279104355,0.0008719247069776089
h1,1118,0.10921912530298905,0.3999999999999999,"ts_std(mul(ts_std(returns,5),ts_std(open,20)),5)",1.0,0.002982598085788946,0.0011930392343155781
h1,1120,0.05259232380078977,-0.30000000000000004,"ts_std(abs(mul(entropy120,low)),10)",1.0,0.0014362115047183504,-0.0004308634514155052
h1,1121,0.031034223057692593,0.55,"ts_std(mul(ts_std(returns,20),ts_std(close,20)),5)",1.0,0.0008474945576522384,0.00046612200670873114
h1,1151,0.05645344744917356,0.3999999999999999,"ema(ema(ts_std(returns,3),3),3)",1.0,0.0015416525615910956,0.0006166610246364381
h1,1152,0.046670793246956443,-0.65,"ema(ts_std(ts_std(returns,3),5),3)",1.0,0.0012745040597465249,-0.0008284276388352412
h1,1153,0.16748215309730435,-0.44999999999999996,"ema(ts_std(abs(ts_std(low,5)),5),3)",1.0,0.004573667366828475,-0.0020581503150728132
h1,1154,0.13323937796674343,-0.19999999999999996,"ts_std(ema(add(amount,ts_std(returns,5)),3),5)",1.0,0.0036385524290995486,-0.0007277104858199096
h1,1197,0.031099229404367726,0.44999999999999996,"ema(sub(ts_std(returns,3),returns),20)",1.0,0.0008492697760914954,0.0003821713992411729
h1,1216,0.17922607923470582,0.55,"div(div(high,div(sub(close,ts_std(high,20)),open)),high)",1.0,0.004894375040689527,0.00269190627237924
h1,1236,0.10361300872313003,-0.42500000000000004,"ts_rank(ts_std(returns,40),5)",1.0,0.0028295040875225123,-0.0012025392371970678
h1,1260,0.13205307387490445,0.3500000000000001,"ts_std(mul(ts_mean(ts_std(ts_std(returns,5),5),40),returns),",1.0,0.0036061563784658625,0.0012621547324630522
h1,1261,0.11778866335951092,0.30000000000000004,"ts_std(div(returns,volume),5)",1.0,0.003216618343070554,0.0009649855029211663
h1,1262,0.05500822381378678,-0.4,"ts_std(div(ts_mean(entropy120,40),close),5)",1.0,0.0015021858359925927,-0.0006008743343970371
h1,1263,0.08981115333538842,0.44999999999999996,"div(ts_max(abs(returns),20),ts_mean(entropy120,40))",1.0,0.0024525976863256937,0.001103668958846562
h1,1264,0.06309833123478147,-0.65,"ts_std(slog(sub(ts_mean(close,244),close)),10)",1.0,0.0017231136161844501,-0.0011200238505198925
h1,1265,0.09854394008408202,1.0,"ts_std(delta(div(ts_mean(close,40),close),10),5)",1.0,0.0026910760019869875,0.0026910760019869875
h5,46,0.19071491011737424,0.95,"ssqrt(ts_sum(mul(returns,returns),20))",1.0,0.003997566143990736,0.003797687836791199
h5,47,0.03634013972824672,0.75,"mul(close,ts_min(ts_sum(delay(ts_argmax(beta120,10),40),120)",-1.0,0.0007617239373477672,0.0005712929530108254
h5,61,0.09844210942467167,0.6000000000000001,"ts_std(div(open,volume),3)",1.0,0.0020634403651864667,0.0012380642191118802
h5,131,0.010826747577836434,-0.95,"div(ts_rank(amount,3),ts_mean(low,244))",1.0,0.00022693894011776978,-0.00021559199311188128
h5,247,0.2169070705630675,-0.75,"div(ts_argmin(ts_decay_linear(ts_argmax(returns,20),10),40),",-1.0,0.004546578771116936,-0.0034099340783377017
h5,352,0.07375522895353717,0.09999999999999998,"sub(sub(returns,ts_std(returns,20)),ts_max(returns,40))",-1.0,0.0015459798398850266,0.00015459798398850263
h5,353,0.09846350268893973,0.3500000000000001,"ts_std(returns,3)",1.0,0.002063888788379466,0.0007223610759328133
h5,354,0.18339505557191968,-0.75,"sub(sub(ts_std(ts_std(returns,20),60),ts_std(sub(ts_std(beta",-1.0,0.003844135021632044,-0.002883101266224033
h5,359,0.18950257772705323,1.0,"sub(sub(sub(ts_std(beta120,60),ts_std(returns,20)),ts_max(re",1.0,0.003972154502521132,0.003972154502521132
h5,395,0.05572320950300646,-0.050000000000000044,"ts_std(slog(close),3)",1.0,0.0011680115393527806,-5.840057696763908e-05
h5,396,0.12053615162389342,0.25,"ts_std(neg(returns),5)",1.0,0.002526552531011121,0.0006316381327527802
h5,402,0.00796900690241079,-0.275,"ts_std(add(ts_min(volume,60),returns),5)",1.0,0.00016703797398273635,-4.59354428452525e-05
h5,425,0.02481691017177414,0.6000000000000001,"mul(ts_std(ts_slope(returns,244),3),ts_std(returns,20))",1.0,0.0005201860716610316,0.00031211164299661896
h5,431,0.08358366956695773,0.5,"mul(ts_std(mul(delay(entropy120,120),ts_argmin(open,60)),20)",1.0,0.0017519933152879352,0.0008759966576439676
h5,451,0.015272568477003937,-0.85,"div(abs(returns),abs(ts_er(volume,244)))",1.0,0.00032012758015551257,-0.0002721084431321857
h5,474,0.15258650959147402,0.0,"ts_decay_linear(ts_max(mul(returns,returns),3),5)",1.0,0.003198358557268487,0.0
h5,483,0.1822337629431274,-0.35,"abs(ts_std(ts_std(abs(returns),5),5))",1.0,0.003819793222171955,-0.0013369276277601842
h5,504,0.0886026882409867,0.44999999999999996,"ts_std(add(slog(close),delta(returns,10)),3)",1.0,0.0018571967265734364,0.0008357385269580462
h5,505,0.17082252302000023,0.44999999999999996,"ts_std(add(slog(slog(close)),ts_std(ts_std(slog(close),20),2",1.0,0.003580602765853811,0.0016112712446342149
h5,549,0.07621034305433462,-0.95,"ts_std(open,3)",1.0,0.001597441369573198,-0.001517569301094538
h5,634,0.3565168114144102,0.9,"add(div(close,ts_max(returns,20)),ts_sum(abs(low),20))",-1.0,0.0074729318971266945,0.006725638707414025
h5,662,0.20405730176897635,0.10000000000000009,"mul(ts_sum(ts_sum(ts_min(ts_zscore(high,244),244),40),40),ts",1.0,0.004277235379675997,0.00042772353796760007
h5,663,0.2067915103117911,0.44999999999999996,"sub(ts_corr(open,returns,40),ts_min(ema(returns,244),244))",1.0,0.0043345469946653005,0.001950546147599385
h5,794,0.15853077421451034,0.4750000000000001,"ema(abs(ts_tsi(ts_argmax(returns,40),5)),20)",1.0,0.0033229560048060047,0.0015784041022828526
h5,796,0.10621559585311914,0.3999999999999999,"ts_std(abs(returns),3)",1.0,0.0022263800438304076,0.0008905520175321629
h5,842,0.06574186749420782,-0.95,"ts_std(slog(open),3)",1.0,0.0013780121521480787,-0.0013091115445406747
h5,885,0.1824108201201696,-0.55,"ts_corr(slog(volume),sub(high,volume),244)",1.0,0.0038235045092237063,-0.0021029274800730387
h5,886,0.02324904770784465,-0.02499999999999991,"ts_decay_linear(ts_argmax(ts_std(add(ts_sum(entropy120,120),",-1.0,0.00048732218125843507,-1.2183054531460834e-05
h5,888,0.09665251699337822,0.75,ts_decay_linear(ts_argmax(ts_std(ts_argmax(ts_std(entropy120,1.0,0.002025928803502706,0.0015194466026270295
h5,892,0.017462047585429838,-0.925,"ts_decay_linear(ts_argmax(ts_std(add(beta120,ts_corr(amount,",1.0,0.00036602114742527496,-0.00033856956136837934
h5,962,0.1334394912726194,-0.19999999999999996,"div(ts_std(sub(sub(low,open),open),3),ts_min(low,10))",1.0,0.0027970188185835743,-0.0005594037637167147
h5,963,0.16759565988760305,0.0,"div(ts_sum(open,10),ts_min(low,10))",1.0,0.003512964641485748,0.0
h5,1003,0.23729211053103605,0.0,"div(ts_std(add(ts_std(add(high,high),20),high),20),low)",1.0,0.004973868622600999,0.0
h5,1005,0.25900644565898706,0.3999999999999999,"div(ts_std(ssqrt(amount),20),low)",1.0,0.005429021766596622,0.0021716087066386484
h5,1006,0.0935226519974388,-0.09999999999999998,"ts_sum(abs(returns),3)",1.0,0.001960323852451271,-0.00019603238524512704
h5,1008,0.030714147684824982,-0.19999999999999996,"div(ts_max(abs(abs(ts_std(high,20))),20),div(ts_std(add(ts_m",-1.0,0.0006437977861868406,-0.00012875955723736808
h5,1042,0.09652305349376954,0.3500000000000001,"ts_corr(ts_argmin(close,5),open,60)",1.0,0.0020232151252559463,0.0007081252938395813
h5,1081,0.1476692487977035,0.44999999999999996,"ts_std(slog(slog(sign(ts_mean(returns,3)))),20)",-1.0,0.003095288088062633,0.0013928796396281847
h5,1084,0.2088653480080262,0.44999999999999996,"ts_std(abs(mul(returns,ts_std(ts_er(close,10),60))),10)",1.0,0.004378016607804089,0.00197010747351184
h5,1087,0.28037387212534687,0.4,"neg(ts_std(ssqrt(slog(amount)),20))",-1.0,0.005876903374665766,0.0023507613498663063
h5,1120,0.11295190941617318,-0.9,"ts_std(abs(div(delta(ts_std(returns,5),10),ts_mean(ts_min(op",1.0,0.002367579591460938,-0.002130821632314844
h5,1124,0.16517742913828937,0.0,"ts_std(abs(div(delta(returns,244),ts_mean(open,244))),5)",1.0,0.00346227622197065,0.0
h5,1160,0.04105775551034517,-0.050000000000000044,"div(abs(ssqrt(delta(beta120,20))),div(ts_max(sub(high,low),5",-1.0,0.0008606096569764343,-4.303048284882176e-05
h5,1163,0.012926203461630627,-0.4,"div(sub(ts_max(sub(high,entropy120),5),close),close)",1.0,0.000270945534865357,-0.00010837821394614281
h5,1164,0.006871918100528331,0.75,"add(ts_max(delta(open,120),120),low)",-1.0,0.00014404194787938902,0.00010803146090954176
h5,1198,0.2135070591217138,0.9,"neg(div(div(ts_std(low,40),low),low))",-1.0,0.004475311293294821,0.004027780163965339
h5,1222,0.12201620346534871,0.44999999999999996,"add(add(low,entropy120),delay(low,244))",-1.0,0.0025575758271399423,0.001150909122212974
h5,1223,0.020749611823481586,-0.95,"ts_std(ts_er(open,10),20)",1.0,0.00043493162477674195,-0.00041318504353790483
h5,1255,0.1534076854332095,-0.95,"ts_std(ts_decay_linear(close,10),3)",1.0,0.003215571184960599,-0.0030547926257125687
h5,1256,0.18562956712370102,-0.050000000000000044,"div(ts_std(ema(close,10),5),ts_sum(sub(volume,amount),20))",-1.0,0.0038909725118013226,-0.0001945486255900663
h5,1257,0.1203810469745856,-0.8,"ts_std(ema(mul(high,ts_min(returns,120)),5),5)",1.0,0.00252330138984724,-0.002018641111877792
h5,1258,0.07367227181920499,-0.050000000000000044,"div(ts_std(ema(close,10),5),ema(mul(low,ts_argmin(ts_min(ent",1.0,0.0015442409793449425,-7.721204896724719e-05
h5,1259,0.20180128130101557,-0.25,"ts_std(ema(open,10),5)",1.0,0.004229947042139515,-0.0010574867605348788
h5,1260,0.1608072827177037,-0.09999999999999998,"ts_std(abs(returns),5)",1.0,0.0033706737910728043,-0.0003370673791072804
h5,1261,0.03866093711419628,0.5,"div(ts_std(ema(returns,10),5),ema(mul(low,ts_argmin(ts_min(r",1.0,0.0008103700607757903,0.0004051850303878951
h5,1291,0.17825027723807732,-0.65,"ts_std(low,10)",1.0,0.003736295568109256,-0.0024285921192710165
h5,1292,0.18945155871280733,1.0,"ts_std(ts_std(div(ts_decay_linear(high,60),high),10),10)",1.0,0.0039710850953944225,0.0039710850953944225
h5,1293,0.2764082648461079,0.25,"ts_argmax(mul(ts_sum(delay(entropy120,244),40),mul(ts_std(ts",-1.0,0.0057937804694346414,0.0014484451173586604
h5,1294,0.11902307913324536,-1.0,"ts_argmax(mul(ts_mean(ts_sum(beta120,5),244),add(ts_argmax(r",-1.0,0.002494837090627903,-0.002494837090627903
h5,1295,0.2516764309365594,0.19999999999999996,"ts_argmax(mul(high,mul(ts_sum(delay(entropy120,244),40),ts_s",-1.0,0.0052753776772524975,0.0010550755354504992
h5,1296,0.15752988182486252,-0.17500000000000004,"ts_std(ts_rank(high,3),10)",-1.0,0.003301976347116044,-0.0005778458607453078
h1_s42,29,0.04755381630460969,0.3500000000000001,"ts_std(returns,3)",1.0,0.0007828946087971947,0.00027401311307901824
h1_s42,31,0.004484350777448545,-0.9,"delay(abs(amt_ent),40)",1.0,7.382738800880747e-05,-6.644464920792672e-05
h1_s42,56,0.10450427231516254,0.25,"ts_std(returns,5)",1.0,0.0017204892845557754,0.00043012232113894385
h1_s42,173,0.020386495708380102,0.6,low,-1.0,0.0003356297942550361,0.00020137787655302163
h1_s42,188,0.06647509915711039,0.95,"slog(ts_std(ssqrt(ts_std(open,10)),3))",1.0,0.0010944021067835058,0.0010396820014443304
h1_s42,199,0.006437989882897903,0.3500000000000001,"abs(ts_std(ssqrt(returns),3))",1.0,0.00010599081130578088,3.709678395702331e-05
h1_s42,200,0.04206646323740799,0.30000000000000004,"ts_std(volume,5)",1.0,0.00069255445385862,0.00020776633615758605
h1_s42,220,0.018455626315466666,-0.09999999999999998,"abs(slog(ts_min(returns,5)))",1.0,0.00030384123645937276,-3.038412364593727e-05
h1_s42,235,0.013646345994004615,0.95,"ema(slog(ts_max(ssqrt(ts_argmin(amount,10)),10)),244)",-1.0,0.00022466442314645054,0.000213431201989128
h1_s42,236,0.058016081719269655,0.95,"ema(ts_min(ts_zscore(volume,40),20),3)",-1.0,0.0009551384332775582,0.0009073815116136802
h1_s42,262,0.062312976534428625,0.3999999999999999,"ts_std(ts_decay_linear(returns,3),3)",1.0,0.0010258796701912922,0.0004103518680765168
h1_s42,263,0.13561498809211223,-0.15000000000000002,"ts_std(ts_decay_linear(volume,3),3)",1.0,0.0022326755516174734,-0.0003349013327426211
h1_s42,265,0.05401465261735229,-0.85,"ts_std(ts_std(ts_mean(ts_std(volume,10),20),3),3)",1.0,0.0008892615486273637,-0.0007558723163332592
h1_s42,296,0.12659455032940328,-0.85,"ts_std(abs(ts_std(ts_decay_linear(returns,120),3)),3)",1.0,0.0020841690248609465,-0.0017715436711318044
h1_s42,298,0.06908169907181409,-0.19999999999999996,"ts_std(abs(limit_net),3)",1.0,0.0011373154453774251,-0.00022746308907548499
h1_s42,329,0.07678887281932728,0.3999999999999999,"ts_std(ts_sum(returns,10),20)",1.0,0.0012642012611727485,0.0005056805044690993
h1_s42,359,0.11242498174759626,0.55,"ts_std(open,20)",1.0,0.0018508906107664823,0.0010179898359215654
h1_s42,388,0.0796573275174144,-0.5,"ts_std(sub(sub(open,high),delay(ts_min(limit_net,244),5)),3)",1.0,0.0013114256038906159,-0.0006557128019453079
h1_s42,414,0.06976087757982319,-0.5,"abs(mul(mul(ts_std(returns,3),mul(ts_std(returns,5),ts_max(n",1.0,0.0011484969915424108,-0.0005742484957712054
h1_s42,415,0.06733614754028398,0.1499999999999999,"abs(mul(mul(ts_std(returns,5),sub(ts_std(returns,3),returns)",1.0,0.0011085778383963395,0.0001662866757594508
h1_s42,417,0.10646034663014646,-0.9,"abs(mul(ts_std(returns,5),ts_mean(ts_sum(nhnl,10),244)))",1.0,0.0017526927995333763,-0.0015774235195800386
h1_s42,459,0.15065526907070548,0.7749999999999999,"ts_max(returns,20)",1.0,0.002480288799259056,0.0019222238194257682
h1_s42,460,0.001949674441556853,0.8999999999999999,"slog(slog(ts_std(div(close,high),20)))",1.0,3.209815169043708e-05,2.8888336521393368e-05
h1_s42,462,0.08187404096750457,-0.6,"div(ts_std(returns,3),xskew)",1.0,0.001347920109362211,-0.0008087520656173266
h1_s42,623,0.020320115619187958,0.30000000000000004,"ts_sum(sub(ts_corr(low,disp,120),ts_sum(returns,120)),120)",1.0,0.0003345369563295346,0.00010036108689886039
h1_s42,648,0.03592287919902989,-0.75,"ts_std(ts_std(returns,3),5)",1.0,0.0005914105458380881,-0.00044355790937856607
h1_s42,649,0.13153440951219408,0.17500000000000004,"ts_min(neg(ts_std(limit_net,3)),3)",-1.0,0.002165495602262251,0.000378961730395894
h1_s42,650,0.023105674574975105,0.1499999999999999,"ts_std(ts_rank(limit_net,60),3)",1.0,0.0003803965583224267,5.7059483748363975e-05
h1_s42,679,0.11024235777608338,0.55,"ts_std(returns,10)",1.0,0.001814957331944372,0.0009982265325694047
h1_s42,705,0.059377512838125895,-0.55,"ts_std(slog(close),10)",1.0,0.0009775521356053345,-0.000537653674582934
h1_s42,708,0.10494423215504707,0.1499999999999999,"ts_slope(ts_std(sub(returns,volume),20),3)",1.0,0.0017277324926408327,0.00025915987389612475
h1_s42,737,0.037783509453882105,-0.8,"ts_std(high,5)",1.0,0.0006220427328776706,-0.0004976341863021365
h1_s42,795,0.06847216954167054,0.0,"ts_std(ts_mean(limit_net,3),3)",1.0,0.0011272805539610275,0.0
h1_s42,796,0.1178214287325782,0.5,"ts_std(ts_std(ts_decay_linear(ts_std(limit_net,3),10),3),3)",1.0,0.001939734148036754,0.000969867074018377
h1_s42,798,0.10988888737546176,-0.35,"ts_std(ts_std(limit_net,3),5)",1.0,0.0018091380288364272,-0.0006331983100927495
h1_s42,838,0.10363377764883312,0.55,"div(ssqrt(ts_decay_linear(low,3)),ssqrt(ts_sum(disp,5)))",-1.0,0.001706158035579025,0.0009383869195684637
h1_s42,872,0.08745588688253335,-0.85,"ts_std(close,5)",1.0,0.0014398159321079675,-0.0012238435422917723
h1_s42,873,0.08269242178760185,0.050000000000000044,"ts_std(ts_std(ts_std(limit_net,3),3),3)",1.0,0.0013613933904106361,6.806966952053187e-05
h1_s42,907,0.0440344852771569,0.25,"ts_decay_linear(div(abs(returns),beta120),10)",1.0,0.000724954668281876,0.000181238667070469
h1_s42,908,0.003260691218278446,0.02499999999999991,"sub(ts_argmax(beta120,3),delay(add(ts_min(low,120),ts_rank(n",1.0,5.368186560234274e-05,1.3420466400585639e-06
h1_s42,909,0.09487351984616468,-0.95,"ts_std(open,10)",1.0,0.0015619349397616264,-0.001483838192773545
h1_s42,912,0.06781210436726773,-0.8,"ts_zscore(ts_max(disp,5),244)",1.0,0.001116413677090734,-0.0008931309416725874
h1_s42,914,0.04418376420995608,0.8500000000000001,"delta(ts_std(returns,20),120)",1.0,0.0007274122979902229,0.0006183004532916895
h1_s42,942,0.07281148674495899,0.1499999999999999,"ts_sum(abs(returns),5)",1.0,0.0011987202050408533,0.0001798080307561279
h1_s42,943,0.12444215335110788,0.5,"div(beta120,ts_max(ts_sum(abs(returns),5),10))",-1.0,0.0020487333832816296,0.0010243666916408148
h1_s42,944,0.054212244472111926,-0.8,"ts_argmin(ts_mean(disp,10),10)",1.0,0.0008925145703584202,-0.0007140116562867362
h1_s42,945,0.10497018005698038,-0.050000000000000044,"ts_std(amount,5)",1.0,0.001728159681752282,-8.640798408761417e-05
h1_s42,983,0.0336710646878646,0.25,"ts_std(limit_net,10)",1.0,0.0005543381596912017,0.00013858453992280042
h1_s42,1019,0.08745588688253335,-0.85,"abs(ts_std(close,5))",1.0,0.0014398159321079675,-0.0012238435422917723
h1_s42,1020,0.01901803823387467,0.3500000000000001,"ts_std(ts_std(ts_std(ts_std(ts_std(returns,5),5),5),5),5)",1.0,0.0003131004146507608,0.0001095851451277663
h1_s42,1021,0.16534354814023292,0.7749999999999999,"slog(ts_max(returns,10))",1.0,0.002722106920067312,0.0021096328630521664
h1_s42,1074,0.08518203696180127,-0.95,"ts_decay_linear(ts_std(high,3),10)",1.0,0.0014023807695386385,-0.0013322617310617066
h1_s42,1075,0.03592287919902989,-0.75,"ts_std(abs(ts_std(returns,3)),5)",1.0,0.0005914105458380881,-0.00044355790937856607
h1_s42,1077,0.08745588688253335,-0.85,"ts_std(abs(close),5)",1.0,0.0014398159321079675,-0.0012238435422917723
h1_s42,1078,0.09517928976642091,0.19999999999999996,"ts_std(abs(ssqrt(amount)),5)",1.0,0.0015669689336805911,0.0003133937867361182
h1_s42,1122,0.1893733112068435,-0.725,"ts_max(ts_std(close,3),5)",1.0,0.0031177170606923395,-0.002260344869001946
h1_s42,1124,0.11383440975274581,0.02499999999999991,"ts_max(ts_std(limit_net,3),5)",1.0,0.001874094502114576,4.6852362552864234e-05
h1_s42,1126,0.16534354814023292,0.725,"ts_min(neg(returns),10)",-1.0,0.002722106920067312,0.001973527517048801
h1_s42,1127,0.13678985126307378,0.7250000000000001,"ts_max(ts_max(abs(ssqrt(returns)),3),10)",1.0,0.002252017722532387,0.0016327128488359808
h1_s42,1174,0.11598447685194464,-0.10000000000000009,"neg(ts_std(limit_net,5))",-1.0,0.0019094917861039963,-0.0001909491786103998
h1_s42,1175,0.05178833445734307,-0.95,"neg(ts_std(high,10))",-1.0,0.000852608917558308,-0.0008099784716803926
h1_s42,1176,0.037783509453882105,-0.8500000000000001,"neg(ts_std(high,5))",-1.0,0.0006220427328776706,-0.0005287363229460201
h1_s42,1177,0.10497018005698038,-0.10000000000000009,"neg(ts_std(amount,5))",-1.0,0.001728159681752282,-0.00017281596817522835
h1_s42,1178,0.1092367025569278,0.6499999999999999,"ema(ts_std(ts_std(limit_net,5),5),5)",1.0,0.001798400888937939,0.0011689605778096603
h1_s42,1179,0.13940296973939198,-0.95,"ts_std(ts_std(low,5),5)",1.0,0.0022950383784173605,-0.0021802864594964925
h1_s42,1224,0.15774858251800497,-0.65,"ts_std(ts_decay_linear(returns,5),5)",1.0,0.002597068424701254,-0.001688094476055815
h1_s42,1226,0.10105737158240989,-0.55,"ts_std(ema(volume,10),5)",1.0,0.0016637417885515574,-0.0009150579837033567
h1_s42,1227,0.1462611506987526,-0.85,"ts_std(ts_std(close,3),5)",1.0,0.0024079469379501214,-0.0020467548972576033
h1_s42,1228,0.08159576976988255,0.44999999999999996,"ts_std(div(ts_std(returns,5),ts_rank(limit_net,244)),5)",1.0,0.0013433388362419569,0.0006045024763088805
h1_s42,1229,0.15035502757828512,-0.8,"ts_std(ts_std(high,5),3)",1.0,0.0024753458217228797,-0.0019802766573783037
h1_s42,1230,0.05845574741970151,-0.7,"slog(ts_std(ts_std(close,5),5))",1.0,0.0009623767988450295,-0.0006736637591915206
h1_s42,1269,0.11598447685194464,-0.050000000000000044,"slog(ts_std(limit_net,5))",1.0,0.0019094917861039963,-9.54745893051999e-05
h1_s42,1270,0.1286524823260458,-0.65,"ts_std(mul(ssqrt(open),delta(returns,60)),5)",1.0,0.0021180494574033607,-0.0013767321473121845
h1_s42,1271,0.08643469539899828,0.75,"ts_std(ts_std(sub(open,high),5),5)",1.0,0.0014230037103109187,0.0010672527827331891
h1_s42,1273,0.03043784966136361,-0.9,"slog(ts_std(sub(open,high),5))",1.0,0.0005011086439544314,-0.0004509977795589883
h1_s42,1311,0.12733327918656032,-0.050000000000000044,"ts_std(ts_zscore(add(returns,ts_zscore(returns,10)),244),20)",1.0,0.0020963309686243352,-0.00010481654843121686
h1_s42,1314,0.060630991060039455,-0.5,"ts_std(ts_zscore(close,244),10)",1.0,0.0009981885727714868,-0.0004990942863857434
h1_s42,1315,0.09703392387468264,-0.75,"ts_std(slog(close),5)",1.0,0.0015975024041248705,-0.0011981268030936529
h1_s42,1316,0.0487503206618512,-0.6,"ts_std(ts_tsi(nhnl,10),40)",1.0,0.0008025930659028535,-0.0004815558395417121
h1_s42,1317,0.13505807032534162,0.5,"ts_std(abs(returns),20)",1.0,0.002223506825508191,0.0011117534127540955
h1_s42,1318,0.14988430941825165,0.6499999999999999,"ts_std(ts_zscore(returns,10),40)",1.0,0.002467596228979523,0.0016039375488366898
h1_s42,1319,0.060845111436906435,0.10000000000000009,"ts_std(ts_zscore(ts_tsi(returns,10),244),10)",1.0,0.0010017137091687214,0.00010017137091687222
h1_s42,1320,0.0764045393249983,-0.55,"ts_zscore(add(returns,ts_tsi(ts_std(returns,5),10)),244)",1.0,0.0012578738484838707,-0.0006918306166661289
h1_s42,1365,0.035294373509258604,-0.6,"ts_std(mul(ts_slope(close,10),ts_slope(ts_std(returns,3),3))",1.0,0.0005810632434687386,-0.00034863794608124314
h1_s42,1366,0.11568556369257937,-0.09999999999999998,"ts_std(mul(ts_min(returns,3),mul(ts_mean(mul(beta120,beta120",1.0,0.0019045706773654968,-0.00019045706773654963
h1_s42,1367,0.07747949365653496,0.10000000000000009,"ts_std(mul(limit_net,ts_std(ts_std(returns,3),3)),3)",1.0,0.0012755711862847418,0.0001275571186284743
h1_s42,1368,0.07643246176764852,-0.55,"ts_std(mul(ts_std(beta120,3),mul(ts_mean(ts_mean(limit_net,2",1.0,0.0012583335451289365,-0.0006920834498209151
h1_s42,1369,0.056174893193358374,-0.5,"ts_std(mul(ts_slope(close,10),limit_net),3)",1.0,0.0009248263220164591,-0.00046241316100822954
h1_s42,1370,0.09420082103457834,-0.6,"ts_std(ts_std(mul(ts_slope(close,10),ts_slope(limit_net,3)),",1.0,0.0015508600710368598,-0.0009305160426221158
h1_s42,1371,0.021723913674225246,-0.75,"ts_std(mul(ts_slope(close,10),ts_slope(high,3)),3)",1.0,0.0003576481598991658,-0.00026823611992437434
h1_s42,1372,0.09443171577895208,0.6000000000000001,"ts_std(mul(delay(returns,3),ts_std(mul(amt_ent,limit_net),3)",1.0,0.0015546613695364775,0.0009327968217218867
h1_s42,1373,0.09421582075035945,-0.55,"ts_std(mul(ts_slope(close,10),mul(ts_er(ts_max(close,60),60)",1.0,0.0015511070164458947,-0.0008531088590452422
h1_s42,1374,0.1568314006428687,0.0,"ts_std(mul(ts_std(returns,3),mul(ts_min(breadth,120),ts_std(",1.0,0.0025819685483689085,0.0
h1_s42,1375,0.05928547217326421,-0.19999999999999996,"ts_std(mul(ts_slope(delta(amt_ent,5),10),ts_slope(limit_net,",1.0,0.0009760368389181297,-0.0001952073677836259
h1_s42,1376,0.12871879237806974,0.050000000000000044,"ts_std(mul(ts_mean(mul(beta120,breadth),20),mul(ts_mean(beta",1.0,0.0021191411422832045,0.00010595705711416031
h1_s42,1377,0.08781622269495681,0.050000000000000044,"ts_std(mul(ts_std(high,3),mul(delay(limit_net,20),ts_std(lim",1.0,0.0014457482628192578,7.228741314096296e-05
h1_s42,1378,0.17244484696817838,0.3500000000000001,"ts_std(mul(ts_std(disp,3),ts_std(mul(amt_ent,limit_net),3)),",1.0,0.0028390180115398463,0.0009936563040389465
h1_s42,1379,0.11885407530076768,-0.30000000000000004,"ts_min(mul(ts_slope(close,10),ts_slope(limit_net,3)),5)",-1.0,0.0019567349587782065,-0.000587020487633462
h1_s42,1380,0.09616368201102003,0.25,"ts_std(mul(ts_std(returns,3),mul(ts_mean(beta120,20),returns",1.0,0.0015831753171241783,0.0003957938292810446
h1_s42,1416,0.04363374181964145,-0.8,"ts_std(ema(ts_slope(returns,5),120),5)",1.0,0.0007183570928025515,-0.0005746856742420412
h1_s42,1417,0.14064704159089972,-1.0,"sub(neg(disp),ts_std(abs(sub(ts_argmax(amount,20),ts_std(low",-1.0,0.0023155199553167387,-0.0023155199553167387
h1_s42,1418,0.1471095925709791,-0.09999999999999998,"ts_std(mul(limit_net,ts_er(low,5)),5)",1.0,0.002421915124296914,-0.00024219151242969134
h1_s42,1419,0.14085717346662793,-0.9,"ts_std(ts_std(high,3),5)",1.0,0.0023189794276667654,-0.002087081484900089
h1_s42,1420,0.07830239605259469,-0.7,"ts_std(ts_zscore(close,120),5)",1.0,0.0012891189075720235,-0.0009023832353004164
h1_s42,1421,0.10352771771116615,0.6000000000000001,"ts_std(ts_std(ts_std(limit_net,5),3),5)",1.0,0.001704411934848077,0.0010226471609088464
h1_s42,1422,0.0721186565104374,-0.44999999999999996,"ts_std(ts_std(returns,5),5)",1.0,0.0011873139058714201,-0.0005342912576421391
h1_s42,1423,0.05424099384078571,0.65,"neg(slog(ts_std(ts_max(sub(high,open),5),5)))",-1.0,0.0008929878809671178,0.0005804421226286266
h1_s42,1453,0.079411277535692,0.0,"ts_std(mul(ssqrt(ssqrt(limit_net)),ts_std(open,10)),5)",1.0,0.001307374799577641,0.0
h1_s42,1454,0.040342888248162796,-0.09999999999999998,"ts_std(slog(mul(mul(ssqrt(limit_net),ts_std(open,3)),ts_std(",1.0,0.0006641786541479469,-6.641786541479467e-05
h1_s42,1455,0.1043793772619698,0.6499999999999999,"ts_std(ssqrt(mul(limit_net,ts_std(ts_std(open,120),3))),5)",1.0,0.0017184330949287705,0.0011169815117037006
h1_s42,1456,0.06024069435077132,0.30000000000000004,"ts_std(mul(ssqrt(limit_net),ts_std(breadth,3)),5)",1.0,0.000991762985652253,0.0002975288956956759
h1_s42,1457,0.09357565765365693,0.10000000000000009,"ts_std(ssqrt(mul(limit_net,ts_std(beta120,3))),5)",1.0,0.0015405677942318674,0.00015405677942318687
h1_s42,1459,0.1099137350370488,0.0,"ts_std(ssqrt(mul(limit_net,ts_std(skew120,5))),5)",1.0,0.0018095471043178375,0.0
h1_s42,1460,0.05845574741970151,-0.7,"ts_std(ts_std(abs(close),5),5)",1.0,0.0009623767988450295,-0.0006736637591915206
h1_s42,1461,0.06159412935450318,1.0,"ts_std(ssqrt(div(limit_net,ts_std(open,3))),5)",1.0,0.0010140450452243335,0.0010140450452243335
h1_s42,1462,0.09690515134995267,-0.44999999999999996,"ts_std(mul(ssqrt(disp),ts_std(open,3)),5)",1.0,0.001595382378368651,-0.0007179220702658929
h1_s42,1463,0.13462811573398706,0.8500000000000001,"ts_std(mul(ssqrt(limit_net),ts_std(ts_std(limit_net,5),5)),5",1.0,0.0022164283372236144,0.0018839640866400724
h1_s42,1465,0.11946510804640201,-0.30000000000000004,"ts_std(mul(ssqrt(limit_net),ts_argmax(abs(breadth),10)),5)",1.0,0.001966794598141142,-0.0005900383794423428
h1_s42,1466,0.031391958834301265,-0.75,"ts_std(mul(ssqrt(limit_net),ts_zscore(open,10)),5)",1.0,0.0005168164669167797,-0.00038761235018758473
h1_s137,31,0.15040845282867255,0.25,"ts_std(abs(ts_decay_linear(returns,10)),5)",1.0,0.003929338103711,0.00098233452592775
h1_s137,33,0.023471907336631345,-0.44999999999999996,"ema(div(high,low),5)",1.0,0.0006131906693412751,-0.00027593580120357375
h1_s137,62,0.0838252563937903,0.55,"ts_std(div(returns,volume),10)",1.0,0.002189888718399706,0.0012044387951198384
h1_s137,65,0.03262418733708179,0.35,"add(ts_argmax(ts_std(close,60),10),mul(limit_net,ts_argmax(b",-1.0,0.0008522889504901822,0.00029830113267156373
h1_s137,81,0.05856468979750823,0.050000000000000044,"ts_std(ts_sum(slog(returns),3),10)",1.0,0.0015299703096839235,7.649851548419625e-05
h1_s137,84,0.12016422200475041,-0.10000000000000009,"slog(ts_corr(limit_net,limit_net,5))",-1.0,0.0031392242081227234,-0.0003139224208122726
h1_s137,130,0.04288322370396756,-0.6499999999999999,"ts_min(returns,10)",-1.0,0.0011203006329830463,-0.00072819541143898
h1_s137,199,0.07285040311284581,0.3999999999999999,"mul(ts_std(returns,3),ts_std(sub(ts_slope(skew120,244),delay",1.0,0.0019031767127348747,0.0007612706850939498
h1_s137,200,0.14459710654757282,-0.6,"mul(ts_std(returns,3),ts_std(sub(ts_slope(skew120,244),ts_er",1.0,0.003777519878426847,-0.0022665119270561082
h1_s137,201,0.020081891146333276,0.5,"mul(ts_std(returns,3),ts_std(sub(ts_slope(skew120,244),delay",1.0,0.0005246283609189648,0.0002623141804594824
h1_s137,222,0.003192346131816145,0.1499999999999999,"ts_std(ts_rank(returns,60),3)",1.0,8.339828686535333e-05,1.2509743029802992e-05
h1_s137,253,0.06959149592292864,0.1499999999999999,"mul(mul(ts_std(disp,5),ts_std(returns,3)),ts_std(ts_decay_li",1.0,0.0018180395548360057,0.0002727059332254007
h1_s137,256,0.04793892938217478,-0.55,"mul(ts_std(returns,5),ts_std(ts_decay_linear(ts_std(ts_decay",1.0,0.0012523781631279525,-0.000688807989720374
h1_s137,288,0.16013844811166766,0.825,"ts_sum(ts_max(returns,20),3)",1.0,0.00418352887886611,0.0034514113250645405
h1_s137,363,0.11024235777608338,0.55,"ts_std(returns,10)",1.0,0.0028800209622921375,0.0015840115292606758
h1_s137,416,0.0002802451383215419,-0.25,"ts_std(ts_rank(div(returns,xskew),10),3)",1.0,7.321250100490865e-06,-1.8303125251227163e-06
h1_s137,417,0.019715738200872735,0.44999999999999996,"ts_min(ts_std(returns,5),5)",1.0,0.0005150628166072834,0.0002317782674732775
h1_s137,446,0.11254142094625401,-0.85,"mul(abs(returns),ts_max(ts_slope(ts_max(returns,120),3),120)",1.0,0.002940082723100756,-0.0024990703146356426
h1_s137,473,0.08440277422364367,0.3999999999999999,"ts_std(ssqrt(neg(returns)),5)",1.0,0.00220497605406295,0.0008819904216251798
h1_s137,475,0.10410282112488253,0.6000000000000001,"ts_std(slog(open),20)",1.0,0.0027196289440976993,0.0016317773664586198
h1_s137,478,0.0197485161513453,0.55,"ts_std(ssqrt(limit_net),3)",1.0,0.0005159191225351166,0.00028375551739431414
h1_s137,499,0.010263129893668918,-0.875,"ts_max(ts_min(close,244),244)",-1.0,0.0002681186236285855,-0.0002346037956750123
h1_s137,500,0.028189620059207124,0.3500000000000001,"delay(ts_min(ts_tsi(delay(amount,60),244),60),5)",1.0,0.0007364383194204556,0.0002577534117971595
h1_s137,501,0.10605069280431545,0.050000000000000044,"ts_std(ts_decay_linear(amount,5),5)",1.0,0.0027705160203702925,0.00013852580101851475
h1_s137,503,0.05736769603165519,0.25,"delta(ts_tsi(skew120,3),10)",1.0,0.0014986995059118214,0.00037467487647795534
h1_s137,504,0.08289099930799254,-0.4,"ts_tsi(skew120,3)",1.0,0.0021654817658857493,-0.0008661927063542997
h1_s137,526,0.14276138660355012,-0.5,"ts_std(mul(ts_std(open,5),ts_std(returns,5)),5)",1.0,0.0037295627045570573,-0.0018647813522785286
h1_s137,580,0.13021083753432633,0.675,"ts_mean(ts_argmax(returns,40),10)",-1.0,0.003401686513074855,0.002296138396325527
h1_s137,583,0.16922001690632743,-0.19999999999999996,"ts_std(abs(abs(ema(neg(breadth),5))),5)",1.0,0.00442077986865574,-0.0008841559737311478
h1_s137,585,0.053298580399108446,0.25,"ts_std(abs(ts_decay_linear(abs(returns),5)),5)",1.0,0.0013923960980735354,0.00034809902451838384
h1_s137,611,0.03973382532956058,0.19999999999999996,"add(ts_slope(entropy120,5),ts_std(returns,5))",1.0,0.00103802433265823,0.00020760486653164596
h1_s137,637,0.0063653857689090175,-0.7,"ts_std(div(div(div(close,ts_mean(close,10)),ts_decay_linear(",1.0,0.00016629220217486288,-0.000116404541522404
h1_s137,677,0.08266488319796757,0.55,"ts_mean(mul(ts_std(returns,3),disp),5)",1.0,0.0021595746068778965,0.001187766033782843
h1_s137,679,0.013372294644576045,0.2749999999999999,"ts_max(ts_tsi(disp,10),20)",1.0,0.0003493438426684396,9.606955673382086e-05
h1_s137,682,0.01690102117039125,0.25,"ssqrt(ts_max(div(open,low),10))",1.0,0.00044152988231380055,0.00011038247057845014
h1_s137,707,0.0336710646878646,0.25,"ts_std(limit_net,10)",1.0,0.0008796380454843881,0.00021990951137109704
h1_s137,708,0.10988888737546176,-0.35,"ts_std(ts_std(limit_net,3),5)",1.0,0.0028707867424888223,-0.0010047753598710879
h1_s137,709,0.08745588688253335,-0.85,"ts_std(close,5)",1.0,0.0022847369430281654,-0.0019420264015739405
h1_s137,741,0.12465898588215676,0.8,"mul(nhnl,ts_corr(amt_ent,volume,244))",1.0,0.0032566474422463694,0.0026053179537970958
h1_s137,766,0.0455125335420697,0.0,"ts_std(ts_rank(limit_net,20),5)",1.0,0.0011889899063517798,0.0
h1_s137,806,0.11519168977003898,0.3999999999999999,"ts_std(sub(limit_net,disp),5)",1.0,0.003009319538442762,0.0012037278153771045
h1_s137,809,0.06642064624295621,-0.15000000000000002,"mul(entropy120,ts_std(sub(limit_net,amt_ent),5))",1.0,0.0017352028509517654,-0.00026028042764276484
h1_s137,810,0.029414019373530456,-0.85,"ts_std(div(limit_net,xskew),5)",1.0,0.0007684250780729663,-0.0006531613163620213
h1_s137,840,0.16103240093327661,-0.8,"ts_std(ema(ema(returns,3),3),5)",1.0,0.004206882904645958,-0.003365506323716767
h1_s137,842,0.037783509453882105,-0.8,"ts_std(high,5)",1.0,0.0009870734031030592,-0.0007896587224824474
h1_s137,843,0.13323937796674343,-0.19999999999999996,"ts_std(ema(amount,3),5)",1.0,0.003480805466138491,-0.0006961610932276981
h1_s137,886,0.059921973359724705,0.3500000000000001,"ts_decay_linear(ema(ssqrt(ts_sum(abs(returns),3)),3),5)",1.0,0.0015654285962247256,0.0005479000086786541
h1_s137,887,0.05178833445734307,-0.9,"sub(ts_std(high,10),ema(disp,20))",1.0,0.0013529417534981463,-0.0012176475781483318
h1_s137,888,0.030201273354302696,0.44999999999999996,"div(ts_std(limit_net,3),abs(skew120))",1.0,0.0007889916553215879,0.0003550462448947145
h1_s137,889,0.04484463552023141,0.30000000000000004,"div(ts_std(mul(entropy120,limit_net),10),close)",1.0,0.0011715414378831105,0.0003514624313649332
h1_s137,890,0.0204408671191497,-0.7,"div(ts_std(limit_net,3),xskew)",1.0,0.000534006410767739,-0.00037380448753741727
h1_s137,931,0.09487351984616468,-0.95,"ts_std(open,10)",1.0,0.0024785185244166758,-0.002354592598195842
h1_s137,957,0.1849282238681399,0.0,"ts_std(ts_decay_linear(mul(amt_ent,amount),5),3)",1.0,0.004831148135832422,0.0
h1_s137,958,0.10433780751625782,1.0,"ts_std(open,40)",1.0,0.0027257678343270684,0.0027257678343270684
h1_s137,989,0.08259957418363244,-0.5,"div(ts_std(limit_net,5),breadth)",1.0,0.002157868444799126,-0.001078934222399563
h1_s137,990,0.0714121868936269,0.3999999999999999,"slog(ts_mean(ts_std(returns,5),3))",1.0,0.001865604105043808,0.000746241642017523
h1_s137,991,0.05153755846096384,-0.95,"slog(ts_mean(ts_std(open,5),3))",1.0,0.0013463903685225198,-0.0012790708500963939
h1_s137,992,0.10497018005698038,-0.050000000000000044,"ts_std(amount,5)",1.0,0.0027422882191410268,-0.00013711441095705146
h1_s137,993,0.07799110134821133,-0.19999999999999996,"div(ts_std(returns,5),ts_std(limit_net,5))",-1.0,0.0020374746266886242,-0.00040749492533772474
h1_s137,994,0.05845574741970151,-0.7,"ts_std(ts_std(close,5),5)",1.0,0.0015271242499833267,-0.0010689869749883286
h1_s137,1026,0.1425552632069855,0.0,"ts_std(neg(ts_std(ssqrt(limit_net),3)),3)",1.0,0.0037241778441921267,0.0
h1_s137,1027,0.03685674677821925,0.5,"ts_std(add(returns,close),20)",1.0,0.0009628622379318619,0.00048143111896593096
h1_s137,1028,0.034051066283658726,1.0,"ts_max(ts_std(neg(delta(disp,10)),3),20)",1.0,0.0008895653781691121,0.0008895653781691121
h1_s137,1061,0.07432937857051583,-0.7,"ts_std(ts_std(low,3),3)",1.0,0.0019418141331124109,-0.0013592698931786875
h1_s137,1062,0.0418318348720487,-1.0,"div(ts_argmax(skew120,3),sub(amount,breadth))",-1.0,0.0010928336780255293,-0.0010928336780255293
h1_s137,1097,0.057373100312027504,0.44999999999999996,"ts_std(ts_std(returns,5),10)",1.0,0.00149884068976413,0.0006744783103938584
h1_s137,1098,0.16534354814023292,0.7749999999999999,"ts_max(returns,10)",1.0,0.004319509254245449,0.003347619672040223
h1_s137,1099,0.06420574388872935,0.44999999999999996,"ts_std(ts_mean(neg(volume),3),5)",1.0,0.0016773397451702284,0.0007548028853266027
h1_s137,1136,0.12062865107441868,-0.7,"ts_std(ts_std(open,5),5)",1.0,0.003151357162126295,-0.0022059500134884065
h1_s137,1137,0.10391242754166363,0.65,"ts_argmax(div(amount,disp),5)",-1.0,0.0027146550164548412,0.001764525760695647
h1_s137,1152,0.023610266481504095,-0.19999999999999996,"ts_std(add(abs(limit_net),ts_decay_linear(ts_max(entropy120,",1.0,0.0006168052259019004,-0.00012336104518038005
h1_s137,1153,0.13322803248616158,-0.30000000000000004,"abs(div(close,abs(high)))",-1.0,0.00348050907169844,-0.001044152721509532
h1_s137,1154,0.09360804936829911,0.44999999999999996,"ts_std(ts_std(ts_std(ts_decay_linear(amount,20),3),3),3)",1.0,0.0024454588042062526,0.0011004564618928136
h1_s137,1155,0.1030378709330419,0.44999999999999996,"ts_max(ts_std(ts_decay_linear(high,20),3),3)",1.0,0.002691807706071135,0.0012113134677320108
h1_s137,1190,0.05310139482170201,-0.95,"ts_std(mul(open,entropy120),10)",1.0,0.0013872447333182051,-0.0013178824966522948
h1_s137,1191,0.03841010642245502,-0.35,"delta(ts_std(open,10),20)",1.0,0.0010034429042712408,-0.00035120501649493427
h1_s137,1192,0.006224296178815061,-0.65,"ts_std(ts_tsi(close,60),10)",1.0,0.000162606314234611,-0.00010569410425249715
h1_s137,1225,0.11818860017586516,0.0,"ts_std(ts_std(mul(limit_net,volume),3),3)",1.0,0.0030876121744586008,0.0
h1_s137,1226,0.16117022748571194,-0.9,"ts_max(mul(ts_std(ts_std(low,5),3),ts_std(returns,20)),3)",1.0,0.0042104835475220885,-0.0037894351927698798
h1_s137,1227,0.0598644439736538,0.8500000000000001,"ts_std(mul(limit_net,mul(ts_max(ts_std(low,5),244),ts_std(lo",1.0,0.00156392567265547,0.0013293368217571497
h1_s137,1228,0.11084837761228024,0.0,"ema(ts_max(mul(returns,returns),3),3)",1.0,0.0028958528971946627,0.0
h1_s137,1229,0.07557482339687044,-0.025000000000000022,"ts_max(mul(limit_net,returns),3)",1.0,0.0019743506941914566,-4.935876735478646e-05
h1_s137,1230,0.04099781424555447,-0.19999999999999996,"ts_max(mul(ts_max(ts_std(low,5),3),ts_argmin(ts_tsi(beta120,",1.0,0.001071045347879632,-0.00021420906957592635
h1_s137,1231,0.09151558661155033,-0.75,"ts_max(ts_std(low,5),3)",1.0,0.0023907943655655955,-0.0017930957741741967
h1_s137,1232,0.02602320039789389,0.19999999999999996,"ts_min(mul(returns,abs(limit_net)),10)",-1.0,0.0006798417973252293,0.00013596835946504582
h5_s42,47,0.05868799216561192,0.4,"sub(sub(ts_argmax(ts_rank(ts_max(low,244),20),40),low),sub(r",-1.0,0.0014160783048354742,0.0005664313219341898
h5_s42,141,0.07188386803676992,-0.95,"ts_max(ts_max(ts_slope(slog(volume),20),120),5)",1.0,0.0017344806362990818,-0.0016477566044841277
h5_s42,169,0.10597989103454947,-0.02499999999999991,"ts_max(close,244)",-1.0,0.0025571811013631787,-6.392952753407924e-05
h5_s42,229,0.1375227890470819,-0.95,"ts_std(abs(delta(high,244)),5)",1.0,0.0033182773989011583,-0.0031523635289561003
h5_s42,317,0.07552977369295842,0.75,"ts_min(ema(ts_std(returns,3),5),20)",1.0,0.0018224524293472457,0.0013668393220104343
h5_s42,320,0.09846350268893973,0.3500000000000001,"ts_std(returns,3)",1.0,0.002375818712326246,0.0008315365493141864
h5_s42,339,0.18306768603615312,0.95,"ts_mean(ssqrt(add(abs(returns),sign(ts_mean(limit_net,244)))",1.0,0.0044172269138239234,0.004196365568132727
h5_s42,342,0.10142723336054024,0.10000000000000009,"add(abs(disp),abs(abs(ts_mean(returns,20))))",1.0,0.00244733035466674,0.0002447330354666742
h5_s42,343,0.0754212645104798,-0.4,"div(abs(returns),xskew)",1.0,0.001819834219156142,-0.0007279336876624569
h5_s42,369,0.2052789405985301,0.3999999999999999,"ts_std(mul(ts_std(open,20),ts_max(nhnl,120)),5)",1.0,0.00495316066361388,0.0019812642654455513
h5_s42,394,0.05472414867964661,-0.85,"abs(mul(div(ts_slope(delay(nhnl,244),40),ts_argmax(delay(dis",1.0,0.0013204350129607204,-0.0011223697610166124
h5_s42,397,0.1545281268104806,-0.44999999999999996,"abs(mul(div(ts_slope(close,40),ts_argmax(delay(returns,244),",1.0,0.0037285979599657507,-0.0016778690819845878
h5_s42,430,0.32716042337872026,0.7749999999999999,"ts_max(returns,20)",1.0,0.007894030118461862,0.006117873341807942
h5_s42,455,0.11822993018797505,-0.35,"mul(ts_max(nhnl,120),ts_std(returns,3))",1.0,0.0028527614072901466,-0.0009984664925515513
h5_s42,456,0.20183086948190926,0.0,"mul(ts_std(returns,20),add(delay(nhnl,120),ts_std(nhnl,20)))",1.0,0.004869962405816987,0.0
h5_s42,457,0.13833988876084893,0.3500000000000001,"add(delay(nhnl,120),add(add(ssqrt(ts_std(returns,20)),ssqrt(",1.0,0.0033379931386096767,0.001168297598513387
h5_s42,458,0.11640182032311029,-0.75,"add(delay(nhnl,120),add(ssqrt(ts_std(returns,20)),ts_std(ssq",1.0,0.0028086510770000002,-0.00210648830775
h5_s42,460,0.185742260278313,0.5,"add(ts_std(nhnl,3),ssqrt(mul(ts_std(returns,20),slog(ts_std(",1.0,0.004481761521658295,0.0022408807608291473
h5_s42,508,0.01435241513387066,0.050000000000000044,"ts_corr(ts_decay_linear(mul(disp,entropy120),120),ts_sum(bet",-1.0,0.0003463083834204751,1.731541917102377e-05
h5_s42,854,0.1443555039232374,-0.30000000000000004,"ts_slope(disp,10)",1.0,0.003483143480397806,-0.0010449430441193419
h5_s42,905,0.04076920925811989,-1.0,"div(low,high)",-1.0,0.0009837172921643975,-0.0009837172921643975
h5_s42,979,0.0534672015419432,-0.1499999999999999,"delay(add(nhnl,div(ts_min(volume,20),disp)),3)",-1.0,0.0012901062266733306,-0.00019351593400099946
h5_s42,981,0.09752788010285957,-0.15000000000000002,"add(ts_slope(disp,10),delay(ts_slope(disp,60),60))",1.0,0.002353243142831154,-0.0003529864714246732
h5_s42,982,0.2035442672422509,-0.75,"ts_zscore(ema(disp,5),40)",1.0,0.004911304856060074,-0.0036834786420450556
h5_s42,1018,0.04583426845234707,0.675,"neg(ts_max(abs(slog(returns)),20))",-1.0,0.0011059317379646966,0.0007465039231261703
h5_s42,1041,0.09440355934420995,-0.44999999999999996,"ts_rank(ts_rank(delta(ema(disp,60),5),60),60)",1.0,0.0022778566339319247,-0.001025035485269366
h5_s42,1042,0.10072130381732092,-0.85,"ts_rank(delta(ema(delta(ema(disp,60),20),60),5),60)",1.0,0.0024302970319373756,-0.0020657524771467693
h5_s42,1043,0.17744822107368016,-0.6000000000000001,"ts_max(div(delay(open,20),disp),5)",-1.0,0.0042816352514667335,-0.0025689811508800404
h5_s42,1044,0.21581609369939794,-0.95,"ema(ts_zscore(disp,10),60)",1.0,0.005207410866257751,-0.004947040322944863
h5_s42,1045,0.07872833039251771,-0.8500000000000001,"ema(ts_zscore(div(delay(ts_max(disp,5),20),disp),10),60)",-1.0,0.0018996301718784692,-0.001614685646096699
h5_s42,1046,0.12688176171500987,0.8500000000000001,"delta(ts_mean(disp,5),5)",1.0,0.003061520822469193,0.0026022926990988144
h5_s42,1048,0.09637935698272324,0.1499999999999999,"slog(ts_max(disp,5))",1.0,0.0023255305117968967,0.0003488295767695343
h5_s42,1049,0.12017750591315544,-0.7,"ts_rank(ts_rank(disp,60),60)",1.0,0.002899754320655961,-0.0020298280244591725
h5_s42,1050,0.1949824014837107,-0.7,"ts_er(ema(ts_zscore(disp,10),20),60)",1.0,0.004704716218381536,-0.003293301352867075
h5_s42,1076,0.1925527312504234,-0.050000000000000044,"ts_std(limit_net,5)",1.0,0.004646090881608152,-0.0002323045440804078
h5_s42,1078,0.24929843537465277,0.5,"ts_decay_linear(div(close,disp),5)",-1.0,0.0060153038592165205,0.0030076519296082602
h5_s42,1082,0.09797210378327816,0.44999999999999996,"ts_max(disp,3)",1.0,0.0023639617837851643,0.0010637828027033238
h5_s42,1084,0.2139084853538721,0.85,"div(xskew,ts_decay_linear(ts_max(abs(limit_net),5),5))",-1.0,0.005161382322895775,0.004387174974461409
h5_s42,1111,0.1739053545031796,0.10000000000000009,"abs(div(disp,open))",1.0,0.004196149681041096,0.0004196149681041099
h5_s42,1112,0.35494245795172746,0.8999999999999999,"abs(div(ts_std(sign(delta(limit_net,244)),20),abs(mul(abs(am",1.0,0.008564380814938348,0.007707942733444512
h5_s42,1144,0.0405026942453485,0.55,"slog(ts_std(sub(low,high),5))",1.0,0.00097728657075833,0.0005375076139170816
h5_s42,1145,0.06287604427441046,-0.15000000000000002,"abs(ts_std(div(sub(slog(amt_ent),high),high),5))",1.0,0.001517131510303033,-0.00022756972654545499
h5_s42,1146,0.14784575165943026,0.35,"ema(div(div(sub(low,high),ts_min(breadth,40)),high),5)",-1.0,0.003567359414788212,0.0012485757951758742
h5_s42,1147,0.1925527312504234,-0.050000000000000044,"slog(ts_std(limit_net,5))",1.0,0.004646090881608152,-0.0002323045440804078
h5_s42,1148,0.06785816846939141,0.09999999999999998,"abs(ts_min(abs(ts_min(div(low,high),5)),5))",-1.0,0.001637344823523899,0.00016373448235238987
h5_s42,1150,0.14952399367412375,0.55,"ts_std(div(div(amount,high),open),5)",1.0,0.0036078535945952925,0.001984319477027411
h5_s42,1172,0.009273909502125317,0.5,"ts_std(ts_zscore(ts_tsi(ts_decay_linear(breadth,244),10),244",1.0,0.00022376948950491137,0.00011188474475245568
h5_s42,1174,0.12053615162389342,0.25,"ssqrt(ts_std(returns,5))",1.0,0.0029084080569886876,0.0007271020142471719
h5_s42,1175,0.08962885785547178,-0.6,"ts_std(ts_tsi(nhnl,10),40)",1.0,0.002162648208140361,-0.0012975889248842164
h5_s42,1176,0.3120001628038839,-0.19999999999999996,"ts_std(ts_zscore(ts_tsi(ts_std(breadth,244),10),244),20)",1.0,0.007528229291009843,-0.0015056458582019682
h5_s42,1180,0.21655065976577406,-0.5,"ts_std(ts_zscore(close,244),10)",1.0,0.005225135157576634,-0.002612567578788317
h5_s137,30,0.13562393141711188,0.1499999999999999,"mul(beta120,ts_std(returns,5))",1.0,0.0014172618735332602,0.00021258928102998892
h5_s137,83,0.18000499966375588,0.95,"ts_mean(abs(returns),20)",1.0,0.001881041350174431,0.0017869892826657095
h5_s137,126,0.1723755098305002,-0.19999999999999996,"mul(ts_mean(ts_argmax(high,40),120),mul(skew120,sub(breadth,",-1.0,0.0018013136432557494,-0.0003602627286511498
h5_s137,172,0.0896575131880713,0.8,"ts_mean(high,60)",-1.0,0.0009369155855426453,0.0007495324684341163
h5_s137,178,0.15452907965504054,0.3999999999999999,"ts_std(slog(volume),5)",1.0,0.0016148195282270116,0.0006459278112908045
h5_s137,238,0.06411416272027519,1.0,"ts_std(ts_mean(ts_std(limit_net,60),10),60)",1.0,0.0006699891193796257,0.0006699891193796257
h5_s137,256,0.09486001198497628,-0.8,"div(delay(ts_std(limit_net,120),3),neg(xskew))",-1.0,0.0009912813830454433,-0.0007930251064363547
h5_s137,258,0.0870393910621962,0.8500000000000001,"div(delay(ts_std(limit_net,120),3),ts_decay_linear(ts_argmin",1.0,0.0009095563678110432,0.0007731229126393868
h5_s137,311,0.11811114236250471,0.5,"add(ts_std(low,20),ts_argmax(add(open,ts_corr(div(high,close",1.0,0.0012342542880210052,0.0006171271440105026
h5_s137,332,0.20781213871553017,0.25,"ts_max(add(ssqrt(abs(returns)),delay(nhnl,120)),5)",1.0,0.0021716242700052383,0.0005429060675013096
h5_s137,333,0.16455719127485338,0.5,"ts_max(add(ts_decay_linear(ssqrt(abs(returns)),40),delay(nhn",1.0,0.0017196126876185215,0.0008598063438092608
h5_s137,335,0.141223334653105,1.0,"ssqrt(ts_mean(ts_std(ts_zscore(returns,60),120),3))",1.0,0.0014757752983985606,0.0014757752983985606
h5_s137,336,0.3098589498587992,0.44999999999999996,"add(ts_std(ts_zscore(returns,60),120),delay(nhnl,120))",1.0,0.0032380072692135657,0.0014571032711461044
h5_s137,337,0.2068338224516637,0.8,"ema(add(ts_decay_linear(ssqrt(abs(returns)),40),delay(limit_",1.0,0.002161400924268628,0.0017291207394149026
h5_s137,339,0.11078029673735788,-0.19999999999999996,"ema(add(ssqrt(abs(ts_zscore(returns,60))),delay(nhnl,120)),5",1.0,0.0011576473949991162,-0.0002315294789998232
h5_s137,340,0.11297218039676672,-0.15000000000000002,"ema(abs(returns),5)",1.0,0.0011805524465578027,-0.00017708286698367044
h5_s137,342,0.33340884084332334,-0.6,"ema(add(ts_std(ts_zscore(returns,60),120),delay(nhnl,40)),5)",1.0,0.003484102204447242,-0.0020904613226683452
h5_s137,369,0.19215090911116695,0.5,"ts_std(abs(returns),20)",1.0,0.0020079653686668726,0.0010039826843334363
h5_s137,370,0.09846350268893973,0.3500000000000001,"ts_std(returns,3)",1.0,0.001028937642770374,0.000360128174969631
h5_s137,371,0.05692219089141145,0.0,"ts_std(slog(slog(close)),3)",1.0,0.000594833449122394,0.0
h5_s137,372,0.06574186749420782,-1.0,"neg(ts_std(slog(open),3))",-1.0,0.0006869985357367431,-0.0006869985357367431
h5_s137,374,0.04981962872517167,1.0,"abs(ts_std(breadth,20))",1.0,0.0005206121044273134,0.0005206121044273134
h5_s137,375,0.07900911609148749,0.75,"ts_std(neg(slog(slog(amount))),3)",1.0,0.0008256404804668579,0.0006192303603501434
h5_s137,561,0.26781465699987844,-0.85,"ts_std(ts_std(close,3),5)",1.0,0.0027986469539211804,-0.0023788499108330034
h5_s137,562,0.14430242711769609,-0.44999999999999996,"ts_std(ts_std(returns,5),5)",1.0,0.0015079516282656502,-0.0006785782327195425
h5_s137,563,0.1822337629431274,-0.35,"ts_std(ts_std(abs(returns),5),5)",1.0,0.0019043317915292794,-0.0006665161270352478
h5_s137,564,0.1261231211030255,-0.7,"ema(disp,10)",1.0,0.0013179789808672596,-0.0009225852866070817
h5_s137,565,0.280787398078411,-0.30000000000000004,"ts_std(mul(ts_std(close,5),disp),5)",1.0,0.0029342113129079248,-0.0008802633938723776
h5_s137,589,0.18827839000502153,-0.75,"ts_max(ts_zscore(disp,60),5)",1.0,0.0019674977784243405,-0.0014756233338182553
h5_s137,596,0.22281451189333443,0.02499999999999991,"ts_max(ts_std(limit_net,3),5)",1.0,0.002328398161568872,5.82099540392216e-05
h5_s137,625,0.1540745078869697,0.19999999999999996,"neg(div(ts_min(xskew,244),ts_std(volume,5)))",-1.0,0.001610069280767439,0.00032201385615348774
h5_s137,657,0.08200741976358329,0.75,"div(ts_min(breadth,244),close)",1.0,0.0008569725723427906,0.000642729429257093
h5_s137,660,0.2474665442874013,-0.85,"div(ts_min(breadth,244),add(ts_rank(nhnl,60),ts_rank(ts_argm",1.0,0.002586010407815921,-0.002198108846643533
h5_s137,661,0.08065550808797178,-0.8999999999999999,"add(ts_std(div(ts_argmax(returns,10),xskew),120),add(ts_std(",-1.0,0.0008428451771684394,-0.0007585606594515954
h5_s137,694,0.11956096982922992,-0.7,"ts_mean(ts_er(ts_tsi(disp,120),20),5)",1.0,0.0012494048972853204,-0.0008745834280997242
h5_s137,699,0.2454740988448697,-0.5,"ts_mean(abs(disp),5)",1.0,0.002565189473550931,-0.0012825947367754655
h5_s137,702,0.11269061260346991,0.44999999999999996,"ts_argmax(ts_slope(disp,10),60)",-1.0,0.0011776100801621026,0.0005299245360729461
h5_s137,729,0.19529259731450735,0.4,"ts_corr(ssqrt(amt_ent),sign(limit_net),40)",-1.0,0.0020407958202147605,0.0008163183280859043
h5_s137,731,0.1443555039232374,-0.30000000000000004,"slog(ts_slope(disp,10))",1.0,0.0015085062776706382,-0.0004525518833011915
h5_s137,735,0.4167932197280749,0.725,"ts_min(open,40)",-1.0,0.004355463916254246,0.003157711339284328
h5_s137,736,0.06884301462282526,-0.6,"ts_zscore(disp,20)",1.0,0.0007194053355078644,-0.00043164320130471866
h5_s137,758,0.03795699766399695,0.9,"mul(ts_corr(amt_ent,volume,20),ts_corr(amt_ent,ts_argmin(ts_",-1.0,0.0003966483279232422,0.000356983495130918
h5_s137,779,0.2437256246318996,-0.85,"ts_sum(ts_rank(ts_rank(ts_mean(disp,5),20),20),40)",1.0,0.002546918023866455,-0.0021648803202864867
h5_s137,780,0.133668342050965,-0.75,"div(abs(ts_rank(ts_max(disp,5),20)),ts_sum(ts_rank(limit_net",1.0,0.0013968260830354684,-0.0010476195622766012
h5_s137,781,0.15088654702121332,-0.9,"div(neg(abs(ssqrt(add(skew120,low)))),ts_min(ts_rank(ts_mean",1.0,0.001576755282698345,-0.0014190797544285105
h5_s137,782,0.11553059984400058,0.2749999999999999,"ts_sum(ts_rank(ts_rank(ema(ts_rank(disp,20),20),20),20),40)",1.0,0.001207287774911609,0.0003320041381006924
h5_s137,783,0.13952536656176237,-0.7,"ts_sum(ts_rank(ts_rank(disp,20),20),20)",1.0,0.0014580316346277853,-0.0010206221442394497
h5_s137,838,0.21845960027768696,-0.85,"ssqrt(slog(ts_max(ts_decay_linear(ts_er(disp,10),3),5)))",1.0,0.0022828895988028946,-0.0019404561589824604
h5_s137,840,0.02598995109913579,1.0,"ts_mean(div(ts_max(nhnl,244),sub(volume,ts_slope(returns,10)",1.0,0.0002715934157262716,0.0002715934157262716
h5_s137,841,0.12588064056392784,0.9,"ts_argmax(ts_decay_linear(ts_slope(disp,10),3),60)",-1.0,0.0013154450739118566,0.001183900566520671
h5_s137,842,0.24033031589839066,-0.925,"ts_argmax(ts_decay_linear(ts_er(ts_decay_linear(ts_er(disp,1",-1.0,0.0025114372531308145,-0.0023230794591460034
h5_s137,843,0.19083679101756923,-0.85,"ts_decay_linear(ts_er(disp,10),3)",1.0,0.001994232914136792,-0.0016950979770162732
h5_s137,844,0.053621887380287316,0.25,"ts_sum(ts_er(ts_argmax(ts_decay_linear(ts_er(high,10),5),60)",-1.0,0.0005603454772096875,0.00014008636930242188
h5_s137,896,0.17282802445551493,-0.7,"ts_rank(mul(ts_decay_linear(ts_sum(disp,5),5),ts_mean(entrop",1.0,0.0018060423936949114,-0.0012642296755864379
h5_s137,938,0.08110634103427286,-0.050000000000000044,"mul(ts_argmin(sign(ts_mean(xskew,3)),120),ts_argmin(ts_corr(",1.0,0.0008475563541668415,-4.2377817708342116e-05
h5_s137,940,0.19766328450778972,-0.9,"mul(ts_max(ts_std(add(returns,nhnl),20),3),ts_max(ts_zscore(",1.0,0.0020655693578788426,-0.0018590124220909585
h5_s137,944,0.16012509045548515,-0.30000000000000004,"mul(ts_argmin(sign(ts_mean(xskew,3)),244),disp)",1.0,0.0016732975023461855,-0.0005019892507038557
h5_s137,947,0.07937783092025737,-0.65,"ts_corr(ts_er(div(returns,close),10),open,40)",1.0,0.0008294935281079467,-0.0005391707932701654
h5_s137,988,0.0028387958293554245,0.0,ts_zscore(ts_decay_linear(ts_zscore(ts_zscore(ts_decay_linea,1.0,2.9665244574845343e-05,0.0
h5_s137,989,0.2283816666932916,-0.09999999999999998,"ts_max(delta(disp,10),5)",1.0,0.002386574592229704,-0.00023865745922297034
h5_s137,991,0.1746129926572997,-0.5,"ts_zscore(ts_mean(ts_decay_linear(neg(disp),10),5),5)",-1.0,0.0018246952033533963,-0.0009123476016766981
h5_s137,993,0.13603881886509905,-0.6,"ts_zscore(ts_rank(disp,40),60)",1.0,0.0014215974222501853,-0.0008529584533501112
h5_s137,994,0.1395159791288416,-0.95,"ts_decay_linear(ts_zscore(ts_decay_linear(disp,120),20),5)",1.0,0.001457933536522016,-0.0013850368596959152
h5_s137,997,0.23939739354180053,-0.7,"ts_decay_linear(disp,5)",1.0,0.0025016882709773956,-0.0017511817896841769
h5_s137,1038,0.15087278552339986,0.8500000000000001,"ts_decay_linear(mul(ts_std(slog(high),20),ts_argmin(disp,10)",1.0,0.0015766114758792244,0.0013401197544973408
h5_s137,1039,0.047270995580869224,-0.4,"ts_decay_linear(mul(ts_std(ts_mean(ts_argmax(limit_net,40),5",1.0,0.0004939790423467424,-0.00019759161693869696
h5_s137,1043,0.23693898828344134,-0.65,"ts_decay_linear(mul(ts_std(slog(high),20),ts_er(disp,5)),10)",1.0,0.002475998084843132,-0.001609398755148036
h5_s137,1044,0.1676276735520276,-0.95,"ts_decay_linear(mul(ts_std(slog(high),20),delta(disp,10)),10",1.0,0.0017516990415483086,-0.0016641140894708931
h5_s137,1045,0.07177137058999519,-0.75,"ts_decay_linear(mul(ts_std(sub(ts_min(beta120,60),div(amount",1.0,0.0007500064781014933,-0.0005625048585761199
h5_s137,1048,0.25332424808663023,1.0,"ts_decay_linear(mul(ts_std(open,20),ts_argmin(ts_argmin(disp",1.0,0.0026472230579312277,0.0026472230579312277
h5_s137,1090,0.22830436516091432,0.10000000000000009,"ts_std(ts_std(neg(limit_net),3),3)",1.0,0.0023857667958956845,0.00023857667958956868
h5_s137,1091,0.1437491053180313,0.44999999999999996,"ts_std(neg(limit_net),3)",1.0,0.0015021694489535944,0.0006759762520291174
h5_s137,1092,0.18743530591765056,0.25,"ts_std(neg(limit_net),10)",1.0,0.001958687600746047,0.0004896719001865117
h5_s137,1093,0.2454740988448697,-0.5,"ts_sum(disp,5)",1.0,0.002565189473550931,-0.0012825947367754655
h5_s137,1131,0.14099167472473678,-0.25,"ts_max(ts_rank(ts_rank(ts_slope(disp,10),60),60),3)",1.0,0.0014733544661702724,-0.0003683386165425681
h5_s137,1132,0.13824913223593424,-0.8,"ts_max(ts_rank(ema(ts_argmin(disp,10),20),60),5)",1.0,0.001444695063177664,-0.0011557560505421312
h5_s137,1133,0.15973087850522663,-0.7,"ts_max(ts_rank(disp,60),5)",1.0,0.0016691780113289676,-0.0011684246079302772
h5_s137,1134,0.15312942862799475,-0.95,"ts_rank(ema(ts_tsi(disp,40),20),60)",1.0,0.0016001932597199968,-0.0015201835967339969
h5_s137,1181,0.04578343795105718,1.0,"sub(ts_zscore(ts_corr(ts_zscore(ts_zscore(amount,120),120),t",1.0,0.00047843415516210416,0.00047843415516210416
h5_s137,1220,0.2300040639762536,0.25,"div(div(ts_min(ts_max(close,60),20),ts_std(ts_mean(ts_std(li",-1.0,0.002403528545627458,0.0006008821364068645
h5_s137,1221,0.22830436516091432,0.10000000000000009,"ts_std(ts_std(limit_net,3),3)",1.0,0.0023857667958956845,0.00023857667958956868
h5_s137,1222,0.12081057872042213,0.19999999999999996,"div(div(ema(amount,60),ts_mean(ts_std(limit_net,3),3)),ts_st",-1.0,0.001262463234555224,0.00025249264691104475
h5_s137,1223,0.22447679615736327,-0.3500000000000001,"ts_slope(div(ema(ts_decay_linear(slog(limit_net),60),60),ts_",-1.0,0.002345768931504281,-0.0008210191260264986
h5_s137,1224,0.138054716714941,-0.050000000000000044,"div(div(ema(ts_decay_linear(slog(xskew),60),60),ts_mean(ts_s",-1.0,0.0014426634327519142,-7.213317163759577e-05
h5_s137,1225,0.13496226062832284,0.30000000000000004,"div(div(ema(ts_decay_linear(slog(xskew),60),60),ts_mean(ts_s",-1.0,0.001410347453843587,0.00042310423615307615
h5_s137,1266,0.17952978953374463,0.050000000000000044,"sub(neg(div(close,disp)),ts_max(ts_sum(skew120,244),60))",1.0,0.001876075433081891,9.380377165409464e-05
h5_s137,1267,0.17968017434420103,0.19999999999999996,"mul(abs(entropy120),div(neg(div(close,disp)),ts_max(ts_sum(d",1.0,0.0018776469452478587,0.0003755293890495716
h5_s137,1269,0.12692189316443767,0.44999999999999996,"ts_std(ts_decay_linear(limit_net,20),3)",1.0,0.0013263261005566406,0.0005968467452504882
h5_s137,1270,0.04076920925811989,-1.0,"div(low,high)",-1.0,0.0004260357688491418,-0.0004260357688491418
h5_s137,1271,0.15685784450074536,-0.95,"sub(div(low,neg(open)),ts_std(ts_sum(disp,244),60))",1.0,0.0016391549798966097,-0.0015571972309017792
h5_s137,1272,0.05699262558697211,0.95,"div(close,ts_std(ts_decay_linear(ts_mean(breadth,10),20),3))",-1.0,0.0005955694874273525,0.0005657910130559848
h5_s137,1275,0.05616363256888995,-0.30000000000000004,"ts_std(sub(neg(high),ts_max(ts_sum(skew120,244),60)),3)",1.0,0.0005869065605701468,-0.00017607196817104407
h5_s137,1311,0.23082277051910105,-0.55,"ts_max(ts_slope(disp,10),3)",1.0,0.0024120839794411365,-0.0013266461886926252
h5_s137,1312,0.17927207412102805,0.050000000000000044,"div(disp,close)",1.0,0.0018733823226193887,9.366911613096952e-05
h5_s137,1315,0.1344250040200783,-0.7,"delay(ts_rank(disp,40),3)",1.0,0.001404733154809392,-0.0009833132083665744
h5_s137,1316,0.1085185429424118,0.7,"ts_sum(slog(ts_max(disp,3)),3)",1.0,0.0011340122047535414,0.0007938085433274789
h5_s137,1317,0.03991217600481853,0.25,"ts_std(slog(slog(ts_argmin(limit_net,10))),20)",1.0,0.00041707982323126587,0.00010426995580781647
h5_s137,1320,0.11376396208301173,-0.42500000000000004,"ts_max(ts_rank(disp,40),3)",1.0,0.001188826517249838,-0.0005052512698311812
h5_s137,1351,0.2668332992837728,0.375,"ts_max(abs(limit_net),10)",1.0,0.0027883918251927803,0.0010456469344472927
h5_s137,1352,0.03859532621970026,-0.875,"ts_max(ts_std(ts_std(ts_zscore(breadth,10),10),20),3)",1.0,0.000403318822690154,-0.00035290396985388476
h5_s137,1353,0.1959442075665563,0.44999999999999996,"ts_max(disp,3)",1.0,0.0020476051079044984,0.0009214222985570241
h5_s137,1354,0.1284186962499866,-0.15000000000000002,"ts_std(ts_zscore(breadth,10),20)",1.0,0.0013419676021940708,-0.00020129514032911065
h5_s137,1355,0.20721579807129062,0.8500000000000001,"ts_max(ts_std(ts_std(breadth,10),10),3)",1.0,0.0021653925463714523,0.0018405836644157347
h5_s137,1356,0.04697687130495693,0.675,"ts_max(ts_max(ts_std(ts_std(breadth,10),20),20),3)",1.0,0.0004909054614677967,0.00033136118649076284
h5_s137,1357,0.08013690065939427,1.0,"ts_std(ts_std(breadth,244),20)",1.0,0.0008374257609328672,0.0008374257609328672
h5_s137,1358,0.04829048480205267,-0.8500000000000001,"ts_min(nhnl,20)",-1.0,0.0005046326429949766,-0.00042893774654573013
h5_s137,1359,0.09201129295764575,0.8,"ts_max(ts_std(ts_std(breadth,3),20),3)",1.0,0.0009615124416524429,0.0007692099533219543
