date,open,high,low,close
2016-12-19,262.45,263.5,262.02,262.76
2016-12-20,262.88,263.7,261.42,262.06
2016-12-21,262.4,262.65,258.6,260.97
2016-12-22,261.18,261.18,259.05,260.0
2016-12-23,258.95,260.37,258.7,260.07
2016-12-26,260.0,261.45,259.8,261.4
2016-12-27,261.4,261.79,260.6,261.67
2016-12-28,262.5,262.9,260.11,261.91
2016-12-29,261.6,263.2,260.8,262.99
2016-12-30,262.84,265.8,261.0,263.9
2017-01-03,264.04,265.2,258.0,263.65
2017-01-04,263.99,265.0,263.2,264.87
2017-01-05,265.98,265.98,264.0,264.73
2017-01-06,264.9,265.65,263.5,265.29
2017-01-09,265.06,266.0,264.66,265.89
2017-01-10,265.89,268.6,265.89,268.11
2017-01-11,268.88,269.88,268.0,269.09
2017-01-12,269.0,269.77,266.75,269.33
2017-01-13,270.6,270.6,268.42,268.79
2017-01-16,269.0,270.99,268.15,270.5
2017-01-17,270.98,272.51,270.0,272.18
2017-01-18,273.0,273.0,270.95,271.03
2017-01-19,273.0,273.0,268.0,268.03
2017-01-20,268.99,269.36,268.0,269.05
2017-01-23,269.33,271.0,268.15,270.28
2017-01-24,270.48,270.66,269.7,269.85
2017-01-25,270.49,271.15,267.7,268.07
2017-01-26,268.99,268.99,265.8,266.25
2017-02-03,266.25,270.1,266.25,269.3
2017-02-06,268.01,272.4,267.3,271.79
2017-02-07,272.2,274.7,272.2,274.16
2017-02-08,274.2,275.39,273.85,274.35
2017-02-09,275.97,277.65,275.51,276.31
2017-02-10,276.2,276.69,272.95,272.83
2017-02-13,273.97,275.01,273.1,274.64
2017-02-14,274.98,274.98,272.7,274.06
2017-02-15,274.49,274.59,273.0,273.4
2017-02-16,273.99,275.45,272.1,274.93
2017-02-17,275.5,276.1,275.11,275.75
2017-02-20,275.75,276.66,274.9,275.5
2017-02-21,276.49,276.49,275.01,275.55
2017-02-22,274.86,276.45,274.5,275.6
2017-02-23,276.48,276.48,275.3,276.2
2017-02-24,276.59,279.84,276.01,279.63
2017-02-27,281.2,281.2,278.81,280.6
2017-02-28,280.4,281.25,279.5,281.83
2017-03-01,280.0,280.35,277.4,278.0
2017-03-02,278.0,279.43,277.0,278.35
2017-03-03,278.49,278.5,275.7,276.23
2017-03-06,275.5,277.0,275.39,276.54
2017-03-07,276.5,276.9,275.38,275.37
2017-03-08,275.9,275.9,273.71,273.79
2017-03-09,274.6,274.6,271.8,272.22
2017-03-10,272.69,273.49,270.2,270.41
2017-03-13,271.78,274.15,270.12,272.9
2017-03-14,271.0,273.88,270.15,271.3
2017-03-15,272.0,272.1,271.0,271.51
2017-03-16,271.4,276.2,271.0,275.89
2017-03-17,275.02,276.48,275.01,275.62
2017-03-20,275.62,277.2,275.62,277.07
2017-03-21,276.7,277.25,275.7,275.75
2017-03-22,276.2,278.95,276.2,278.2
2017-03-23,278.2,278.6,277.81,278.21
2017-03-24,278.4,279.28,277.6,277.88
2017-03-27,278.35,281.0,277.88,280.53
2017-03-28,280.5,281.19,280.0,280.23
2017-03-29,280.5,281.17,279.35,279.74
2017-03-30,279.52,279.99,279.3,279.6
2017-03-31,278.48,279.93,277.6,277.81
2017-04-05,277.81,280.64,277.81,280.63
2017-04-06,280.49,280.55,278.8,280.21
2017-04-07,280.35,284.43,279.7,282.93
2017-04-10,282.9,284.48,280.51,281.39
2017-04-11,281.39,281.9,280.0,281.84
2017-04-12,282.49,285.6,281.5,284.41
2017-04-13,285.58,300.0,284.0,286.69
2017-04-14,286.99,287.0,285.8,286.6
2017-04-17,287.45,288.5,286.41,286.9
2017-04-18,289.99,289.99,285.75,286.13
2017-04-19,285.8,286.69,284.9,285.75
2017-04-20,285.99,285.99,284.9,285.49
2017-04-21,285.0,285.7,284.9,285.36
2017-04-24,286.0,286.82,283.45,283.57
2017-04-25,283.6,284.2,282.5,283.3
2017-04-26,289.0,289.0,281.09,282.05
2017-04-27,282.0,283.2,282.0,282.59
2017-04-28,283.8,283.8,281.51,283.45
2017-05-02,281.99,281.99,280.8,280.94
2017-05-03,281.6,281.6,280.03,280.37
2017-05-04,289.99,289.99,275.6,276.19
2017-05-05,278.0,278.0,274.03,275.87
2017-05-08,280.5,280.5,275.0,275.5
2017-05-09,276.88,276.88,274.55,275.2
2017-05-10,275.24,275.24,273.0,273.89
2017-05-11,274.88,274.88,273.6,274.26
2017-05-12,274.68,275.28,273.9,275.51
2017-05-15,275.39,276.09,274.65,276.29
2017-05-16,276.99,278.0,276.11,276.7
2017-05-17,277.49,277.88,276.31,277.61
2017-05-18,280.0,281.25,278.0,279.82
2017-05-19,298.0,298.0,278.21,279.26
2017-05-22,280.68,280.68,279.03,280.0
2017-05-23,280.0,281.6,280.0,281.4
2017-05-24,281.4,281.69,278.5,278.5
2017-05-25,279.75,280.5,278.7,279.75
2017-05-26,280.99,280.99,279.0,280.35
2017-05-31,280.35,280.35,278.81,279.0
2017-06-01,279.7,280.0,278.58,278.99
2017-06-02,279.59,279.59,277.82,278.16
2017-06-05,276.8,282.0,273.0,281.87
2017-06-06,278.0,283.48,278.0,283.2
2017-06-07,285.0,285.0,283.2,283.75
2017-06-08,283.75,283.83,282.51,282.7
2017-06-09,283.19,283.19,279.5,279.72
2017-06-12,280.74,280.74,278.48,278.85
2017-06-13,279.75,279.75,278.0,278.35
2017-06-14,279.6,279.72,277.8,279.3
2017-06-15,279.35,281.33,277.3,277.47
2017-06-16,277.47,277.47,276.11,276.9
2017-06-19,278.0,278.0,276.01,276.25
2017-06-20,277.5,277.5,275.49,276.01
2017-06-21,276.5,276.5,275.0,275.79
2017-06-22,276.22,277.55,275.2,277.47
2017-06-23,277.47,277.88,277.05,277.78
2017-06-26,278.29,278.8,277.96,277.9
2017-06-27,277.0,277.0,274.8,276.56
2017-06-28,275.55,276.99,275.55,275.94
2017-06-29,277.08,277.08,274.9,275.03
2017-06-30,275.0,275.0,272.85,273.1
2017-07-03,270.0,273.65,270.0,271.84
2017-07-04,272.15,272.15,269.1,270.38
2017-07-05,271.5,271.5,269.5,270.02
2017-07-06,270.2,271.1,269.0,270.12
2017-07-07,270.49,270.79,269.3,269.8
2017-07-10,271.0,271.0,266.0,265.77
2017-07-11,267.5,268.0,266.1,267.55
2017-07-12,267.99,269.39,266.95,268.9
2017-07-13,268.91,269.8,268.19,269.1
2017-07-14,269.8,269.8,267.55,267.79
2017-07-17,268.98,270.79,268.7,270.3
2017-07-18,271.48,271.65,270.6,270.85
2017-07-19,271.49,271.9,270.75,271.35
2017-07-20,272.0,272.0,271.25,271.29
2017-07-21,272.8,273.2,271.2,273.19
2017-07-24,273.5,274.46,273.38,273.8
2017-07-25,274.01,274.47,273.58,273.84
2017-07-26,273.5,273.82,271.7,272.3
2017-07-27,273.0,275.3,271.56,274.6
2017-07-28,274.51,275.45,274.01,274.29
2017-07-31,275.35,276.1,273.93,275.1
2017-08-01,276.48,276.48,273.0,275.3
2017-08-02,275.3,276.0,274.86,274.8
2017-08-03,275.5,275.64,273.6,273.4
2017-08-04,276.0,276.0,274.08,275.26
2017-08-07,275.5,275.6,272.9,273.37
2017-08-08,273.49,273.54,272.45,273.02
2017-08-09,274.49,276.69,271.8,274.14
2017-08-10,274.99,275.98,274.36,275.29
2017-08-11,276.0,277.28,275.99,276.72
2017-08-14,277.48,277.99,276.06,276.6
2017-08-15,277.0,277.0,274.58,274.7
2017-08-16,275.22,275.22,273.71,274.5
2017-08-17,275.16,277.5,274.26,277.0
2017-08-18,277.81,278.7,276.5,278.5
2017-08-21,278.5,279.6,276.5,277.51
2017-08-22,277.51,278.3,276.27,276.67
2017-08-23,277.52,277.68,276.3,277.0
2017-08-24,278.22,278.22,276.91,277.08
2017-08-25,277.99,277.99,276.73,276.8
2017-08-28,277.59,278.42,275.46,278.21
2017-08-29,278.88,281.5,277.5,281.17
2017-08-30,281.5,281.85,277.98,278.0
2017-08-31,279.5,279.5,277.4,277.91
2017-09-01,278.65,280.48,278.1,279.54
2017-09-04,280.48,282.67,279.26,282.04
2017-09-05,282.04,282.04,280.7,281.2
2017-09-06,281.2,282.46,280.61,282.44
2017-09-07,282.98,282.98,280.98,281.39
2017-09-08,281.99,282.35,281.1,281.75
2017-09-11,282.6,282.6,280.8,281.49
2017-09-12,282.0,282.0,279.38,279.85
2017-09-13,279.4,280.72,279.4,280.67
2017-09-14,281.98,281.98,279.37,279.8
2017-09-15,280.2,281.49,279.28,280.2
2017-09-18,280.2,280.7,278.65,278.93
2017-09-19,278.93,279.6,278.0,278.65
2017-09-20,280.0,280.0,278.5,278.89
2017-09-21,279.39,279.96,276.1,276.45
2017-09-22,277.0,277.3,275.5,277.3
2017-09-25,276.4,277.98,275.71,276.55
2017-09-26,276.5,280.86,276.3,280.1
2017-09-27,280.1,280.2,277.7,277.65
2017-09-28,278.29,278.29,276.2,276.67
2017-09-29,277.49,277.85,275.5,277.45
2017-10-09,274.76,276.94,274.76,276.3
2017-10-10,277.32,277.32,275.65,276.21
2017-10-11,277.8,277.8,275.1,275.1
2017-10-12,276.35,276.68,274.9,276.25
2017-10-13,276.75,276.75,275.49,276.5
2017-10-16,276.51,277.8,276.1,278.05
2017-10-17,278.5,278.5,276.2,276.62
2017-10-18,277.5,277.5,275.16,275.7
2017-10-19,276.8,276.8,275.3,274.9
2017-10-20,276.8,276.8,274.81,274.82
2017-10-23,275.85,275.85,273.95,274.08
2017-10-24,273.81,275.7,273.3,275.01
2017-10-25,275.0,275.0,273.72,273.89
2017-10-26,273.51,274.88,273.51,274.5
2017-10-27,274.99,274.99,272.6,272.93
2017-10-30,273.5,273.76,272.4,272.92
2017-10-31,273.75,274.1,273.01,273.94
2017-11-01,274.3,274.3,272.61,273.45
2017-11-02,273.99,273.99,272.7,273.34
2017-11-03,273.5,273.98,272.81,273.6
2017-11-06,274.02,274.12,272.78,273.0
2017-11-07,273.65,274.77,273.1,274.34
2017-11-08,274.98,274.98,273.22,274.57
2017-11-09,274.85,275.43,274.5,275.37
2017-11-10,276.52,276.52,275.04,275.94
2017-11-13,276.9,277.21,274.7,274.99
2017-11-14,276.0,276.0,274.44,274.49
2017-11-15,274.49,275.3,273.75,275.05
2017-11-16,275.99,275.99,274.11,274.0
2017-11-17,275.18,275.18,274.25,274.85
2017-11-20,275.5,276.51,274.5,276.3
2017-11-21,276.79,276.79,274.66,274.89
2017-11-22,275.42,275.82,274.0,274.74
2017-11-23,275.68,275.68,274.1,275.2
2017-11-24,275.9,275.9,274.8,275.25
2017-11-27,274.55,275.34,274.49,275.34
2017-11-28,275.95,276.3,274.11,275.7
2017-11-29,276.0,276.14,275.51,276.2
2017-11-30,276.49,276.49,274.05,274.39
2017-12-01,274.9,274.9,272.7,272.83
2017-12-04,273.49,274.29,271.8,272.65
2017-12-05,273.48,273.48,272.0,272.87
2017-12-06,272.99,272.99,270.77,271.43
2017-12-07,271.91,271.91,268.95,269.28
2017-12-08,269.8,269.8,267.49,267.79
2017-12-11,269.0,269.0,266.92,268.28
2017-12-12,268.67,268.67,266.9,267.5
2017-12-13,267.9,267.9,266.48,267.79
2017-12-14,267.79,270.1,267.0,270.0
2017-12-15,270.88,270.88,268.8,269.57
2017-12-18,270.3,270.3,269.16,269.9
2017-12-19,270.88,271.45,269.69,271.31
2017-12-20,271.49,271.5,270.0,270.68
2017-12-21,271.5,271.5,269.7,270.15
2017-12-22,270.49,270.6,269.7,270.54
2017-12-25,270.85,272.18,270.31,271.55
2017-12-26,272.49,272.49,271.49,271.92
2017-12-27,273.5,273.5,271.4,272.75
2017-12-28,272.99,274.3,272.3,273.5
2017-12-29,273.39,274.34,273.05,273.0
2018-01-02,274.0,275.6,274.0,275.3
2018-01-03,274.7,277.09,274.7,276.0
2018-01-04,277.16,277.16,274.85,275.19
2018-01-05,275.99,277.1,274.82,276.26
2018-01-08,277.5,277.5,275.5,276.6
2018-01-09,277.66,277.66,275.85,277.19
2018-01-10,277.1,277.59,276.5,276.65
2018-01-11,277.45,278.9,277.45,277.8
2018-01-12,278.2,278.65,277.9,278.38
2018-01-15,279.21,279.54,278.0,279.54
2018-01-16,280.0,280.0,278.39,278.8
2018-01-17,278.18,279.2,277.5,277.65
2018-01-18,278.92,278.92,276.05,276.15
2018-01-19,276.99,276.99,275.5,275.6
2018-01-22,276.8,276.8,275.9,275.95
2018-01-23,276.78,277.28,276.0,277.14
2018-01-24,277.1,277.98,276.65,277.84
2018-01-25,278.5,279.35,278.0,278.87
2018-01-26,279.17,279.17,276.71,277.5
2018-01-29,276.0,276.2,275.5,275.98
2018-01-30,276.0,276.2,273.66,274.0
2018-01-31,275.35,275.35,273.8,274.05
2018-02-01,273.55,274.0,273.4,273.4
2018-02-02,273.0,274.19,272.8,273.75
2018-02-05,273.5,273.98,271.2,271.49
2018-02-06,272.62,274.49,271.2,273.24
2018-02-07,273.67,273.67,269.1,269.79
2018-02-08,270.32,270.32,267.55,269.3
2018-02-09,270.0,270.99,268.3,269.55
2018-02-12,269.55,270.15,268.41,270.1
2018-02-13,270.29,271.39,269.35,271.14
2018-02-14,272.44,273.35,270.85,273.21
2018-02-22,272.0,272.0,271.0,271.36
2018-02-23,272.45,272.45,271.2,271.96
2018-02-26,273.35,273.7,271.51,273.6
2018-02-27,274.4,274.4,271.9,272.36
2018-02-28,272.3,272.3,269.24,270.3
2018-03-01,271.49,271.49,269.58,269.78
2018-03-02,270.49,271.07,269.0,270.9
2018-03-05,271.98,272.1,270.5,272.09
2018-03-06,272.5,272.5,270.71,271.15
2018-03-07,272.7,273.27,271.8,272.3
2018-03-08,273.7,273.7,271.6,272.21
2018-03-09,272.8,272.8,270.3,270.6
2018-03-12,272.2,272.2,269.8,270.8
2018-03-13,270.8,271.0,269.96,270.7
2018-03-14,271.1,271.65,270.27,271.12
2018-03-15,271.12,271.4,270.66,270.97
2018-03-16,271.04,271.04,269.5,270.21
2018-03-19,270.81,270.81,268.28,268.6
2018-03-20,269.16,269.6,268.51,269.51
2018-03-21,270.12,270.12,270.12,269.74
2018-03-22,270.12,272.4,269.52,272.1
2018-03-23,272.62,274.98,271.62,274.97
2018-03-26,275.12,275.4,274.16,274.18
2018-03-27,275.8,275.8,273.8,274.1
2018-03-28,274.26,274.26,272.45,272.52
2018-03-30,269.04,270.6,269.04,270.56
2018-04-02,271.85,271.85,271.0,270.84
2018-04-03,271.85,272.68,271.0,272.44
2018-04-04,272.47,272.48,270.77,272.16
2018-04-09,272.2,272.2,271.35,271.5
2018-04-10,272.35,272.79,271.42,271.97
2018-04-11,272.76,273.24,271.69,272.9
2018-04-12,274.18,275.0,273.14,274.08
2018-04-13,274.08,274.08,271.95,272.1
2018-04-16,272.42,273.79,271.7,272.89
2018-04-17,273.4,273.55,272.99,273.5
2018-04-18,273.57,273.57,272.3,273.04
2018-04-19,273.89,274.5,273.5,274.09
2018-04-20,274.09,274.09,272.71,272.88
2018-04-23,273.82,273.82,271.38,271.45
2018-04-24,271.52,271.52,270.65,271.09
2018-04-25,271.67,271.67,270.5,270.51
2018-04-26,270.4,271.28,270.3,271.27
2018-04-27,271.29,271.29,269.9,270.3
2018-05-02,270.3,270.3,268.76,269.84
2018-05-03,270.62,270.62,268.9,269.4
2018-05-04,270.53,270.53,269.22,269.48
2018-05-07,270.62,270.95,269.5,269.99
2018-05-08,270.71,270.71,269.99,270.35
2018-05-09,271.3,271.3,269.29,269.61
2018-05-10,270.62,270.62,269.7,270.1
2018-05-11,270.4,270.8,270.22,270.79
2018-05-14,271.42,271.42,270.33,270.52
2018-05-15,270.3,270.55,269.04,269.47
2018-05-16,269.62,269.62,266.45,267.1
2018-05-17,267.0,267.0,265.2,265.49
2018-05-18,267.0,267.0,265.41,265.8
2018-05-21,265.85,266.27,264.8,265.32
2018-05-22,266.8,266.8,265.0,266.01
2018-05-23,267.8,267.8,265.9,266.49
2018-05-24,268.8,268.8,266.15,267.65
2018-05-25,267.5,268.96,267.03,268.87
2018-05-28,269.5,269.5,267.6,267.8
2018-05-29,268.58,268.92,267.6,268.4
2018-05-30,269.88,270.0,268.31,268.85
2018-05-31,270.0,270.0,268.92,269.54
2018-06-01,270.55,270.55,268.7,269.09
2018-06-04,270.0,270.0,267.67,267.94
2018-06-05,269.17,269.17,267.23,267.5
2018-06-06,268.11,268.4,267.4,267.87
2018-06-07,267.94,268.3,267.3,268.09
2018-06-08,268.9,268.9,267.55,268.13
2018-06-11,269.12,269.12,268.01,268.26
2018-06-12,269.08,269.08,268.1,268.11
2018-06-13,268.99,268.99,267.15,267.86
2018-06-14,268.79,269.0,267.6,268.93
2018-06-15,269.0,269.8,268.61,268.67
2018-06-19,268.0,268.0,266.8,267.82
2018-06-20,267.82,267.82,266.2,266.3
2018-06-21,268.0,268.0,265.25,265.75
2018-06-22,266.21,266.75,265.0,266.68
2018-06-25,267.3,267.6,266.41,267.16
2018-06-26,269.0,269.0,267.01,267.2
2018-06-27,266.99,267.75,266.6,267.56
2018-06-28,267.65,267.75,267.0,267.0
2018-06-29,267.4,267.77,266.9,267.38
2018-07-02,267.95,268.22,267.2,267.42
2018-07-03,268.9,268.9,267.5,267.84
2018-07-04,268.6,269.4,267.8,268.4
2018-07-05,269.39,269.39,268.25,268.29
2018-07-06,267.56,269.35,267.56,269.21
2018-07-09,269.9,269.9,268.85,269.1
2018-07-10,270.0,270.0,268.1,268.25
2018-07-11,268.3,269.9,268.0,269.0
2018-07-12,269.4,269.4,267.9,267.99
2018-07-13,268.8,268.8,267.75,267.8
2018-07-16,269.0,269.0,267.7,268.15
2018-07-17,269.5,269.5,267.25,267.87
2018-07-18,269.0,269.0,264.9,265.47
2018-07-19,267.0,267.0,265.55,266.29
2018-07-20,266.37,267.5,265.5,267.48
2018-07-23,267.8,268.55,266.6,268.4
2018-07-24,269.0,269.0,267.9,268.43
2018-07-25,269.5,269.5,268.0,268.0
2018-07-26,268.95,268.95,268.1,268.58
2018-07-27,268.9,268.9,268.25,268.25
2018-07-30,268.82,268.94,268.21,268.29
2018-07-31,268.8,268.9,268.09,268.65
2018-08-01,269.0,269.0,267.91,268.24
2018-08-02,269.0,269.0,267.9,267.93
2018-08-03,269.0,269.0,267.53,267.81
2018-08-06,269.0,269.0,267.15,267.6
2018-08-07,268.5,268.5,267.08,267.61
2018-08-08,267.5,267.6,266.5,267.2
2018-08-09,266.9,267.39,266.52,267.14
2018-08-10,268.3,268.3,266.95,267.24
2018-08-13,268.3,268.3,267.6,267.72
2018-08-14,267.72,267.72,265.48,265.51
2018-08-15,266.49,266.49,264.85,264.97
2018-08-16,265.69,265.69,260.75,262.39
2018-08-17,262.8,262.8,261.5,261.59
2018-08-20,262.35,263.18,261.6,263.18
2018-08-21,263.3,264.59,262.95,264.51
2018-08-22,264.7,264.7,263.1,264.1
2018-08-23,264.3,270.0,263.8,264.26
2018-08-24,264.75,265.0,263.75,264.6
2018-08-27,264.6,265.8,264.0,265.3
2018-08-28,266.01,266.58,264.7,266.34
2018-08-29,266.6,266.6,264.81,265.69
2018-08-30,265.7,266.0,265.38,266.0
2018-08-31,265.65,266.5,265.12,266.47
2018-09-03,267.0,267.0,265.0,265.0
2018-09-04,265.49,265.49,264.0,264.14
2018-09-05,264.14,264.35,263.7,263.91
2018-09-06,265.0,265.1,263.7,264.8
2018-09-07,265.8,265.83,264.8,265.22
2018-09-10,265.76,265.76,264.66,265.19
2018-09-11,266.0,266.0,264.67,265.38
2018-09-12,266.0,266.0,264.0,265.2
2018-09-13,265.98,266.42,264.61,266.15
2018-09-14,266.6,266.98,265.71,266.72
2018-09-17,268.0,268.0,265.5,265.69
2018-09-18,266.88,267.0,265.67,265.79
2018-09-19,267.48,267.48,265.9,266.69
2018-09-20,266.05,266.92,266.05,266.54
2018-09-21,267.45,267.9,266.37,267.7
2018-09-25,267.8,267.8,266.0,266.53
2018-09-26,266.95,267.15,266.5,267.1
2018-09-27,267.8,267.8,265.98,266.3
2018-09-28,266.0,266.0,263.6,264.06
2018-10-08,268.49,268.49,264.6,266.98
2018-10-09,267.49,267.49,266.08,266.72
2018-10-10,267.3,267.3,266.0,266.46
2018-10-11,266.68,268.3,266.3,268.28
2018-10-12,269.45,272.35,268.31,271.35
2018-10-15,272.68,274.8,270.11,274.45
2018-10-16,275.12,275.4,273.51,274.25
2018-10-17,275.25,275.25,273.2,273.74
2018-10-18,274.76,274.76,273.39,273.65
2018-10-19,274.49,275.38,274.06,274.2
2018-10-22,275.0,275.1,274.2,274.7
2018-10-23,274.95,276.69,273.6,276.32
2018-10-24,277.65,277.96,275.9,276.21
2018-10-25,276.45,278.0,270.01,276.5
2018-10-26,277.35,277.5,276.36,277.48
2018-10-29,277.5,278.6,276.7,277.2
2018-10-30,277.3,277.39,275.8,275.8
2018-10-31,275.95,276.94,273.8,273.8
2018-11-01,275.02,275.02,273.5,274.85
2018-11-02,275.66,275.9,274.34,274.34
2018-11-05,275.5,275.79,273.82,275.52
2018-11-06,276.32,276.32,274.7,274.86
2018-11-07,276.52,276.52,274.4,275.22
2018-11-08,276.09,276.09,273.7,273.86
2018-11-09,274.3,274.55,273.39,273.48
2018-11-12,275.0,275.0,271.11,271.25
2018-11-13,272.02,272.02,270.3,270.6
2018-11-14,270.6,270.8,269.85,270.13
2018-11-15,270.45,272.1,269.66,272.09
2018-11-16,272.09,272.73,270.53,272.69
2018-11-19,273.47,274.1,272.12,273.71
2018-11-20,273.98,274.55,273.5,274.42
2018-11-21,274.75,275.04,273.51,274.38
2018-11-22,274.75,274.95,273.52,274.65
2018-11-23,274.65,275.35,274.6,274.61
2018-11-26,274.4,275.2,274.1,275.0
2018-11-27,275.0,275.01,274.0,274.19
2018-11-28,275.2,275.2,272.6,272.9
2018-11-29,273.49,275.05,272.8,274.6
2018-11-30,273.91,275.88,273.91,274.65
2018-12-03,274.95,274.95,273.65,274.27
2018-12-04,275.6,275.6,273.9,274.06
2018-12-05,274.39,274.7,274.03,274.28
2018-12-06,274.69,275.87,274.18,275.3
2018-12-07,276.29,276.42,275.01,275.8
2018-12-10,276.67,279.0,276.0,278.83
2018-12-11,278.83,278.83,277.85,278.09
2018-12-12,278.09,278.69,277.0,277.45
2018-12-13,277.85,278.5,276.8,278.26
2018-12-14,277.5,277.5,276.61,277.48
2018-12-17,277.5,277.5,276.3,276.8
2018-12-18,278.0,278.6,276.99,278.59
2018-12-19,278.81,278.94,278.4,278.89
2018-12-20,279.0,279.8,278.0,278.99
2018-12-21,280.8,281.2,279.01,280.96
2018-12-24,281.28,282.4,280.5,281.76
2018-12-25,282.25,284.0,281.3,283.4
2018-12-26,284.0,284.49,283.1,284.21
2018-12-27,284.21,284.21,282.8,282.87
2018-12-28,283.99,284.9,283.0,284.6
2019-01-02,283.98,285.88,283.98,285.8
2019-01-03,285.89,287.98,285.3,287.31
2019-01-04,287.31,289.3,285.72,287.49
2019-01-07,287.49,288.0,284.8,286.18
2019-01-08,287.37,287.37,284.6,284.75
2019-01-09,286.0,286.0,283.65,283.88
2019-01-10,285.0,285.3,282.51,283.84
2019-01-11,284.99,284.99,282.61,283.2
2019-01-14,283.49,283.5,282.03,283.5
2019-01-15,283.95,284.25,282.2,282.32
2019-01-16,284.0,284.0,282.02,282.97
2019-01-17,283.3,283.4,282.2,283.1
2019-01-18,284.0,284.0,283.1,283.28
2019-01-21,284.0,284.0,281.87,282.18
2019-01-22,282.6,282.89,279.35,282.82
2019-01-23,284.0,284.0,282.13,282.34
2019-01-24,283.49,283.49,282.1,282.6
2019-01-25,282.6,282.6,281.7,282.39
2019-01-28,282.75,284.8,281.53,284.45
2019-01-29,284.98,286.1,283.55,285.92
2019-01-30,286.7,293.49,286.1,286.72
2019-01-31,286.55,286.8,285.61,286.7
2019-02-01,287.15,287.85,286.68,287.42
2019-02-11,286.51,287.8,286.51,287.43
2019-02-12,287.75,291.8,281.4,287.8
2019-02-13,288.49,288.49,287.07,287.07
2019-02-14,287.42,288.16,286.01,286.5
2019-02-15,286.7,288.57,286.06,288.41
2019-02-18,289.0,290.08,288.2,289.98
2019-02-19,290.8,291.0,289.1,290.67
2019-02-20,292.2,293.18,291.0,292.33
2019-02-21,293.8,293.8,290.56,290.71
2019-02-22,291.49,291.49,288.5,288.91
2019-02-25,288.91,289.8,287.62,288.33
2019-02-26,289.2,289.2,287.2,288.0
2019-02-27,288.97,288.97,280.6,287.89
2019-02-28,287.08,287.98,285.1,286.02
2019-03-01,288.2,288.2,284.4,284.49
2019-03-04,285.76,285.76,280.7,280.71
2019-03-05,280.73,280.73,278.0,279.5
2019-03-06,280.97,281.5,278.5,281.25
2019-03-07,281.25,284.49,279.7,280.0
2019-03-08,281.31,282.55,279.51,282.54
2019-03-11,283.5,284.29,282.2,283.5
2019-03-12,284.0,284.0,282.5,282.8
2019-03-13,283.98,284.88,283.0,284.86
2019-03-14,285.99,285.99,284.14,284.14
2019-03-15,284.14,284.4,282.6,284.29
2019-03-18,285.0,285.0,283.25,284.28
2019-03-19,284.85,285.3,283.03,285.2
2019-03-20,285.8,285.8,284.2,284.59
2019-03-21,285.48,286.6,283.7,286.5
2019-03-22,286.95,286.95,285.01,286.5
2019-03-25,286.88,287.3,286.0,287.21
2019-03-26,287.5,288.18,286.26,287.65
2019-03-27,287.65,287.8,286.67,287.1
2019-03-28,289.0,289.0,286.3,286.49
2019-03-29,285.61,286.5,281.0,281.0
2019-04-01,284.2,284.2,281.4,282.0
2019-04-02,283.0,283.0,281.35,281.51
2019-04-03,283.0,283.0,281.12,282.05
2019-04-04,283.0,283.0,281.71,282.71
2019-04-08,282.2,283.89,282.2,283.62
2019-04-09,283.62,284.78,283.62,283.8
2019-04-10,284.7,285.2,284.3,285.1
2019-04-11,285.45,285.8,284.35,285.15
2019-04-12,286.0,286.0,282.68,282.8
2019-04-15,283.45,283.45,281.2,281.45
2019-04-16,281.95,282.2,280.61,281.38
2019-04-17,281.49,281.49,279.2,279.7
2019-04-18,280.68,280.68,277.5,278.7
2019-04-19,280.2,280.2,278.07,279.61
2019-04-22,280.0,282.0,279.2,280.12
2019-04-23,280.95,280.95,278.2,279.16
2019-04-24,279.5,279.5,277.75,278.5
2019-04-25,280.0,280.25,278.11,280.1
2019-04-26,280.88,281.0,279.02,281.0
2019-04-29,281.98,281.98,279.99,280.49
2019-04-30,280.5,280.98,279.5,280.88
2019-05-06,283.0,283.0,281.8,282.06
2019-05-07,282.07,282.3,281.0,281.75
2019-05-08,280.71,283.09,280.71,282.65
2019-05-09,283.0,283.97,281.1,283.5
2019-05-10,282.8,284.15,282.8,283.32
2019-05-13,282.09,285.35,282.09,285.05
2019-05-14,286.12,289.48,285.0,288.7
2019-05-15,289.5,289.5,287.5,287.59
2019-05-16,289.45,289.45,288.1,288.71
2019-05-17,289.35,289.35,286.85,288.0
2019-05-20,289.0,289.0,286.23,287.19
2019-05-21,287.89,287.89,286.06,286.6
2019-05-22,287.0,287.0,285.3,286.37
2019-05-23,286.37,287.04,285.91,286.61
2019-05-24,288.48,288.83,287.0,288.54
2019-05-27,288.75,288.75,287.55,288.37
2019-05-28,288.88,288.88,287.8,288.5
2019-05-29,287.51,288.7,287.0,288.69
2019-05-30,287.95,288.99,287.0,287.1
2019-05-31,288.37,290.87,287.5,290.8
2019-06-03,291.0,294.57,290.89,294.51
2019-06-04,295.49,297.66,294.3,297.59
2019-06-05,297.59,299.08,295.9,298.97
2019-06-06,300.0,301.0,297.6,299.32
2019-06-10,299.32,299.9,298.2,298.77
2019-06-11,299.5,299.5,297.0,297.0
2019-06-12,298.0,300.51,296.08,299.61
2019-06-13,299.61,300.5,299.01,300.41
2019-06-14,301.45,305.37,299.6,305.04
2019-06-17,306.0,306.01,301.2,301.35
2019-06-18,301.5,304.0,301.5,303.6
2019-06-19,304.95,305.0,300.0,302.21
2019-06-20,305.3,310.0,301.01,308.58
2019-06-21,310.0,313.9,307.8,311.0
2019-06-24,312.0,314.66,310.7,313.26
2019-06-25,315.99,322.0,313.8,319.91
2019-06-26,321.0,321.0,310.02,314.44
2019-06-27,315.0,316.0,312.0,313.89
2019-06-28,312.1,317.85,312.1,314.43
2019-07-01,313.66,316.65,306.2,307.6
2019-07-02,306.8,310.09,306.8,309.77
2019-07-03,310.88,321.8,309.51,318.0
2019-07-04,318.0,318.0,314.52,315.01
2019-07-05,315.95,317.0,315.0,315.71
2019-07-08,316.25,316.25,310.52,314.07
2019-07-09,314.88,314.88,311.12,311.49
2019-07-10,311.45,312.39,310.85,311.14
2019-07-11,312.49,318.0,306.99,316.5
2019-07-12,316.99,317.89,313.5,314.6
2019-07-15,314.99,315.8,313.51,315.0
2019-07-16,315.0,315.6,312.0,315.38
2019-07-17,315.8,315.8,313.3,313.75
2019-07-18,314.45,318.1,313.45,316.55
2019-07-19,317.96,321.98,316.0,320.45
2019-07-22,329.99,329.99,317.5,318.45
2019-07-23,320.0,320.0,315.8,316.45
2019-07-24,316.66,319.0,316.66,317.55
2019-07-25,319.0,319.97,316.03,317.67
2019-07-26,319.97,319.97,315.2,316.84
2019-07-29,318.8,318.8,315.5,317.13
2019-07-30,320.0,320.0,316.9,318.47
2019-07-31,318.66,320.0,318.0,319.94
2019-08-01,321.0,329.04,314.44,315.21
2019-08-02,317.0,324.0,314.1,322.67
2019-08-05,323.3,332.6,313.33,331.99
2019-08-06,333.6,337.4,332.0,333.07
2019-08-07,333.75,340.5,330.55,340.3
2019-08-08,345.0,346.49,340.5,343.33
2019-08-09,342.0,345.0,340.02,343.4
2019-08-12,344.35,344.95,341.13,341.16
2019-08-13,345.88,350.02,342.84,350.0
2019-08-14,350.49,352.05,340.0,341.65
2019-08-15,347.0,347.5,342.86,344.6
2019-08-16,351.7,351.7,344.06,345.7
2019-08-19,345.7,345.92,343.18,344.28
2019-08-20,342.28,343.5,341.22,343.13
2019-08-21,344.75,344.75,342.5,342.5
2019-08-22,345.0,345.0,342.01,343.8
2019-08-23,341.5,344.7,341.5,343.0
2019-08-26,345.0,358.0,342.2,355.09
2019-08-27,357.0,357.0,353.1,355.72
2019-08-28,356.45,359.0,355.2,357.2
2019-08-29,360.0,369.24,356.2,358.9
2019-08-30,358.9,358.9,353.0,354.09
2019-09-02,356.0,356.0,352.01,352.99
2019-09-03,354.25,355.5,353.41,355.2
2019-09-04,356.88,360.1,355.01,356.89
2019-09-05,358.0,359.89,355.68,358.03
2019-09-06,358.88,358.88,347.1,348.74
2019-09-09,350.0,352.41,345.15,348.2
2019-09-10,349.95,349.95,342.22,343.38
2019-09-11,347.0,347.0,341.11,344.09
2019-09-12,347.0,347.0,342.36,344.8
2019-09-16,344.9,346.0,343.8,344.4
2019-09-17,345.85,346.85,340.0,343.7
2019-09-18,345.28,345.49,343.1,344.84
2019-09-19,345.75,346.0,342.0,343.52
2019-09-20,344.58,345.96,343.59,345.14
2019-09-23,347.0,350.0,343.0,348.69
2019-09-24,350.5,351.48,347.66,349.87
2019-09-25,352.59,352.98,348.01,352.15
2019-09-26,354.0,354.0,347.15,347.2
2019-09-27,346.02,349.5,344.44,345.25
2019-09-30,343.33,347.99,342.03,344.49
2019-10-08,344.33,344.46,342.6,344.0
2019-10-09,349.0,349.0,344.1,348.39
2019-10-10,350.0,350.0,343.01,346.41
2019-10-11,347.68,347.68,342.56,344.56
2019-10-14,344.56,344.56,337.95,339.84
2019-10-15,341.48,341.8,339.01,341.11
2019-10-16,335.0,342.5,335.0,340.14
2019-10-17,343.0,343.0,338.01,341.47
2019-10-18,341.47,342.58,339.0,340.36
2019-10-21,341.35,341.35,339.01,340.77
2019-10-22,342.5,342.5,338.61,340.16
2019-10-23,340.95,341.0,338.67,340.58
2019-10-24,285.0,343.0,285.0,339.94
2019-10-25,341.5,344.0,340.4,343.8
2019-10-28,345.75,346.0,342.11,343.64
2019-10-29,346.0,346.0,339.8,340.68
2019-10-30,340.35,340.75,338.21,339.8
2019-10-31,340.95,340.95,339.35,340.3
2019-11-01,340.3,343.66,340.3,343.27
2019-11-04,342.65,343.97,341.6,342.52
2019-11-05,345.0,345.0,340.4,340.99
2019-11-06,343.0,343.0,335.01,336.05
2019-11-07,337.0,337.79,335.2,335.84
2019-11-08,335.38,335.38,329.0,331.4
2019-11-11,335.0,335.0,327.02,330.93
2019-11-12,333.0,333.0,326.0,327.82
2019-11-13,328.98,331.2,321.4,330.9
2019-11-14,330.0,332.4,330.0,331.98
2019-11-15,333.0,333.0,330.62,331.12
2019-11-18,331.12,331.7,330.56,330.79
2019-11-19,333.0,333.6,329.51,332.45
2019-11-20,333.88,334.3,331.52,333.6
2019-11-21,334.98,334.98,332.78,333.43
2019-11-22,334.68,334.68,331.55,333.9
2019-11-25,334.36,334.36,330.59,330.89
2019-11-26,332.88,332.88,329.05,330.89
2019-11-27,331.95,331.95,329.5,331.5
2019-11-28,332.16,332.16,329.65,330.6
2019-11-29,329.09,331.7,329.09,331.69
2019-12-02,332.36,332.36,330.0,331.31
2019-12-03,331.4,333.0,331.02,333.0
2019-12-04,333.85,339.3,333.5,339.22
2019-12-05,339.98,339.98,335.5,336.49
2019-12-06,337.68,337.68,334.26,334.6
2019-12-09,337.1,337.1,331.61,332.31
2019-12-10,334.49,334.49,331.7,333.43
2019-12-11,332.91,333.53,332.34,332.68
2019-12-12,334.0,334.85,332.1,334.69
2019-12-13,335.0,336.9,330.0,331.75
2019-12-16,332.68,334.16,330.2,334.16
2019-12-17,334.86,334.86,333.0,333.71
2019-12-18,334.95,334.95,333.24,334.25
2019-12-19,334.9,334.9,332.8,333.52
2019-12-20,334.88,334.98,333.5,334.89
2019-12-23,335.36,336.32,333.05,336.08
2019-12-24,337.0,337.59,335.43,336.96
2019-12-25,337.88,339.55,336.62,338.59
2019-12-26,339.45,340.1,338.36,339.84
2019-12-27,341.86,342.29,338.11,340.47
2019-12-30,340.7,342.5,340.32,340.43
2019-12-31,340.4,343.5,340.4,340.8
2020-01-02,341.95,343.0,340.8,341.91
2020-01-03,342.98,347.48,340.9,347.3
2020-01-06,350.0,355.78,347.0,354.55
2020-01-07,356.0,356.0,350.0,351.35
2020-01-08,352.99,361.0,350.15,356.61
2020-01-09,355.55,358.6,344.0,345.84
2020-01-10,354.0,354.0,345.01,346.79
2020-01-13,347.45,348.0,345.5,345.7
2020-01-14,347.58,347.58,340.5,342.96
2020-01-15,343.98,345.85,342.6,344.97
2020-01-16,347.0,347.0,344.8,345.45
2020-01-17,347.0,347.0,343.9,344.75
2020-01-20,345.01,345.6,344.0,345.2
2020-01-21,345.98,348.8,345.1,348.2
2020-01-22,342.0,347.85,342.0,345.86
2020-01-23,346.0,348.1,345.7,347.88
2020-02-03,349.0,358.0,349.0,356.11
2020-02-04,357.8,357.8,353.61,354.06
2020-02-05,356.0,356.0,349.5,351.7
2020-02-06,351.7,351.7,348.5,349.39
2020-02-07,353.0,353.0,350.1,351.81
2020-02-10,354.0,354.4,351.15,353.0
2020-02-11,354.6,354.6,351.69,352.43
2020-02-12,352.64,352.98,350.02,350.89
2020-02-13,352.45,353.99,351.0,353.46
2020-02-14,354.8,354.8,352.9,353.79
2020-02-17,354.89,355.85,353.93,355.29
2020-02-18,356.0,357.5,354.82,357.23
2020-02-19,358.5,361.5,357.01,361.11
2020-02-20,364.0,364.0,359.0,362.29
2020-02-21,365.0,370.0,363.8,369.78
2020-02-24,372.8,378.49,369.31,376.9
2020-02-25,379.0,381.0,368.5,369.53
2020-02-26,374.0,374.0,369.5,371.76
2020-02-27,373.16,373.16,367.3,371.3
2020-02-28,371.3,373.2,365.35,365.36
2020-03-02,368.88,368.88,353.0,359.04
2020-03-03,362.5,362.5,356.8,358.64
2020-03-04,361.98,368.0,358.82,365.0
2020-03-05,367.58,367.58,364.01,366.49
2020-03-06,370.0,375.35,366.49,372.4
2020-03-09,373.67,377.8,367.27,373.46
2020-03-10,373.46,373.69,365.5,367.01
2020-03-11,368.88,370.0,366.2,370.0
2020-03-12,373.0,373.0,364.8,366.49
2020-03-13,369.0,369.0,348.98,356.02
2020-03-16,358.88,358.88,341.0,345.0
2020-03-17,340.0,340.0,328.15,331.07
2020-03-18,332.98,346.0,329.01,338.39
2020-03-19,339.75,342.0,331.0,336.15
2020-03-20,337.0,340.5,333.18,340.0
2020-03-23,342.98,342.98,337.1,339.2
2020-03-24,343.0,358.96,339.0,356.71
2020-03-25,363.0,372.0,358.01,362.98
2020-03-26,367.98,367.98,361.2,362.0
2020-03-27,367.0,367.98,364.12,365.45
2020-03-30,367.7,367.7,363.01,363.99
2020-03-31,364.5,365.55,363.5,364.27
2020-04-01,364.98,364.98,355.08,360.0
2020-04-02,360.9,361.5,355.0,360.53
2020-04-03,361.3,364.68,360.23,362.5
2020-04-07,370.0,377.48,370.0,371.0
2020-04-08,372.1,373.5,368.2,370.12
2020-04-09,373.0,373.0,368.63,370.3
2020-04-10,370.3,374.0,360.93,372.1
2020-04-13,372.4,373.79,371.1,371.95
2020-04-14,373.8,379.0,371.09,377.0
2020-04-15,379.0,380.3,368.55,374.01
2020-04-16,378.0,378.95,372.71,378.3
2020-04-17,380.0,386.36,369.52,369.92
2020-04-20,372.99,372.99,366.96,370.29
2020-04-21,373.6,374.8,371.5,374.64
2020-04-22,372.0,374.45,366.0,373.5
2020-04-23,376.0,380.1,372.01,378.8
2020-04-24,384.9,384.9,379.18,381.14
2020-04-27,383.98,383.98,379.1,380.45
2020-04-28,378.09,381.0,375.2,377.04
2020-04-29,379.4,379.4,375.8,378.1
2020-04-30,378.79,381.0,377.0,380.94
2020-05-06,380.95,380.95,377.01,380.3
2020-05-07,381.0,381.03,377.85,379.88
2020-05-08,379.85,383.5,378.16,383.5
2020-05-11,384.6,384.6,380.3,381.26
2020-05-12,383.0,383.0,379.71,380.99
2020-05-13,383.0,383.0,380.11,381.1
2020-05-14,382.0,383.7,381.09,383.49
2020-05-15,384.83,389.6,382.28,388.81
2020-05-18,391.8,399.8,387.72,398.21
2020-05-19,402.6,402.6,391.0,392.39
2020-05-20,393.99,397.2,392.2,396.73
2020-05-21,400.0,400.0,391.81,391.99
2020-05-22,395.0,395.0,388.69,392.0
2020-05-25,393.6,393.6,391.0,391.33
2020-05-26,394.4,394.4,391.21,393.16
2020-05-27,393.99,393.99,388.87,390.0
2020-05-28,391.98,392.75,386.0,392.41
2020-05-29,392.9,392.9,390.1,391.93
2020-06-01,395.0,396.59,393.03,395.99
2020-06-02,397.4,397.4,394.01,394.8
2020-06-03,396.68,396.68,391.1,391.2
2020-06-04,392.95,392.95,386.29,387.86
2020-06-05,389.69,390.95,387.5,387.84
2020-06-08,390.8,390.8,380.79,384.22
2020-06-09,385.8,385.8,382.6,384.61
2020-06-10,385.78,388.9,385.3,388.89
2020-06-11,390.5,392.3,387.5,391.9
2020-06-12,389.12,393.3,389.12,391.13
2020-06-15,392.5,393.5,388.5,388.53
2020-06-16,389.6,391.25,386.0,389.59
2020-06-17,393.1,393.1,389.0,390.5
2020-06-18,390.6,390.75,388.78,389.89
2020-06-19,390.98,391.2,389.4,390.67
2020-06-22,394.6,396.49,390.15,393.82
2020-06-23,396.0,396.0,393.25,394.5
2020-06-24,397.8,397.8,394.85,397.0
2020-06-29,399.0,399.0,397.0,397.15
2020-06-30,397.02,398.09,396.85,397.76
2020-07-01,397.76,401.0,397.0,400.82
2020-07-02,401.0,401.0,395.93,396.04
2020-07-03,398.0,398.5,394.91,397.55
2020-07-06,398.0,398.0,396.45,396.97
2020-07-07,398.0,398.2,396.01,397.46
2020-07-08,399.0,399.66,396.55,399.39
2020-07-09,405.0,405.0,399.99,401.99
2020-07-10,404.5,404.5,399.0,399.79
2020-07-13,404.0,404.0,399.3,401.18
2020-07-14,403.99,403.99,399.0,400.33
2020-07-15,400.33,401.75,399.8,400.39
2020-07-16,401.75,401.75,399.3,399.79
2020-07-17,403.5,403.5,396.04,397.44
2020-07-20,398.0,398.8,397.51,398.69
2020-07-21,399.49,402.5,399.49,401.66
2020-07-22,401.66,415.99,401.66,410.44
2020-07-23,414.0,414.0,406.1,412.65
2020-07-24,412.01,417.99,412.01,417.95
2020-07-27,417.99,430.48,417.8,426.85
2020-07-28,427.03,436.0,423.0,425.2
2020-07-29,425.0,428.88,422.0,427.07
2020-07-30,427.0,428.6,422.0,422.0
2020-07-31,420.2,429.0,420.19,428.97
2020-08-03,428.99,429.79,425.5,427.68
2020-08-04,427.1,428.8,426.5,428.09
2020-08-05,428.29,440.5,427.11,439.59
2020-08-06,441.45,443.25,436.0,442.99
2020-08-07,446.0,449.0,443.5,445.99
2020-08-10,445.13,446.8,439.0,441.9
2020-08-11,442.98,444.8,430.1,433.0
2020-08-12,415.27,428.5,401.4,407.0
2020-08-13,407.85,415.0,407.85,412.5
2020-08-14,411.72,422.77,411.0,416.54
2020-08-17,416.54,421.5,415.7,420.7
2020-08-18,423.99,430.42,420.31,430.0
2020-08-19,431.2,433.21,422.0,423.88
2020-08-20,426.87,426.87,412.51,415.6
2020-08-21,414.1,416.7,412.0,414.99
2020-08-24,405.0,417.0,404.4,415.71
2020-08-25,417.99,419.0,412.6,413.0
2020-08-26,423.89,423.89,412.0,412.58
2020-08-27,412.9,417.89,411.11,417.6
2020-08-28,416.56,423.0,413.0,418.18
2020-08-31,419.69,421.0,417.56,419.0
2020-09-01,420.38,424.04,419.02,423.98
2020-09-02,424.9,426.0,418.3,418.3
2020-09-03,417.01,420.39,412.0,414.5
2020-09-04,415.5,416.0,412.11,414.8
2020-09-07,415.98,424.05,411.4,413.22
2020-09-08,413.99,414.9,412.08,414.5
2020-09-09,411.01,415.79,409.92,414.78
2020-09-10,414.0,417.7,413.18,417.43
2020-09-11,417.5,419.5,414.6,416.29
2020-09-14,416.98,417.55,415.5,415.5
2020-09-15,415.15,418.0,415.15,417.03
2020-09-16,417.99,418.0,414.89,416.46
2020-09-17,415.04,417.0,412.38,413.7
2020-09-18,413.0,415.5,411.28,415.48
2020-09-21,415.01,416.25,414.0,415.27
2020-09-22,414.0,414.8,398.86,405.58
2020-09-23,405.89,407.8,398.5,400.67
2020-09-24,400.0,401.58,394.0,395.29
2020-09-25,395.5,400.4,395.01,400.0
2020-09-28,398.2,400.0,397.5,399.21
2020-09-29,397.72,404.5,397.72,403.8
2020-09-30,404.5,405.6,402.77,402.97
2020-10-09,403.8,405.8,402.5,404.49
2020-10-12,406.0,409.8,404.65,408.79
2020-10-13,409.3,409.7,406.2,406.63
2020-10-14,407.48,407.6,399.8,402.85
2020-10-15,403.5,404.48,400.61,402.3
2020-10-16,401.25,404.5,400.65,404.0
2020-10-19,403.7,404.45,401.03,404.4
2020-10-20,404.96,404.97,401.0,401.0
2020-10-21,402.4,404.8,402.0,404.1
2020-10-22,402.91,405.69,402.91,404.01
2020-10-23,403.02,404.0,401.1,402.74
2020-10-26,405.0,405.5,400.2,400.9
2020-10-27,401.3,404.49,401.3,404.02
2020-10-29,403.78,403.78,398.7,399.47
2020-10-30,398.58,399.0,395.0,397.21
2020-11-02,397.98,400.4,397.6,399.9
2020-11-03,400.58,402.2,399.15,401.56
2020-11-04,402.02,404.6,402.02,402.66
2020-11-05,405.0,405.0,399.5,402.37
2020-11-06,403.66,408.8,403.66,406.94
2020-11-09,408.98,409.28,406.2,406.2
2020-11-10,405.15,405.15,392.0,396.69
2020-11-11,394.02,396.0,394.02,396.0
2020-11-12,395.2,395.4,392.2,394.39
2020-11-13,394.99,396.5,393.9,395.93
2020-11-16,396.38,398.5,395.25,396.01
2020-11-17,392.58,396.8,391.58,395.8
2020-11-18,394.68,396.27,392.4,393.72
2020-11-19,392.0,394.2,390.23,391.5
2020-11-20,390.06,392.9,390.05,392.1
2020-11-23,395.0,395.0,391.0,391.65
2020-11-24,390.9,391.89,381.51,383.36
2020-11-25,380.0,381.85,377.7,378.45
2020-11-26,379.9,380.7,278.39,378.85
2020-11-27,378.8,379.81,377.5,377.5
2020-11-30,377.0,378.0,366.0,370.58
2020-12-01,368.5,373.1,367.0,372.99
2020-12-02,374.88,378.5,374.88,378.43
2020-12-03,380.5,382.99,378.2,382.98
2020-12-04,382.6,383.5,379.01,383.38
2020-12-07,383.39,383.39,380.3,382.52
2020-12-08,380.33,387.86,380.33,386.76
2020-12-09,385.99,388.2,384.3,384.75
2020-12-10,384.75,385.7,381.0,381.46
2020-12-11,378.0,384.1,369.61,381.46
2020-12-14,381.6,383.69,380.45,380.46
2020-12-15,380.2,384.09,379.02,383.8
2020-12-16,384.0,386.8,383.5,385.44
2020-12-17,386.75,388.8,384.1,388.7
2020-12-18,389.0,391.89,388.22,390.34
2020-12-21,390.98,397.91,389.43,395.96
2020-12-22,391.3,394.48,390.3,390.32
2020-12-23,390.31,392.5,388.6,390.12
2020-12-24,388.55,391.8,387.6,390.4
2020-12-25,389.73,392.74,389.11,392.21
2020-12-28,392.99,396.0,391.36,391.61
2020-12-29,391.4,395.0,389.8,390.66
2020-12-30,390.8,391.5,389.8,390.39
2020-12-31,389.54,394.5,389.54,390.0
2021-01-04,397.48,399.5,396.0,398.09
2021-01-05,398.12,401.2,398.12,401.0
2021-01-06,401.58,402.48,399.71,400.73
2021-01-07,401.0,401.73,394.02,398.49
2021-01-08,395.21,397.99,395.2,395.97
2021-01-11,393.58,394.0,379.0,385.0
2021-01-12,384.51,388.0,382.99,387.99
2021-01-13,388.85,388.85,384.7,386.5
2021-01-14,387.8,388.0,382.5,383.7
2021-01-15,384.95,387.6,383.8,385.41
2021-01-18,385.58,386.02,380.8,384.6
2021-01-19,385.0,386.0,384.0,384.97
2021-01-20,385.48,386.88,383.2,386.76
2021-01-21,386.0,390.0,383.03,389.46
2021-01-22,389.6,389.6,387.25,388.09
2021-01-25,381.09,388.9,381.09,386.0
2021-01-26,386.0,390.5,386.0,387.45
2021-01-27,386.51,387.48,383.8,385.39
2021-01-28,384.0,386.0,382.22,382.23
2021-01-29,384.0,386.92,382.65,384.5
2021-02-01,385.45,389.45,384.01,388.47
2021-02-02,389.0,389.9,384.7,384.83
2021-02-03,384.01,386.2,381.28,382.36
2021-02-04,382.0,383.69,377.3,379.5
2021-02-05,379.59,379.59,373.21,376.23
2021-02-08,378.0,378.79,374.61,378.59
2021-02-09,372.0,383.19,372.0,382.74
2021-02-10,384.0,384.0,380.81,383.0
2021-02-18,377.01,377.01,370.5,372.06
2021-02-19,373.87,373.9,368.5,370.67
2021-02-22,369.8,375.49,369.53,374.5
2021-02-23,375.0,379.12,375.0,377.99
2021-02-24,378.99,378.99,375.8,377.28
2021-02-25,377.28,377.6,372.58,373.04
2021-02-26,372.0,374.4,367.1,368.26
2021-03-01,368.26,370.0,360.0,367.37
2021-03-02,366.0,366.0,357.5,360.42
2021-03-03,362.79,363.0,360.0,362.08
2021-03-04,362.96,362.96,356.12,359.0
2021-03-05,358.5,359.69,353.43,355.7
2021-03-08,356.0,360.0,354.8,358.95
2021-03-09,353.06,357.85,353.06,357.75
2021-03-10,357.75,362.33,357.75,361.07
2021-03-11,360.0,365.2,360.0,364.91
2021-03-12,363.41,364.5,359.5,359.62
2021-03-15,365.44,365.44,358.34,362.88
2021-03-16,364.29,364.8,363.0,363.26
2021-03-18,363.0,368.33,362.7,366.79
2021-03-19,364.51,367.0,362.02,366.64
2021-03-22,365.65,367.65,364.0,364.4
2021-03-23,364.31,366.26,364.0,366.2
2021-03-24,366.0,366.45,363.8,364.59
2021-03-25,365.0,367.3,364.05,365.68
2021-03-26,365.02,368.7,364.21,365.1
2021-03-29,365.0,366.6,364.6,365.4
2021-03-30,366.45,366.45,360.0,360.66
2021-03-31,358.5,359.0,355.3,356.79
2021-04-01,356.5,364.56,356.0,364.49
2021-04-02,364.1,368.89,363.22,368.04
2021-04-06,368.5,368.5,365.8,366.39
2021-04-07,367.7,368.59,366.9,368.14
2021-04-08,366.03,369.49,366.03,369.2
2021-04-09,370.0,372.3,369.66,370.15
2021-04-12,370.98,370.98,367.3,368.62
2021-04-13,368.7,368.7,364.95,365.59
2021-04-14,365.9,369.5,365.8,368.6
2021-04-15,368.31,368.75,366.0,368.52
2021-04-16,368.95,373.0,368.12,371.8
2021-04-19,373.5,375.95,373.33,374.7
2021-04-20,374.61,374.62,370.5,371.44
2021-04-21,372.39,375.08,371.0,374.65
2021-04-22,374.6,376.79,372.09,375.2
2021-04-23,375.5,375.5,373.25,373.81
2021-04-26,376.1,376.1,371.5,372.83
2021-04-27,372.2,373.5,371.4,372.97
2021-04-28,372.6,374.2,370.0,370.0
2021-04-29,370.5,374.4,370.0,372.44
2021-04-30,372.3,372.39,368.0,370.97
2021-05-06,373.0,375.8,373.0,375.35
2021-05-07,375.0,379.95,374.61,379.82
2021-05-10,379.0,382.6,378.51,380.7
2021-05-11,380.21,382.08,380.1,380.7
2021-05-12,381.81,381.98,377.52,381.29
2021-05-13,380.9,383.0,378.82,379.41
2021-05-14,378.01,381.8,378.01,381.13
2021-05-17,380.0,386.5,380.0,385.57
2021-05-18,384.95,389.8,384.5,388.2
2021-05-19,389.99,389.99,386.51,388.83
2021-05-20,387.0,392.2,386.0,389.14
2021-05-21,389.5,391.3,388.36,389.4
2021-05-24,390.0,392.5,388.02,390.8
2021-05-25,390.0,391.29,387.55,389.68
2021-05-26,389.2,394.6,389.0,393.2
2021-05-27,393.99,394.29,390.01,390.5
2021-05-28,390.5,391.0,388.25,388.82
2021-05-31,386.3,392.2,386.2,391.1
2021-06-01,391.0,393.8,391.0,393.5
2021-06-02,391.9,393.5,343.0,387.97
2021-06-03,388.0,389.6,384.9,385.44
2021-06-04,382.1,385.0,374.99,382.51
2021-06-07,381.7,384.8,381.0,384.29
2021-06-08,384.3,388.1,384.3,385.3
2021-06-09,386.6,387.0,384.03,386.0
2021-06-10,386.88,386.88,383.9,384.73
2021-06-11,383.2,388.4,382.01,388.01
2021-06-15,383.2,383.2,379.0,381.99
2021-06-16,381.95,381.98,379.0,381.09
2021-06-17,378.39,381.65,373.6,374.0
2021-06-18,371.7,373.8,368.8,371.0
2021-06-21,373.0,373.0,368.3,370.58
2021-06-22,370.95,372.8,370.11,371.56
2021-06-23,371.99,372.5,370.15,371.93
2021-06-24,372.55,374.3,370.35,370.35
2021-06-25,371.98,372.1,369.5,370.74
2021-06-28,371.4,371.79,368.8,371.16
2021-06-29,369.3,371.1,369.21,369.29
2021-06-30,369.0,369.5,365.6,365.82
2021-07-01,366.0,371.0,365.8,370.26
2021-07-02,369.01,371.65,369.01,371.09
2021-07-05,372.0,374.12,370.0,372.5
2021-07-06,372.6,376.0,371.5,375.99
2021-07-07,376.0,377.39,374.02,375.39
2021-07-08,375.8,376.89,374.75,376.0
2021-07-09,376.99,378.3,374.5,376.69
2021-07-12,373.68,377.6,373.68,375.62
2021-07-13,375.18,377.2,374.0,376.87
2021-07-14,377.25,378.2,375.5,377.71
2021-07-15,378.65,381.0,378.0,380.5
2021-07-16,380.93,381.1,378.8,379.24
2021-07-19,379.06,380.24,376.26,376.5
2021-07-20,376.0,379.53,375.3,378.48
2021-07-21,380.1,380.3,376.1,377.03
2021-07-22,375.01,376.4,374.24,375.01
2021-07-23,376.0,376.5,373.9,376.37
2021-07-26,375.1,377.7,375.0,377.68
2021-07-27,379.49,379.5,374.11,376.49
2021-07-28,375.7,378.7,375.5,377.94
2021-07-29,376.94,379.65,376.0,378.78
2021-07-30,380.5,381.0,378.8,380.9
2021-08-02,380.01,380.9,376.25,376.25
2021-08-03,377.16,377.58,376.0,376.91
2021-08-04,376.42,377.65,376.4,377.46
2021-08-05,377.58,380.4,376.4,376.75
2021-08-06,388.5,388.5,371.0,374.73
2021-08-09,376.98,376.98,362.5,365.44
2021-08-10,365.44,365.5,362.0,363.5
2021-08-11,363.0,363.25,360.5,362.37
2021-08-12,363.98,366.99,363.08,366.8
2021-08-13,366.6,367.75,364.6,367.69
2021-08-16,367.0,372.0,367.0,371.14
2021-08-17,370.0,375.0,370.0,374.7
2021-08-18,366.0,375.0,366.0,374.2
2021-08-19,371.1,373.99,371.1,372.87
2021-08-20,373.5,374.99,372.5,374.39
2021-08-23,374.4,374.4,371.79,373.66
2021-08-24,373.79,377.0,373.79,376.44
2021-08-25,376.4,377.0,374.35,374.4
2021-08-26,375.0,375.5,372.8,373.27
2021-08-27,373.5,377.0,372.1,376.39
2021-08-30,376.0,379.78,374.0,377.5
2021-08-31,377.51,378.2,376.0,377.55
2021-09-01,379.98,379.98,375.2,377.38
2021-09-02,379.0,379.0,376.3,377.29
2021-09-03,376.8,377.6,375.63,376.95
2021-09-06,377.99,380.98,377.99,379.43
2021-09-07,380.49,380.49,377.79,378.5
2021-09-08,378.48,378.48,373.8,374.85
2021-09-09,375.98,375.98,371.6,373.17
2021-09-10,375.38,375.38,371.81,374.09
2021-09-13,374.8,374.8,371.8,372.95
2021-09-14,373.0,373.79,372.05,373.0
2021-09-15,373.0,375.5,371.4,374.1
2021-09-16,374.8,375.3,370.0,371.09
2021-09-17,370.0,370.0,364.2,367.73
2021-09-22,372.0,372.75,371.0,372.23
2021-09-23,372.0,372.0,368.05,368.54
2021-09-24,370.0,370.0,365.11,366.69
2021-09-27,366.5,368.11,364.3,367.74
2021-09-28,367.9,367.97,363.6,364.62
2021-09-29,364.2,364.39,362.0,363.64
2021-09-30,364.3,364.47,361.0,362.14
2021-10-08,367.19,367.43,365.9,365.9
2021-10-11,367.0,370.5,365.0,365.15
2021-10-12,367.0,367.79,276.99,367.37
2021-10-13,367.1,368.2,366.6,367.16
2021-10-14,369.5,372.49,366.4,371.99
2021-10-15,372.8,373.2,371.0,371.09
2021-10-18,367.09,370.49,366.01,366.36
2021-10-19,367.74,367.97,366.03,367.87
2021-10-20,367.8,368.1,364.5,366.64
2021-10-21,367.54,369.0,366.2,368.2
2021-10-22,368.0,370.0,367.3,369.89
2021-10-25,369.5,372.5,367.01,369.5
2021-10-26,371.8,372.3,370.01,370.45
2021-10-27,370.99,370.99,366.51,367.49
2021-10-28,368.5,371.76,367.5,371.67
2021-10-29,369.09,372.0,369.09,370.19
2021-11-01,368.0,369.5,366.65,368.58
2021-11-02,367.0,370.5,367.0,370.23
2021-11-03,370.63,370.63,366.8,367.35
2021-11-04,368.29,368.29,364.1,366.4
2021-11-05,366.8,371.0,366.8,370.89
2021-11-08,371.97,376.2,369.6,374.61
2021-11-09,374.0,376.5,374.0,375.89
2021-11-10,375.8,377.2,375.3,375.67
2021-11-11,376.4,383.0,375.6,382.2
2021-11-12,383.0,383.7,380.0,382.15
2021-11-15,380.0,383.5,380.0,380.68
2021-11-16,381.5,383.5,381.04,382.39
2021-11-17,384.99,385.5,380.0,381.7
2021-11-18,381.7,383.7,381.4,382.5
2021-11-19,383.0,383.19,381.02,382.68
2021-11-22,383.2,383.3,378.2,378.51
2021-11-23,379.5,379.5,371.0,372.48
2021-11-24,368.53,372.0,368.0,369.89
2021-11-25,368.5,369.88,367.5,369.78
2021-11-26,369.76,372.2,368.2,372.18
2021-11-29,373.0,373.0,369.0,369.44
2021-11-30,369.01,369.5,367.25,368.51
2021-12-01,369.0,371.0,364.75,367.32
2021-12-02,368.18,368.18,365.2,365.55
2021-12-03,365.99,367.6,363.7,365.16
2021-12-06,366.56,368.0,363.59,367.99
2021-12-07,368.89,368.89,366.4,367.47
2021-12-08,367.47,376.18,365.3,367.73
2021-12-09,366.4,367.3,365.6,366.67
2021-12-10,365.8,367.1,364.5,365.85
2021-12-13,365.5,367.77,365.21,367.52
2021-12-14,369.0,369.0,366.8,367.63
2021-12-15,366.9,366.9,363.6,363.94
2021-12-16,365.0,367.75,363.41,367.35
2021-12-17,367.5,372.1,366.5,371.99
2021-12-20,371.53,373.5,371.0,371.0
2021-12-21,369.51,371.0,368.4,368.9
2021-12-22,371.09,371.09,367.8,367.8
2021-12-23,369.0,372.02,368.5,371.82
2021-12-24,371.5,372.89,370.1,372.69
2021-12-27,371.6,372.94,371.51,372.27
2021-12-28,378.8,378.8,260.88,373.55
2021-12-29,373.6,373.8,371.15,371.61
2021-12-30,360.8,371.1,280.01,369.79
2021-12-31,370.7,374.48,369.7,373.85
2022-01-04,373.0,373.0,371.0,371.3
2022-01-05,371.3,373.97,370.4,372.84
2022-01-06,373.6,374.8,369.7,370.84
2022-01-07,372.6,372.6,367.9,368.37
2022-01-10,367.01,369.8,367.0,368.87
2022-01-11,370.5,372.5,368.8,372.06
2022-01-12,373.3,374.7,370.9,373.31
2022-01-13,373.8,374.9,373.05,374.29
2022-01-14,375.25,375.25,372.5,374.18
2022-01-17,375.0,375.0,371.91,372.89
2022-01-18,371.0,372.9,300.0,371.64
2022-01-19,372.8,374.1,370.6,371.8
2022-01-20,372.0,377.0,372.0,376.39
2022-01-21,374.5,377.6,374.5,376.64
2022-01-24,375.05,377.0,374.8,375.72
2022-01-25,375.21,376.49,374.0,376.34
2022-01-26,376.0,377.38,375.5,376.67
2022-01-27,376.22,376.99,369.8,370.28
2022-01-28,370.8,371.9,368.1,369.04
2022-02-07,369.47,371.54,369.47,371.35
2022-02-08,371.02,373.78,371.0,373.11
2022-02-09,373.4,375.1,373.0,374.87
2022-02-10,374.95,376.3,275.05,375.7
2022-02-11,375.99,376.0,373.7,373.84
2022-02-14,374.6,381.15,373.0,379.9
2022-02-15,380.68,384.35,379.9,384.04
2022-02-16,380.0,381.9,367.59,378.94
2022-02-17,378.52,382.8,378.01,382.29
2022-02-18,384.99,386.6,383.2,385.47
2022-02-21,385.47,387.29,384.1,385.28
2022-02-22,385.4,390.58,385.4,390.44
2022-02-23,386.36,388.29,385.98,386.41
2022-02-24,385.33,396.75,385.3,395.14
2022-02-25,396.8,399.99,388.0,389.61
2022-02-28,386.5,390.0,384.0,386.7
2022-03-01,387.5,389.5,385.0,387.9
2022-03-02,390.5,394.8,388.02,394.67
2022-03-03,394.67,394.67,390.5,391.95
2022-03-04,393.0,395.6,391.6,393.99
2022-03-07,393.99,405.5,393.8,401.5
2022-03-08,402.9,410.98,398.5,409.96
2022-03-09,405.0,418.0,405.0,415.11
2022-03-10,410.0,410.01,399.3,402.1
2022-03-11,405.97,408.0,402.8,403.6
2022-03-14,403.01,404.5,399.8,400.69
2022-03-15,400.0,400.19,392.0,393.7
2022-03-16,390.0,394.8,389.8,391.31
2022-03-17,391.0,395.0,388.06,394.09
2022-03-18,395.9,397.49,393.4,395.64
2022-03-21,396.0,396.4,393.0,393.66
2022-03-22,393.16,397.78,393.0,396.25
2022-03-23,394.6,395.5,392.5,393.81
2022-03-24,396.0,399.59,396.0,398.0
2022-03-25,400.99,402.4,399.0,400.0
2022-03-28,398.5,401.6,396.5,396.5
2022-03-29,397.0,398.7,394.0,394.0
2022-03-30,391.5,394.54,387.7,393.84
2022-03-31,393.85,395.5,392.15,394.14
2022-04-01,394.3,396.8,392.61,395.2
2022-04-06,393.89,394.97,393.0,393.2
2022-04-07,393.02,395.52,393.02,394.3
2022-04-08,395.44,396.15,394.3,395.12
2022-04-11,396.0,399.0,395.58,398.39
2022-04-12,401.0,402.5,398.05,400.28
2022-04-13,401.48,403.49,400.05,401.91
2022-04-14,403.8,404.5,402.8,403.41
2022-04-15,403.51,404.98,402.0,404.48
2022-04-18,402.45,407.2,402.45,406.82
2022-04-19,407.33,407.59,403.65,404.81
2022-04-20,405.0,405.85,398.6,399.86
2022-04-21,401.0,404.38,400.6,403.7
2022-04-22,402.5,406.0,401.0,405.74
2022-04-25,404.0,406.5,402.75,403.98
2022-04-26,402.99,402.99,399.1,400.17
2022-04-27,401.0,402.19,400.0,400.64
2022-04-28,400.58,401.2,397.31,399.95
2022-04-29,401.6,406.4,401.0,405.2
2022-05-05,403.51,404.19,402.05,402.69
2022-05-06,404.0,406.0,400.7,403.0
2022-05-09,403.99,405.0,402.3,403.8
2022-05-10,402.8,404.7,401.4,402.36
2022-05-11,401.58,404.99,397.5,400.35
2022-05-12,400.1,403.5,400.0,402.69
2022-05-13,402.5,403.45,398.91,398.95
2022-05-16,397.6,397.6,394.8,396.26
2022-05-17,396.49,398.3,394.45,397.18
2022-05-18,396.9,398.19,393.2,394.78
2022-05-19,395.0,396.0,390.09,394.86
2022-05-20,397.0,399.0,396.6,396.61
2022-05-23,396.25,399.3,395.4,398.23
2022-05-24,398.0,399.39,396.5,399.31
2022-05-25,398.6,400.0,398.0,399.36
2022-05-26,400.0,401.1,398.5,400.87
2022-05-27,400.0,402.7,400.0,402.5
2022-05-30,401.4,402.2,398.5,399.09
2022-05-31,400.5,400.5,397.31,398.35
2022-06-01,400.0,400.0,394.8,395.62
2022-06-02,395.5,398.8,394.8,398.22
2022-06-06,399.99,399.99,396.7,397.0
2022-06-07,398.75,398.75,394.8,396.31
2022-06-08,398.0,398.49,395.0,397.0
2022-06-09,393.99,399.53,393.05,398.29
2022-06-10,397.0,398.3,396.66,397.19
2022-06-13,396.5,404.6,394.7,403.02
2022-06-14,403.0,403.0,395.5,396.48
2022-06-15,397.8,397.8,393.01,394.34
2022-06-16,396.3,396.5,393.5,395.2
2022-06-17,397.9,398.19,392.8,398.09
2022-06-20,399.0,399.0,396.2,396.69
2022-06-21,398.0,398.0,395.45,395.46
2022-06-22,396.8,396.99,394.8,395.91
2022-06-23,398.0,398.2,395.9,396.08
2022-06-24,396.2,397.5,393.0,393.85
2022-06-27,396.0,396.8,392.8,396.11
2022-06-28,395.2,395.5,393.0,393.87
2022-06-29,394.99,395.64,392.51,392.68
2022-06-30,394.0,394.9,391.7,391.7
2022-07-01,393.0,394.0,387.71,388.42
2022-07-04,391.0,392.32,386.0,390.59
2022-07-05,391.3,391.3,389.5,390.01
2022-07-06,390.0,390.0,381.3,382.64
2022-07-07,384.0,384.0,375.1,377.29
2022-07-08,377.0,377.99,375.9,376.19
2022-07-11,379.5,379.5,375.0,376.5
2022-07-12,376.0,378.99,374.6,377.27
2022-07-13,378.5,378.5,374.0,374.7
2022-07-14,377.2,378.47,372.0,374.29
2022-07-15,377.27,377.27,371.3,371.89
2022-07-18,372.8,374.0,371.2,374.0
2022-07-19,374.66,374.66,371.9,372.43
2022-07-20,373.5,373.5,372.1,372.4
2022-07-21,373.5,373.87,368.11,369.57
2022-07-22,369.79,375.7,369.1,375.68
2022-07-25,375.98,378.0,375.4,377.08
2022-07-26,377.9,377.9,374.5,377.18
2022-07-27,377.0,377.0,375.0,376.07
2022-07-28,375.51,380.3,374.8,379.5
2022-07-29,371.0,385.1,371.0,383.96
2022-08-01,381.0,386.6,381.0,385.13
2022-08-02,386.95,389.7,386.0,387.16
2022-08-03,388.8,389.96,383.62,385.58
2022-08-04,386.47,387.8,384.0,387.05
2022-08-05,389.0,390.38,386.8,390.19
2022-08-08,387.0,389.7,385.95,388.02
2022-08-09,389.0,390.0,388.35,389.32
2022-08-10,390.2,391.8,387.0,390.27
2022-08-11,387.09,392.45,336.2,388.7
2022-08-12,391.0,391.0,389.0,390.17
2022-08-15,390.0,392.0,388.5,390.64
2022-08-16,388.51,390.97,388.2,390.27
2022-08-17,391.3,391.3,388.61,388.72
2022-08-18,389.67,389.67,386.5,387.2
2022-08-19,387.0,388.5,384.0,386.13
2022-08-22,387.2,387.5,385.0,385.07
2022-08-23,384.6,387.39,384.4,387.33
2022-08-24,387.3,388.97,386.2,388.88
2022-08-25,388.98,390.15,388.2,390.04
2022-08-26,388.1,390.99,388.1,390.47
2022-08-29,389.2,389.5,387.0,387.5
2022-08-30,388.5,390.1,388.05,388.9
2022-08-31,388.6,388.6,386.4,386.83
2022-09-01,386.7,386.7,383.0,384.26
2022-09-02,383.0,384.89,381.01,384.34
2022-09-05,383.5,387.49,383.5,387.14
2022-09-06,387.0,389.3,385.5,388.75
2022-09-07,389.0,389.0,385.51,387.39
2022-09-08,388.5,389.99,386.62,389.73
2022-09-09,390.2,390.5,387.5,390.13
2022-09-13,389.5,390.0,389.0,389.37
2022-09-14,390.5,390.5,386.5,386.66
2022-09-15,387.6,387.85,384.81,385.36
2022-09-16,386.0,386.0,383.0,384.64
2022-09-19,384.8,385.97,384.0,384.3
2022-09-20,384.8,386.7,384.15,385.58
2022-09-21,385.58,386.99,384.0,386.76
2022-09-22,387.17,389.0,384.0,385.71
2022-09-23,387.0,388.1,386.51,387.96
2022-09-26,385.5,385.99,384.0,385.84
2022-09-27,385.0,386.0,383.65,386.0
2022-09-28,386.0,387.35,385.1,385.83
2022-09-29,387.0,389.97,386.5,389.0
2022-09-30,385.5,390.4,385.5,390.0
2022-10-10,390.0,396.1,390.0,392.49
2022-10-11,391.2,392.9,391.2,392.01
2022-10-12,392.01,393.0,391.8,392.57
2022-10-13,392.08,393.3,392.08,392.83
2022-10-14,394.0,394.0,390.5,392.45
2022-10-17,390.2,392.0,390.0,390.97
2022-10-18,391.0,392.01,390.45,390.8
2022-10-19,391.0,391.54,389.85,390.01
2022-10-20,390.0,390.05,388.3,388.6
2022-10-21,390.0,390.0,388.01,388.93
2022-10-24,388.3,393.5,388.3,393.32
2022-10-25,393.4,394.88,393.05,393.68
2022-10-26,393.94,394.9,393.4,393.96
2022-10-27,392.8,393.97,392.4,393.18
2022-10-28,393.0,393.99,392.5,392.55
2022-10-31,392.5,392.6,391.05,391.76
2022-11-01,392.0,392.48,391.05,391.99
2022-11-02,392.97,393.39,391.56,392.6
2022-11-03,392.97,393.9,391.5,391.98
2022-11-04,390.48,392.82,366.01,392.7
2022-11-07,391.4,395.0,391.4,394.5
2022-11-08,394.99,396.0,394.4,395.18
2022-11-09,395.99,403.8,395.5,403.56
2022-11-10,403.02,404.5,402.0,402.53
2022-11-11,403.65,410.0,403.5,407.19
2022-11-14,410.0,412.51,400.0,402.47
2022-11-15,403.6,406.3,403.6,404.99
2022-11-16,406.0,407.15,405.0,406.77
2022-11-17,407.5,408.3,406.78,407.31
2022-11-18,408.0,408.0,406.6,406.6
2022-11-21,406.3,406.5,404.01,404.71
2022-11-22,406.9,406.9,404.0,404.93
2022-11-23,404.5,405.2,404.1,404.35
2022-11-24,404.3,406.8,404.0,405.9
2022-11-25,407.89,407.89,405.25,406.3
2022-11-28,407.5,408.94,406.7,406.87
2022-11-29,408.2,408.5,405.83,406.68
2022-11-30,407.0,407.0,405.0,405.76
2022-12-01,404.3,407.5,403.2,407.48
2022-12-02,407.75,410.0,407.5,410.0
2022-12-05,408.0,408.9,405.05,406.17
2022-12-06,404.4,404.69,401.5,403.56
2022-12-07,403.5,403.5,401.21,402.4
2022-12-08,402.0,403.58,401.8,403.41
2022-12-09,403.0,405.0,403.0,404.72
2022-12-12,405.5,406.5,402.6,403.69
2022-12-13,404.0,405.0,403.2,405.0
2022-12-14,404.54,409.0,403.0,409.0
2022-12-15,407.0,408.0,404.38,404.38
2022-12-16,402.8,404.0,401.8,403.69
2022-12-19,403.4,406.75,403.4,405.79
2022-12-20,405.6,406.1,404.2,405.78
2022-12-21,406.5,410.48,405.8,409.98
2022-12-22,408.6,410.8,408.3,409.94
2022-12-23,409.94,410.98,406.0,409.03
2022-12-26,404.07,408.0,404.07,407.53
2022-12-27,407.2,408.0,406.59,407.98
2022-12-28,408.5,410.0,407.5,408.99
2022-12-29,408.5,409.1,407.0,407.19
2022-12-30,408.0,411.23,408.0,410.49
2023-01-03,411.0,412.5,409.0,412.26
2023-01-04,410.5,413.98,410.0,413.84
2023-01-05,413.4,414.2,412.3,412.73
2023-01-06,412.2,412.2,408.5,409.35
2023-01-09,407.0,414.49,407.0,413.42
2023-01-10,414.0,414.2,412.2,414.13
2023-01-11,414.0,415.0,413.58,415.0
2023-01-12,414.25,414.51,412.0,414.37
2023-01-13,414.7,415.0,413.0,414.43
2023-01-16,415.0,418.4,413.3,417.21
2023-01-17,418.0,418.89,417.5,418.19
2023-01-18,419.5,419.5,416.39,418.23
2023-01-19,418.23,420.0,417.3,419.21
2023-01-20,419.21,423.5,418.0,422.45
2023-01-30,425.0,425.0,420.0,422.67
2023-01-31,421.0,422.0,418.3,418.33
2023-02-01,416.0,423.0,416.0,421.67
2023-02-02,421.5,425.9,420.5,425.85
2023-02-03,425.8,426.1,418.5,419.52
2023-02-06,420.0,420.0,413.3,414.04
2023-02-07,414.5,415.0,412.55,413.0
2023-02-08,413.6,414.0,412.0,413.45
2023-02-09,414.8,414.8,412.5,414.54
2023-02-10,414.25,415.0,410.4,412.65
2023-02-13,412.2,414.1,412.0,413.83
2023-02-14,413.3,413.9,411.1,413.08
2023-02-15,413.0,414.15,411.95,412.4
2023-02-16,412.01,413.99,411.0,412.0
2023-02-17,412.0,412.7,411.0,411.35
2023-02-20,412.5,414.17,411.8,413.15
2023-02-21,414.0,414.0,411.6,411.8
2023-02-22,412.7,414.0,412.21,414.0
2023-02-23,415.0,415.0,412.2,412.78
2023-02-24,412.78,414.7,411.9,414.01
2023-02-27,414.5,414.5,412.82,413.04
2023-02-28,414.0,414.09,412.6,412.69
2023-03-01,413.3,416.9,412.5,414.75
2023-03-02,414.0,414.75,413.6,414.3
2023-03-03,415.0,416.49,414.2,416.21
2023-03-06,417.0,420.42,416.35,420.26
2023-03-07,420.0,421.0,419.3,419.76
2023-03-08,418.6,418.6,414.8,415.22
2023-03-09,415.6,415.79,414.8,415.46
2023-03-10,415.8,419.49,415.5,417.73
2023-03-13,417.5,424.18,417.4,421.45
2023-03-14,423.2,427.0,422.9,427.0
2023-03-15,426.5,427.0,425.0,426.56
2023-03-16,427.77,433.5,427.77,430.29
2023-03-17,432.0,433.0,430.0,432.42
2023-03-20,433.0,466.72,433.0,449.23
2023-03-21,449.0,449.0,424.09,441.36
2023-03-22,439.07,439.3,434.0,434.14
2023-03-23,434.0,439.09,433.3,438.2
2023-03-24,438.0,441.5,437.0,439.66
2023-03-27,443.34,443.34,437.0,437.22
2023-03-28,435.3,438.29,433.9,435.81
2023-03-29,435.8,438.87,435.8,437.01
2023-03-30,437.5,439.49,436.51,437.19
2023-03-31,438.8,440.99,437.0,440.74
2023-04-03,439.7,439.7,434.0,435.56
2023-04-04,439.5,440.3,438.8,439.51
2023-04-06,446.0,446.9,445.6,446.69
2023-04-07,446.6,446.6,444.5,445.9
2023-04-10,446.0,446.0,441.0,442.33
2023-04-11,442.0,444.2,441.0,444.19
2023-04-12,444.5,448.51,443.4,447.34
2023-04-13,448.0,448.3,445.0,447.86
2023-04-14,449.68,451.65,449.0,449.35
2023-04-17,449.5,449.5,442.5,445.44
2023-04-18,446.0,446.0,440.0,443.7
2023-04-19,445.0,446.65,442.4,443.52
2023-04-20,442.5,444.6,439.6,444.15
2023-04-21,444.15,445.69,441.5,442.44
2023-04-24,442.0,444.65,439.5,441.64
2023-04-25,441.5,445.7,440.0,445.44
2023-04-26,447.18,447.18,442.3,445.93
2023-04-27,446.2,447.0,444.5,446.72
2023-04-28,446.0,447.0,442.6,443.37
2023-05-04,447.49,457.0,447.49,452.79
2023-05-05,453.7,456.7,452.95,454.92
2023-05-08,453.0,453.0,446.2,450.3
2023-05-09,454.89,454.89,449.8,451.14
2023-05-10,453.5,453.5,451.3,452.6
2023-05-11,452.6,455.19,452.0,452.86
2023-05-12,454.5,454.5,449.1,450.41
2023-05-15,450.0,453.49,450.0,452.13
2023-05-16,455.49,455.49,450.0,450.96
2023-05-17,456.08,456.08,448.01,449.17
2023-05-18,456.04,456.04,447.0,448.5
2023-05-19,453.42,453.42,445.1,446.72
2023-05-22,446.0,449.99,444.5,448.43
2023-05-23,448.3,448.55,446.0,446.0
2023-05-24,452.71,452.71,446.49,448.87
2023-05-25,451.18,451.18,446.3,447.64
2023-05-26,451.77,451.77,443.8,445.28
2023-05-29,446.99,446.99,443.4,444.56
2023-05-30,449.48,449.48,443.02,443.77
2023-05-31,449.8,450.1,446.6,449.62
2023-06-01,479.94,479.94,449.15,449.23
2023-06-02,455.71,455.71,450.0,451.11
2023-06-05,455.84,455.84,445.53,446.31
2023-06-06,448.0,449.94,445.3,449.02
2023-06-07,453.79,453.79,448.0,449.29
2023-06-08,454.86,454.86,447.15,447.59
2023-06-09,450.5,451.2,447.5,450.88
2023-06-12,455.51,455.51,450.0,451.45
2023-06-13,454.0,454.0,449.7,453.21
2023-06-14,456.0,456.0,449.2,450.2
2023-06-15,450.1,451.0,445.72,446.32
2023-06-16,451.0,451.0,446.0,450.07
2023-06-19,451.0,451.01,449.5,450.33
2023-06-20,452.0,452.0,449.8,451.13
2023-06-21,452.3,452.3,447.4,449.97
2023-06-26,449.9,449.9,448.0,449.3
2023-06-27,453.34,453.34,447.9,449.25
2023-06-28,454.38,454.38,446.0,446.8
2023-06-29,448.5,448.5,447.0,447.09
2023-06-30,450.0,450.0,446.0,448.47
2023-07-03,449.0,450.99,448.9,449.5
2023-07-04,453.0,453.0,449.5,450.0
2023-07-05,451.0,451.0,450.0,450.74
2023-07-06,452.0,452.0,450.01,450.41
2023-07-07,452.89,452.89,447.21,449.92
2023-07-10,453.9,453.9,449.0,451.35
2023-07-11,453.9,453.9,449.1,450.29
2023-07-12,453.97,453.97,450.56,451.26
2023-07-13,453.6,455.39,451.5,454.9
2023-07-14,455.0,455.0,452.3,452.5
2023-07-17,456.59,456.59,453.2,454.15
2023-07-18,456.0,456.35,453.5,456.34
2023-07-19,458.6,462.2,456.45,462.17
2023-07-20,457.88,462.3,457.88,460.94
2023-07-21,462.0,462.0,457.8,458.33
2023-07-24,460.0,461.89,456.78,458.63
2023-07-25,462.0,462.0,455.5,455.58
2023-07-26,460.0,460.0,455.0,457.99
2023-07-27,463.0,463.0,456.8,458.85
2023-07-28,463.0,463.0,454.5,455.68
2023-07-31,463.0,463.0,454.9,455.35
2023-08-01,457.3,457.69,456.0,456.44
2023-08-02,457.5,457.5,454.5,456.81
2023-08-03,458.0,458.0,454.2,454.7
2023-08-04,454.5,460.0,453.2,454.02
2023-08-07,494.3,494.3,454.0,454.89
2023-08-08,459.0,459.0,453.5,454.84
2023-08-09,458.0,458.0,454.3,455.05
2023-08-10,455.0,455.0,452.8,453.62
2023-08-11,455.0,456.0,453.9,455.25
2023-08-14,456.5,456.5,455.0,455.95
2023-08-15,456.0,456.1,454.8,456.0
2023-08-16,465.0,465.0,456.2,456.79
2023-08-17,465.0,465.0,455.8,456.7
2023-08-18,465.0,465.0,455.6,456.1
2023-08-21,465.0,465.0,455.5,457.92
2023-08-22,465.0,465.0,456.7,457.82
2023-08-23,465.0,475.0,456.8,458.32
2023-08-24,463.9,463.9,458.5,459.7
2023-08-25,468.0,468.0,458.6,459.0
2023-08-28,464.0,464.0,458.18,459.14
2023-08-29,469.0,469.0,459.6,460.35
2023-08-30,470.0,470.0,460.35,461.96
2023-08-31,470.0,470.1,462.01,464.16
2023-09-01,475.0,475.0,461.5,463.79
2023-09-04,465.0,466.01,462.5,465.5
2023-09-05,465.0,465.95,463.8,465.85
2023-09-06,466.0,466.0,464.12,464.13
2023-09-07,465.0,465.7,464.25,464.38
2023-09-08,466.0,467.75,465.2,467.68
2023-09-11,467.5,468.8,467.21,468.09
2023-09-12,468.0,469.5,467.9,469.4
2023-09-13,469.0,470.9,468.0,470.21
2023-09-14,475.0,475.0,470.1,474.7
2023-09-15,476.0,480.4,467.05,469.6
2023-09-18,477.99,477.99,467.0,469.18
2023-09-19,469.5,471.7,468.0,471.26
2023-09-20,472.0,474.7,471.3,472.0
2023-09-21,474.2,476.0,472.2,472.83
2023-09-22,471.0,473.6,469.4,471.72
2023-09-25,470.0,475.75,470.0,475.73
2023-09-26,475.0,475.8,473.0,474.04
2023-09-27,474.5,474.5,462.0,462.68
2023-09-28,467.0,467.0,445.5,447.1
2023-10-09,446.0,459.0,438.0,438.0
2023-10-10,446.0,452.0,446.0,449.88
2023-10-11,435.5,451.5,435.5,450.42
2023-10-12,451.0,453.7,446.5,451.05
2023-10-13,452.0,454.77,452.0,453.99
2023-10-16,451.01,465.31,451.01,460.24
2023-10-17,460.1,463.5,460.0,462.61
2023-10-18,462.55,467.4,461.52,466.0
2023-10-19,466.4,469.85,466.4,468.95
2023-10-20,468.5,476.8,468.5,474.84
2023-10-23,465.31,475.97,465.31,472.47
2023-10-24,471.11,473.95,471.11,473.31
2023-10-25,476.0,476.0,470.0,471.0
2023-10-26,470.01,474.5,469.6,474.17
2023-10-27,473.2,475.98,472.2,475.8
2023-10-30,474.5,488.0,473.68,476.9
2023-10-31,476.5,478.0,475.9,476.86
2023-11-01,477.0,478.48,474.8,475.4
2023-11-02,474.67,477.15,474.0,476.32
2023-11-03,476.0,477.0,474.61,476.99
2023-11-06,476.0,479.0,474.02,474.63
2023-11-07,473.0,475.0,471.0,471.44
2023-11-08,469.92,471.83,468.0,470.5
2023-11-09,470.0,470.0,467.0,467.73
2023-11-10,466.5,470.5,465.1,469.46
2023-11-13,466.5,469.7,464.1,468.94
2023-11-14,467.7,470.8,465.0,470.78
2023-11-15,468.11,472.4,468.11,471.55
2023-11-16,471.55,471.79,469.5,470.88
2023-11-17,469.3,473.0,469.3,471.65
2023-11-20,470.2,470.8,466.0,466.35
2023-11-21,464.0,467.0,463.1,466.79
2023-11-22,464.5,469.0,464.4,465.69
2023-11-23,463.2,467.0,463.2,465.0
2023-11-24,463.0,465.79,463.0,465.02
2023-11-27,464.11,469.95,464.11,469.83
2023-11-28,470.0,471.6,470.0,471.31
2023-11-29,470.0,475.7,470.0,474.22
2023-11-30,473.5,475.2,473.5,474.04
2023-12-01,472.5,475.3,472.5,474.32
2023-12-04,475.0,487.0,475.0,480.45
2023-12-05,479.5,480.5,471.5,473.93
2023-12-06,472.0,473.8,470.8,473.7
2023-12-07,471.9,474.79,471.9,474.45
2023-12-08,473.3,474.9,472.8,474.1
2023-12-11,474.6,474.6,468.2,469.34
2023-12-12,468.5,470.39,466.3,467.76
2023-12-13,472.0,472.0,465.0,466.01
2023-12-14,467.5,498.0,466.8,475.03
2023-12-15,474.0,475.0,473.0,474.0
2023-12-18,480.0,480.0,470.1,473.82
2023-12-19,473.82,474.7,471.8,473.99
2023-12-20,478.0,478.0,473.0,476.6
2023-12-21,476.5,476.99,474.0,475.54
2023-12-22,474.0,480.2,474.0,478.66
2023-12-25,480.0,481.5,477.2,479.0
2023-12-26,479.0,480.6,479.0,480.49
2023-12-27,480.0,482.7,479.3,482.17
2023-12-28,481.6,484.5,481.6,482.19
2023-12-29,480.5,486.0,471.9,479.59
2024-01-02,480.8,483.8,480.0,483.66
2024-01-03,482.0,483.5,481.03,481.49
2024-01-04,479.0,482.0,477.0,480.4
2024-01-05,480.2,482.32,479.2,480.0
2024-01-08,479.5,483.0,477.86,479.0
2024-01-09,480.9,480.94,476.0,478.66
2024-01-10,479.5,480.3,477.9,478.08
2024-01-11,478.8,480.56,477.71,478.2
2024-01-12,478.51,495.0,477.12,479.18
2024-01-15,480.1,483.99,480.1,483.44
2024-01-16,482.32,484.0,482.32,482.7
2024-01-17,481.03,482.49,477.11,477.3
2024-01-18,478.0,479.51,476.0,476.0
2024-01-19,478.1,482.0,477.1,479.51
2024-01-22,480.1,481.0,477.5,478.39
2024-01-23,479.49,479.65,477.5,478.52
2024-01-24,478.31,479.0,477.8,478.0
2024-01-25,479.45,479.5,475.0,475.8
2024-01-26,476.5,479.5,475.75,479.26
2024-01-29,478.45,480.2,476.0,479.2
2024-01-30,478.11,480.9,478.11,480.15
2024-01-31,479.5,481.93,479.5,480.0
2024-02-01,480.01,482.2,480.0,480.0
2024-02-02,479.81,483.8,479.81,483.55
2024-02-05,484.0,484.0,479.08,479.11
2024-02-06,480.79,480.79,477.0,478.81
2024-02-07,479.8,481.28,478.6,480.08
2024-02-08,479.11,482.49,479.0,480.58
2024-02-09,479.2,482.2,478.48,479.99
2024-02-19,478.1,481.9,477.5,479.52
2024-02-20,479.52,480.3,479.08,479.66
2024-02-21,480.95,480.95,479.31,479.57
2024-02-22,479.21,480.4,478.4,479.32
2024-02-23,479.21,480.0,477.65,477.81
2024-02-26,478.8,481.0,478.8,480.57
2024-02-27,480.79,481.3,479.58,481.3
2024-02-28,481.3,481.97,480.05,480.1
2024-02-29,479.6,481.5,479.6,480.96
2024-03-01,480.0,483.44,480.0,483.4
2024-03-04,482.88,490.0,482.88,489.0
2024-03-05,489.43,496.6,489.0,496.52
2024-03-06,498.09,503.99,497.5,499.76
2024-03-07,499.5,506.0,499.5,505.1
2024-03-08,505.1,505.99,503.0,505.84
2024-03-11,507.0,509.99,505.1,507.29
2024-03-12,507.3,507.9,505.15,505.24
2024-03-13,504.5,506.0,503.26,504.79
2024-03-14,505.2,507.95,505.0,505.2
2024-03-15,505.3,507.2,504.5,507.12
2024-03-18,505.5,506.3,502.7,503.26
2024-03-19,504.5,505.94,503.21,504.06
2024-03-20,504.2,505.2,503.6,505.2
2024-03-21,504.51,514.95,504.0,514.94
2024-03-22,514.94,515.5,508.0,511.16
2024-03-25,510.7,514.8,510.7,511.13
2024-03-26,511.2,513.9,511.2,512.52
2024-03-27,517.0,517.5,514.0,515.94
2024-03-28,516.0,518.9,516.0,518.8
2024-03-29,520.5,538.0,519.0,527.54
2024-04-01,528.0,533.8,527.11,533.74
2024-04-02,529.81,533.9,528.0,533.8
2024-04-03,533.8,540.7,533.0,537.5
2024-04-08,537.5,560.0,537.5,554.11
2024-04-09,552.0,558.3,550.5,555.5
2024-04-10,556.0,559.97,554.5,557.9
2024-04-11,554.3,556.89,551.0,554.14
2024-04-12,553.5,569.87,553.5,567.21
2024-04-15,567.01,576.99,556.0,558.68
2024-04-16,559.0,569.0,552.66,562.5
2024-04-17,562.61,569.0,562.02,564.46
2024-04-18,566.3,568.0,558.8,563.37
2024-04-19,562.8,573.96,561.0,565.55
2024-04-22,563.1,567.6,555.8,556.55
2024-04-23,552.8,553.55,542.01,544.01
2024-04-24,544.0,549.3,544.0,548.33
2024-04-25,546.01,550.0,544.6,548.16
2024-04-26,555.0,555.0,546.0,553.0
2024-04-29,552.0,553.0,548.0,549.06
2024-04-30,549.2,550.0,545.67,545.8
2024-05-06,545.8,545.8,540.0,544.13
2024-05-07,544.1,547.6,543.3,544.84
2024-05-08,543.0,545.9,542.5,544.18
2024-05-09,545.6,545.6,543.0,543.43
2024-05-10,544.0,556.4,544.0,556.34
2024-05-13,556.5,558.0,552.1,553.01
2024-05-14,552.0,553.6,550.6,550.66
2024-05-15,552.8,561.5,552.3,555.99
2024-05-16,555.0,563.5,554.5,560.35
2024-05-17,559.5,563.0,558.5,561.44
2024-05-20,562.0,578.0,562.0,573.8
2024-05-21,572.0,576.0,566.3,568.96
2024-05-22,570.5,572.5,568.1,568.6
2024-05-23,570.0,570.0,554.0,556.72
2024-05-24,556.54,556.54,547.52,551.43
2024-05-27,551.0,554.98,550.83,551.6
2024-05-28,553.0,556.3,552.5,552.7
2024-05-29,556.0,558.0,554.9,555.76
2024-05-30,555.0,555.0,548.5,551.72
2024-05-31,551.5,558.3,551.5,553.6
2024-06-03,553.5,556.5,546.38,549.19
2024-06-04,550.0,554.8,550.0,553.49
2024-06-05,548.5,553.0,547.31,550.25
2024-06-06,550.8,561.0,550.8,559.36
2024-06-07,556.0,562.0,556.0,559.9
2024-06-11,545.0,548.0,541.88,543.95
2024-06-12,544.0,546.5,544.0,545.97
2024-06-13,550.5,550.5,544.0,546.26
2024-06-14,544.5,547.0,542.0,546.24
2024-06-17,550.0,552.0,546.2,547.33
2024-06-18,546.0,548.88,546.0,547.64
2024-06-19,547.2,554.0,546.0,550.06
2024-06-20,550.0,554.58,549.0,554.35
2024-06-21,552.0,558.8,552.0,556.25
2024-06-24,558.0,559.0,548.0,549.98
2024-06-25,549.0,550.5,548.5,549.75
2024-06-26,550.1,551.0,544.74,546.18
2024-06-27,546.9,546.9,542.3,543.88
2024-06-28,547.5,550.1,547.31,549.88
2024-07-01,549.0,551.0,547.8,549.2
2024-07-02,552.0,552.0,549.0,549.5
2024-07-03,549.0,554.2,549.0,554.16
2024-07-04,554.5,558.0,554.5,556.45
2024-07-05,557.5,558.09,555.6,557.96
2024-07-08,556.01,563.5,556.01,559.22
2024-07-09,559.0,559.8,555.42,555.9
2024-07-10,556.0,560.88,554.3,560.85
2024-07-11,561.55,561.9,559.15,561.78
2024-07-12,558.8,567.49,558.8,563.26
2024-07-15,564.0,566.4,563.45,563.66
2024-07-16,567.0,571.3,566.49,570.82
2024-07-17,571.0,581.5,569.31,577.37
2024-07-18,576.0,579.22,572.8,577.56
2024-07-19,575.01,575.6,560.2,561.9
2024-07-22,560.0,563.7,556.5,563.32
2024-07-23,562.0,563.79,558.56,560.0
2024-07-24,562.9,566.48,562.86,566.35
2024-07-25,566.2,568.2,550.9,552.4
2024-07-26,549.01,557.88,548.0,555.5
2024-07-29,555.5,560.99,555.5,558.79
2024-07-30,558.0,559.5,553.5,558.68
2024-07-31,558.0,565.5,556.8,563.26
2024-08-01,563.0,571.0,563.0,568.61
2024-08-02,568.5,571.5,566.26,571.17
2024-08-05,570.0,570.0,554.0,560.7
2024-08-06,550.0,559.4,544.0,554.28
2024-08-07,555.2,558.9,550.07,554.7
2024-08-08,556.5,556.7,552.0,555.16
2024-08-09,558.0,562.0,557.2,560.94
2024-08-12,560.5,564.49,560.05,564.1
2024-08-13,564.4,570.98,564.4,567.84
2024-08-14,568.0,568.15,563.5,566.71
2024-08-15,567.5,567.5,561.0,565.66
2024-08-16,566.0,567.9,562.0,566.14
2024-08-19,561.02,574.01,561.02,572.26
2024-08-20,570.5,573.9,569.6,572.75
2024-08-21,576.0,576.0,570.5,574.5
2024-08-22,574.0,574.95,571.5,572.89
2024-08-23,573.0,573.0,567.0,571.58
2024-08-26,572.5,575.0,571.05,574.89
2024-08-27,576.0,576.0,572.5,573.99
2024-08-28,573.5,576.0,573.0,573.33
2024-08-29,572.5,575.7,571.5,574.9
2024-08-30,574.0,575.97,571.8,573.44
2024-09-02,573.0,573.99,568.6,570.7
2024-09-03,571.0,572.0,569.5,571.48
2024-09-04,569.65,570.5,566.6,567.53
2024-09-05,569.8,571.8,568.61,571.79
2024-09-06,572.5,573.2,571.0,572.84
2024-09-09,571.7,573.0,566.5,570.26
2024-09-10,570.3,572.8,570.0,572.72
2024-09-11,574.0,575.78,571.95,575.74
2024-09-12,575.5,575.5,571.8,575.0
2024-09-13,575.0,583.8,575.0,582.54
2024-09-18,584.99,585.0,581.85,581.98
2024-09-19,583.5,585.0,579.2,583.05
2024-09-20,585.0,588.32,582.0,588.3
2024-09-23,590.0,593.96,588.0,592.2
2024-09-24,592.5,595.0,590.6,592.0
2024-09-25,591.0,599.28,587.35,595.66
2024-09-26,597.5,600.0,596.8,597.15
2024-09-27,600.0,600.56,596.0,597.16
2024-09-30,598.7,598.8,593.0,595.25
2024-10-08,592.01,601.0,592.01,593.4
2024-10-09,595.0,596.5,586.5,588.6
2024-10-10,589.0,595.0,586.6,590.89
2024-10-11,590.18,597.5,590.0,597.3
2024-10-14,596.5,602.8,596.5,600.82
2024-10-15,600.0,603.45,598.0,603.26
2024-10-16,602.0,610.59,602.0,609.96
2024-10-17,610.0,613.5,609.0,612.66
2024-10-18,612.3,621.39,612.0,616.83
2024-10-21,618.0,624.7,610.0,624.06
2024-10-22,625.99,627.0,620.0,625.0
2024-10-23,625.0,628.85,625.0,628.68
2024-10-24,628.68,628.68,617.0,623.03
2024-10-25,623.5,624.5,620.0,621.5
2024-10-28,621.0,626.24,621.0,624.65
2024-10-29,624.5,630.0,623.5,629.5
2024-10-30,629.0,637.49,628.61,636.75
2024-10-31,635.01,655.0,633.51,634.0
2024-11-01,634.0,634.0,622.5,627.67
2024-11-04,628.0,630.0,621.55,623.48
2024-11-05,623.48,625.0,620.0,623.78
2024-11-06,623.5,629.78,621.0,624.69
2024-11-07,622.7,622.7,608.0,610.01
2024-11-08,610.0,617.38,610.0,612.85
2024-11-11,615.0,619.0,612.31,613.3
2024-11-12,612.1,612.1,602.4,602.81
2024-11-13,601.7,604.98,601.6,603.09
2024-11-14,603.24,604.55,589.0,591.12
2024-11-15,591.0,595.3,590.0,591.97
2024-11-18,591.5,602.0,591.5,598.77
2024-11-19,601.0,608.2,599.0,607.3
2024-11-20,610.0,611.89,607.0,608.0
2024-11-21,609.7,616.68,609.7,616.42
2024-11-22,617.0,624.0,616.5,623.91
2024-11-25,625.0,627.0,614.0,616.51
2024-11-26,620.0,620.0,606.0,607.0
2024-11-27,609.0,614.49,607.0,613.8
2024-11-28,614.9,614.9,606.01,611.77
2024-11-29,612.0,616.2,609.0,614.88
2024-12-02,616.0,616.0,608.2,613.18
2024-12-03,615.0,618.0,615.0,616.72
2024-12-04,616.0,618.0,614.8,615.86
2024-12-05,615.0,617.99,614.0,616.0
2024-12-06,616.0,616.0,609.06,614.09
2024-12-09,613.8,618.5,612.0,617.26
2024-12-10,619.0,622.5,618.41,619.63
2024-12-11,621.0,627.0,621.0,624.79
2024-12-12,626.0,629.9,625.5,628.83
2024-12-13,626.5,631.0,621.25,622.43
2024-12-16,620.0,625.0,616.35,618.34
2024-12-17,621.0,621.0,616.7,618.21
2024-12-18,616.0,619.0,614.0,616.5
2024-12-19,616.5,616.5,607.0,614.53
2024-12-20,615.0,616.0,608.0,611.83
2024-12-23,611.1,618.94,611.1,618.4
2024-12-24,600.0,617.0,600.0,616.34
2024-12-25,615.2,617.89,615.05,616.8
2024-12-26,617.5,618.98,616.5,618.07
2024-12-27,618.0,619.5,618.0,618.55
2024-12-30,616.5,618.0,614.5,616.5
2024-12-31,615.5,617.7,613.6,614.8
2025-01-02,614.0,622.6,614.0,621.99
2025-01-03,624.4,627.6,624.4,626.87
2025-01-06,627.5,629.0,623.9,624.32
2025-01-07,626.0,626.0,619.0,625.0
2025-01-08,626.0,630.0,625.0,628.35
2025-01-09,626.5,631.0,626.5,630.37
2025-01-10,632.7,635.0,631.0,633.82
2025-01-13,633.5,638.98,632.5,636.9
2025-01-14,634.5,634.5,630.5,632.44
2025-01-15,633.0,635.9,630.0,634.5
2025-01-16,634.7,638.6,634.5,637.04
2025-01-17,638.0,641.2,637.5,637.63
2025-01-20,637.5,640.0,632.5,637.5
2025-01-21,636.5,640.0,632.0,639.0
2025-01-22,637.65,646.4,637.6,643.48
2025-01-23,644.0,645.99,642.0,644.02
2025-01-24,644.0,647.98,641.01,645.51
2025-01-27,646.5,650.0,642.75,643.1
2025-02-05,669.21,669.78,660.5,667.87
2025-02-06,668.88,671.65,666.51,667.38
2025-02-07,670.0,670.0,663.0,668.99
2025-02-10,669.0,679.99,666.0,679.65
2025-02-11,682.0,692.0,679.0,683.52
2025-02-12,681.0,682.81,677.5,680.21
2025-02-13,677.8,685.47,675.0,683.86
2025-02-14,684.5,687.5,683.5,686.58
2025-02-17,686.0,687.0,674.0,676.28
2025-02-18,677.0,683.4,676.8,682.85
2025-02-19,685.0,689.99,682.0,686.9
2025-02-20,688.0,689.49,684.0,689.18
2025-02-21,688.3,690.0,681.2,683.47
2025-02-24,683.0,687.0,681.9,685.58
2025-02-25,687.99,688.59,684.0,685.17
2025-02-26,684.0,686.99,675.0,679.3
2025-02-27,680.0,681.7,675.3,676.52
2025-02-28,676.0,677.8,670.0,670.78
2025-03-03,671.0,676.28,665.5,671.78
2025-03-04,674.0,679.99,673.0,679.97
2025-03-05,680.0,682.47,678.3,681.57
2025-03-06,681.0,681.8,677.0,679.7
2025-03-07,677.0,680.7,677.0,679.48
2025-03-10,680.0,684.0,678.5,681.99
2025-03-11,680.9,680.9,675.0,676.71
2025-03-12,679.0,680.4,678.0,679.43
2025-03-13,680.0,685.89,679.0,683.77
2025-03-14,685.5,697.79,685.5,692.67
2025-03-17,698.0,698.0,693.8,695.4
2025-03-18,696.0,701.35,695.0,700.8
2025-03-19,702.0,708.5,702.0,707.7
2025-03-20,701.5,710.89,701.5,709.09
2025-03-21,707.55,710.0,704.39,706.55
2025-03-24,706.5,707.0,701.0,705.92
2025-03-25,705.41,705.8,703.0,704.56
2025-03-26,705.0,708.0,705.0,707.79
2025-03-27,706.5,709.7,705.5,709.29
2025-03-28,714.0,722.0,711.1,721.03
2025-03-31,721.5,730.9,719.0,730.8
2025-04-01,730.8,739.4,726.0,735.84
2025-04-02,738.1,738.1,730.0,732.5
2025-04-03,735.9,747.5,732.0,738.94
2025-04-07,705.0,727.0,703.31,713.98
2025-04-08,718.9,719.9,710.0,717.5
2025-04-09,718.0,729.0,713.0,728.88
2025-04-10,732.0,744.99,728.0,741.26
2025-04-11,743.5,762.0,740.5,757.1
2025-04-14,757.0,765.5,756.31,762.47
2025-04-15,765.3,765.3,757.0,762.9
2025-04-16,762.0,781.9,761.5,781.62
2025-04-17,782.0,795.36,780.0,786.0
2025-04-18,788.5,790.49,778.0,788.62
2025-04-21,790.0,806.0,787.0,804.11
2025-04-22,808.2,834.6,805.0,825.8
2025-04-23,829.0,829.0,780.55,786.99
2025-04-24,787.0,802.3,775.0,792.47
2025-04-25,792.47,803.0,780.5,785.6
2025-04-28,787.6,788.0,776.01,778.4
2025-04-29,781.0,791.0,780.0,780.05
2025-04-30,783.0,784.76,778.01,780.19
2025-05-06,785.0,797.5,785.0,792.2
2025-05-07,792.9,801.0,791.8,798.51
2025-05-08,789.0,807.9,785.0,786.5
2025-05-09,792.0,799.0,774.05,785.5
2025-05-12,787.0,788.0,755.0,759.0
2025-05-13,743.0,765.8,742.0,763.9
2025-05-14,760.0,764.0,757.05,758.38
2025-05-15,753.8,755.0,729.0,735.86
2025-05-16,743.5,755.0,739.0,746.4
2025-05-19,735.0,756.79,735.0,754.5
2025-05-20,747.0,756.0,747.0,753.49
2025-05-21,757.0,775.79,757.0,773.82
2025-05-22,768.5,782.3,768.5,778.36
2025-05-23,774.9,778.5,768.0,776.4
2025-05-26,779.5,782.0,773.51,773.94
2025-05-27,774.2,777.29,767.3,768.75
2025-05-28,767.0,770.9,765.5,769.67
2025-05-29,769.7,769.7,756.64,763.02
2025-05-30,763.02,771.9,762.0,768.79
2025-06-03,786.5,786.5,776.0,778.5
2025-06-04,783.19,783.19,775.5,779.46
2025-06-05,779.75,783.69,778.0,781.25
2025-06-06,786.0,786.0,774.5,779.88
2025-06-09,781.0,781.0,764.5,772.3
2025-06-10,780.0,780.0,766.7,772.68
2025-06-11,790.0,790.0,772.5,774.69
2025-06-12,774.0,783.5,772.2,780.54
2025-06-13,785.0,798.0,773.99,792.07
2025-06-16,795.0,798.0,787.3,788.2
2025-06-17,789.0,789.0,779.01,783.19
2025-06-18,800.0,800.0,779.0,781.85
2025-06-19,784.0,785.0,776.3,777.41
2025-06-20,780.3,781.0,774.4,777.4
2025-06-23,776.0,780.9,775.0,777.98
2025-06-24,782.0,782.2,767.0,768.87
2025-06-25,768.0,772.0,764.0,771.49
2025-06-26,770.0,774.0,768.0,773.64
2025-06-27,772.03,772.03,762.2,763.3
2025-06-30,760.0,765.0,756.0,764.43
2025-07-01,761.5,773.0,760.5,772.88
2025-07-02,774.5,776.0,770.7,770.7
2025-07-03,774.6,777.6,772.8,776.14
2025-07-04,772.0,773.5,768.0,771.9
2025-07-07,772.5,773.3,765.9,767.75
2025-07-08,766.0,773.29,765.01,771.48
2025-07-09,770.0,771.3,761.0,763.38
2025-07-10,763.0,770.0,763.0,769.73
2025-07-11,767.4,771.8,767.4,769.66
2025-07-14,764.0,777.5,764.0,777.4
2025-07-15,776.0,778.0,772.0,776.02
2025-07-16,774.5,774.5,770.0,772.4
2025-07-17,773.0,778.0,769.3,770.91
2025-07-18,770.5,773.79,768.0,773.5
2025-07-21,775.6,778.5,773.5,777.34
2025-07-22,778.5,783.0,778.5,780.35
2025-07-23,782.3,789.3,782.0,788.5
2025-07-24,790.0,790.0,773.25,775.34
2025-07-25,774.1,775.0,772.2,774.21
2025-07-28,772.0,774.3,767.8,771.8
2025-07-29,770.0,770.0,765.0,767.69
2025-07-30,767.9,771.21,767.9,769.68
2025-07-31,770.0,772.0,763.5,767.36
2025-08-01,767.0,768.4,764.8,767.29
2025-08-04,770.0,778.0,770.0,776.01
2025-08-05,778.0,781.8,778.0,779.85
2025-08-06,780.0,781.5,778.9,779.14
2025-08-07,780.9,782.5,779.01,782.08
2025-08-08,779.5,784.5,779.5,783.18
2025-08-11,783.0,790.0,775.01,775.54
2025-08-12,775.0,775.0,772.0,773.47
2025-08-13,773.0,775.48,771.0,774.96
2025-08-14,774.45,776.98,774.0,775.05
2025-08-15,775.0,775.0,770.2,773.55
2025-08-18,769.0,781.0,769.0,774.46
2025-08-19,774.0,774.5,771.2,773.05
2025-08-20,772.0,774.49,767.6,770.24
2025-08-21,773.0,775.0,771.2,772.0
2025-08-22,772.0,774.0,770.01,771.87
2025-08-25,771.87,778.0,770.0,775.85
2025-08-26,776.0,779.6,775.5,777.1
2025-08-27,779.0,779.5,777.0,778.07
2025-08-28,777.5,780.7,777.5,779.85
2025-08-29,779.0,782.59,779.0,781.71
2025-09-01,782.9,798.9,782.9,794.66
2025-09-02,795.0,806.5,795.0,799.95
2025-09-03,800.0,812.99,800.0,809.0
2025-09-04,814.0,817.0,804.0,809.19
2025-09-05,809.19,813.0,809.0,811.5
2025-09-08,810.3,822.0,810.3,821.2
2025-09-09,823.0,833.99,823.0,832.0
2025-09-10,832.0,836.0,824.5,829.75
2025-09-11,830.0,832.8,825.8,826.52
2025-09-12,825.0,831.7,824.1,830.41
2025-09-15,830.2,831.0,826.0,828.21
2025-09-16,829.0,839.99,829.0,838.73
2025-09-17,838.7,841.0,831.4,831.85
2025-09-18,832.8,837.0,822.0,824.59
2025-09-19,830.0,830.0,823.0,826.71
2025-09-22,827.0,845.0,827.0,839.5
2025-09-23,843.0,850.88,840.1,850.65
2025-09-24,854.0,856.8,848.75,856.63
2025-09-25,856.5,857.0,848.0,851.74
2025-09-26,853.0,854.8,847.6,853.0
2025-09-29,853.3,864.99,852.5,862.9
2025-09-30,865.0,880.0,861.0,871.86
2025-10-09,917.9,918.8,902.0,911.5
2025-10-10,913.5,917.8,896.05,897.63
2025-10-13,901.0,927.9,895.0,926.73
2025-10-14,928.0,957.8,927.0,940.72
2025-10-15,940.0,960.0,933.8,959.04
2025-10-16,958.0,970.0,955.0,968.14
2025-10-17,969.0,1002.0,965.0,997.17
2025-10-20,999.99,999.99,962.0,974.3
2025-10-21,977.0,999.0,977.0,987.12
2025-10-22,976.8,976.8,932.0,948.8
2025-10-23,920.0,946.0,920.0,941.21
2025-10-24,945.0,955.0,934.3,935.6
2025-10-27,928.6,953.0,928.0,930.79
2025-10-28,930.79,930.79,896.52,896.6
2025-10-29,895.0,913.7,895.0,912.94
2025-10-30,917.0,922.0,894.01,906.89
2025-10-31,910.5,925.0,909.0,921.5
2025-11-03,924.0,925.0,909.0,920.0
2025-11-04,918.0,925.0,910.5,916.49
2025-11-05,912.0,916.5,903.0,910.0
2025-11-06,910.0,919.8,910.0,918.0
2025-11-07,920.0,924.0,912.0,918.03
2025-11-10,919.0,935.0,914.0,934.81
2025-11-11,938.9,950.99,935.0,946.79
2025-11-12,949.0,949.0,939.0,944.84
2025-11-13,946.0,960.0,940.1,959.14
2025-11-14,959.55,968.0,948.0,948.03
2025-11-17,942.0,943.0,921.0,931.42
2025-11-18,935.5,938.0,916.04,916.96
2025-11-19,923.5,937.8,921.05,935.33
2025-11-20,940.0,942.5,927.0,929.95
2025-11-21,933.0,938.0,918.0,924.44
2025-11-24,924.0,935.0,923.8,926.0
2025-11-25,930.0,945.0,930.0,941.54
2025-11-26,940.0,945.9,935.0,941.16
2025-11-27,945.8,945.8,940.0,943.98
2025-11-28,942.5,950.9,942.0,948.15
2025-12-01,946.2,962.2,756.4,958.46
2025-12-02,960.0,962.0,951.0,954.89
2025-12-03,952.0,957.5,945.0,950.06
2025-12-04,948.4,958.88,946.0,949.32
2025-12-05,951.0,957.0,950.0,956.5
2025-12-08,956.0,961.0,950.3,954.1
2025-12-09,954.3,954.3,945.0,947.13
2025-12-10,950.0,955.9,948.5,950.91
2025-12-11,950.91,962.0,950.0,952.39
2025-12-12,955.0,965.9,951.5,964.25
2025-12-15,978.9,979.0,960.0,976.82
2025-12-16,978.0,978.5,963.0,964.89
2025-12-17,964.0,977.94,964.0,972.71
2025-12-18,972.6,977.99,971.5,975.55
2025-12-19,974.66,980.0,970.0,975.51
2025-12-22,977.0,995.0,974.0,992.79
2025-12-23,985.0,1014.0,985.0,1006.87
2025-12-24,1008.2,1017.2,995.0,1007.69
2025-12-25,1009.5,1009.5,999.7,1002.98
2025-12-26,1004.0,1017.0,1003.51,1007.0
2025-12-29,1010.0,1015.0,1000.01,1004.0
2025-12-30,1003.99,1003.99,970.0,981.91
2025-12-31,986.0,990.0,960.0,974.9
2026-01-05,990.0,996.0,987.01,993.57
2026-01-06,994.0,1008.0,990.0,1003.01
2026-01-07,1002.0,1007.3,996.5,999.68
2026-01-08,1005.0,1005.0,992.01,996.21
2026-01-09,995.0,1004.88,992.05,1003.49
2026-01-12,1003.5,1029.0,1001.49,1023.71
2026-01-13,1024.0,1030.01,1022.5,1025.02
2026-01-14,1028.0,1038.58,1024.0,1038.0
2026-01-15,1040.0,1040.0,1027.5,1034.27
2026-01-16,1036.0,1036.0,1028.0,1032.63
2026-01-19,1033.0,1049.99,1020.0,1045.72
2026-01-20,1046.0,1056.8,1044.5,1056.43
2026-01-21,1058.99,1099.99,1055.0,1087.81
2026-01-22,1090.0,1098.0,1066.01,1083.69
2026-01-23,1083.77,1114.0,1081.0,1110.3
2026-01-26,1107.0,1147.0,1105.0,1144.45
2026-01-27,1143.5,1150.0,1126.0,1144.14
2026-01-28,1142.0,1185.9,1030.0,1184.96
2026-01-29,1180.5,1256.0,1178.0,1243.02
2026-01-30,1247.9,1248.5,1148.01,1163.95
2026-02-02,1153.0,1157.0,998.0,1030.0
2026-02-03,1070.0,1100.0,1040.0,1097.89
2026-02-04,1100.0,1198.5,1090.0,1140.3
2026-02-05,1139.0,1140.0,1078.0,1105.47
2026-02-06,1094.0,1102.95,1049.01,1093.85
2026-02-09,1090.0,1132.0,1050.0,1116.02
2026-02-10,1121.0,1130.5,1115.0,1116.69
2026-02-11,1120.0,1128.0,1115.0,1123.02
2026-02-12,1136.0,1137.0,1120.0,1122.52
2026-02-13,1124.0,1127.0,1092.0,1108.92
2026-02-24,1155.0,1158.0,1138.3,1147.66
2026-02-25,1146.1,1155.0,1136.0,1145.64
2026-02-26,1145.1,1150.0,1141.51,1144.51
2026-02-27,1144.99,1147.9,1135.0,1142.97
2026-03-02,1146.0,1201.8,1144.2,1199.45
2026-03-03,1195.0,1219.9,1174.5,1182.0
2026-03-04,1149.0,1169.0,1125.0,1153.18
2026-03-05,1154.0,1158.0,1140.38,1149.61
2026-03-06,1151.0,1151.0,1132.0,1139.33
2026-03-09,1135.0,1160.0,1120.0,1140.38
2026-03-10,1139.1,1151.6,1132.1,1144.78
2026-03-11,1148.5,1158.0,1142.5,1150.42
2026-03-12,1149.0,1152.0,1141.5,1146.45
2026-03-13,1147.0,1150.8,1129.65,1131.09
2026-03-16,1138.0,1140.0,1110.01,1114.61
2026-03-17,1117.8,1121.0,1109.0,1115.97
2026-03-18,1115.0,1117.0,1108.0,1111.89
2026-03-19,1095.0,1181.0,1057.0,1061.0
2026-03-20,1140.0,1140.0,1007.0,1041.59
2026-03-23,1040.0,1046.0,911.0,924.65
2026-03-24,965.0,999.0,953.2,979.56
2026-03-25,980.0,1028.99,965.1,1015.45
2026-03-26,1015.45,1022.5,982.0,991.36
2026-03-27,988.0,999.5,977.0,993.9
2026-03-30,990.0,1015.0,986.0,1008.75
2026-03-31,1015.0,1029.99,1008.0,1018.9
2026-04-01,1023.0,1050.0,1015.0,1047.89
2026-04-02,1060.0,1095.0,1010.0,1027.5
2026-04-03,1022.0,1042.0,1020.0,1034.42
2026-04-07,1032.0,1035.0,1026.0,1028.0
2026-04-08,1033.0,1065.0,1021.0,1059.91
2026-04-09,1060.0,1060.0,1036.0,1036.0
2026-04-10,1047.0,1055.0,1043.0,1047.23
2026-04-13,1048.5,1055.0,1035.0,1042.3
2026-04-14,1040.0,1052.0,1035.1,1048.35
2026-04-15,1047.1,1067.8,1046.0,1055.19
2026-04-16,1050.0,1060.2,1050.0,1058.36
2026-04-17,1058.0,1060.0,1046.1,1053.0
2026-04-20,1055.0,1070.0,1045.0,1053.98
2026-04-21,1055.5,1059.0,1048.06,1050.48
2026-04-22,1053.0,1055.8,1038.88,1049.11
2026-04-23,1047.0,1053.0,1034.5,1037.5
2026-04-24,1040.0,1044.0,1028.0,1033.25
2026-04-27,1039.9,1044.0,1033.0,1037.21
2026-04-28,1035.0,1038.9,1019.0,1020.73
2026-04-29,1007.0,1020.0,1006.32,1009.88
2026-04-30,1007.0,1016.0,995.0,1013.6
2026-05-06,1017.0,1027.0,1014.04,1026.94
2026-05-07,1030.0,1044.99,1025.1,1038.94
2026-05-08,1038.2,1045.0,1031.0,1032.0
2026-05-11,1033.5,1039.9,1018.31,1025.82
2026-05-12,1025.0,1040.1,1025.0,1028.51
2026-05-13,1030.0,1032.9,1018.0,1029.99
2026-05-14,1030.8,1031.2,1022.02,1028.68
2026-05-15,1031.5,1031.5,1000.05,1006.01
2026-05-18,1000.01,1005.0,980.02,999.69
2026-05-19,999.69,1008.8,995.0,998.0
2026-05-20,999.7,1000.5,979.01,984.98
2026-05-21,998.8,1002.0,984.0,991.4
2026-05-22,992.0,995.95,986.0,992.1
2026-05-25,998.0,1001.99,985.6,997.0
2026-05-26,999.0,1000.5,990.17,991.97
2026-05-27,988.0,993.0,979.01,982.53
2026-05-28,972.0,980.0,956.01,961.82
2026-05-29,965.0,988.0,959.0,984.96
2026-06-01,987.0,999.0,980.02,980.6
2026-06-02,982.0,989.0,970.1,987.45
2026-06-03,987.0,987.0,972.4,972.8
2026-06-04,975.0,978.5,970.0,974.5
2026-06-05,983.0,984.5,966.5,974.41
2026-06-08,975.0,975.0,932.0,941.01
2026-06-09,945.0,951.48,944.0,944.98
2026-06-10,945.0,950.0,910.0,915.63
2026-06-11,915.0,915.0,883.81,896.01
2026-06-12,888.0,919.0,885.0,907.47
2026-06-15,912.6,943.0,909.0,937.51
2026-06-16,945.0,948.6,936.7,940.48
2026-06-17,941.0,945.8,937.0,939.18
2026-06-18,939.0,950.0,933.33,935.86
2026-06-22,917.5,920.0,908.01,914.35
2026-06-23,918.99,918.99,896.01,898.93
2026-06-24,900.0,904.6,885.0,894.39
2026-06-25,887.0,888.0,867.0,874.95
2026-06-26,874.0,885.0,870.01,883.7
2026-06-29,885.0,894.88,881.21,886.74
2026-06-30,883.0,887.99,860.02,879.03
2026-07-01,878.0,886.0,866.5,868.8
2026-07-02,882.0,896.0,874.2,887.0
2026-07-03,886.0,915.7,886.0,910.98
2026-07-06,910.0,917.0,905.1,907.77
2026-07-07,906.5,909.0,899.01,902.57
2026-07-08,908.0,912.0,895.95,901.07
2026-07-09,892.0,899.0,883.0,898.79
2026-07-10,899.0,904.5,896.8,897.25
2026-07-13,899.99,900.0,883.0,886.46
2026-07-14,885.3,889.0,872.0,879.9
2026-07-15,882.0,895.0,876.8,877.99
2026-07-16,880.0,888.0,876.0,877.32
