日,信号
2021-01-04,0.24095802
2021-01-05,-0.03328869
2021-01-06,-0.022853464
2021-01-07,0.11656733
2021-01-08,0.019929865
2021-01-11,0.22127083
2021-01-12,-0.014500499
2021-01-13,0.1635154
2021-01-14,0.18422998
2021-01-15,0.31244436
2021-01-18,0.11638504
2021-01-19,0.063742146
2021-01-20,0.09935856
2021-01-21,0.09148169
2021-01-22,-0.14959964
2021-01-25,0.11619196
2021-01-26,0.07561213
2021-01-27,-0.046581723
2021-01-28,0.12159379
2021-01-29,0.062311076
2021-02-01,0.032591373
2021-02-02,0.018332627
2021-02-03,0.057707857
2021-02-04,0.25661656
2021-02-05,0.29587325
2021-02-08,0.27112687
2021-02-09,0.021792796
2021-02-10,-0.008186797
2021-02-18,0.25780696
2021-02-19,-0.03744366
2021-02-22,0.15692888
2021-02-23,-0.05224908
2021-02-24,0.17248413
2021-02-25,0.010108344
2021-02-26,0.22090602
2021-03-01,0.056978066
2021-03-02,0.11183065
2021-03-03,0.10442905
2021-03-04,0.15117472
2021-03-05,0.28584948
2021-03-08,0.3777123
2021-03-09,-0.0100275595
2021-03-10,0.23920564
2021-03-11,0.078681365
2021-03-12,-0.02993245
2021-03-15,0.15394433
2021-03-16,0.00840358
2021-03-17,0.024858782
2021-03-18,0.18788306
2021-03-19,0.30679
2021-03-22,0.05508231
2021-03-23,0.02538534
2021-03-24,0.21763289
2021-03-25,-0.002259232
2021-03-26,0.15953735
2021-03-29,0.10115999
2021-03-30,-0.049028017
2021-03-31,0.0783547
2021-04-01,0.057326846
2021-04-02,0.117885135
2021-04-06,0.14626968
2021-04-07,-0.10070989
2021-04-08,0.091968715
2021-04-09,0.0031305247
2021-04-12,0.024073238
2021-04-13,0.1350784
2021-04-14,-0.027421366
2021-04-15,0.029470485
2021-04-16,-0.011420615
2021-04-19,0.19522503
2021-04-20,0.06999035
2021-04-21,0.10387955
2021-04-22,0.07231115
2021-04-23,0.18610632
2021-04-26,0.30372137
2021-04-27,0.05008179
2021-04-28,0.17360863
2021-04-29,-0.02625832
2021-04-30,0.26635057
2021-05-06,0.018550327
2021-05-07,0.1357091
2021-05-10,0.23270857
2021-05-11,-0.20870566
2021-05-12,0.09297653
2021-05-13,0.26685548
2021-05-14,0.10691544
2021-05-17,0.24596119
2021-05-18,-0.018631542
2021-05-19,0.056169212
2021-05-20,-0.004008076
2021-05-21,-0.034132406
2021-05-24,0.10345874
2021-05-25,0.009330975
2021-05-26,0.10183938
2021-05-27,0.19807859
2021-05-28,0.0044711353
2021-05-31,0.13759789
2021-06-01,0.0431265
2021-06-02,-0.0040414087
2021-06-03,-0.010039493
2021-06-04,-0.061160587
2021-06-07,0.109295405
2021-06-08,0.17700675
2021-06-09,0.096675605
2021-06-10,-0.0049683503
2021-06-11,0.17974584
2021-06-15,0.01914956
2021-06-16,0.23885603
2021-06-17,0.024469744
2021-06-18,0.076272085
2021-06-21,0.12436203
2021-06-22,0.054048885
2021-06-23,0.09041528
2021-06-24,0.16199818
2021-06-25,-0.09584381
2021-06-28,0.1545693
2021-06-29,0.058570363
2021-06-30,-0.08372091
2021-07-01,-0.004171759
2021-07-02,0.12654006
2021-07-05,0.20813656
2021-07-06,0.047398884
2021-07-07,0.16457966
2021-07-08,0.14792533
2021-07-09,-0.02705884
2021-07-12,0.21095808
2021-07-13,0.14602682
2021-07-14,-0.0030880994
2021-07-15,0.079939626
2021-07-16,0.098784015
2021-07-19,-0.043186642
2021-07-20,0.00978526
2021-07-21,0.070953645
2021-07-22,0.021479117
2021-07-23,0.17538223
2021-07-26,0.19997773
2021-07-27,0.3092206
2021-07-28,0.16950662
2021-07-29,0.09628695
2021-07-30,0.25584653
2021-08-02,0.1750231
2021-08-03,0.35505253
2021-08-04,0.026629785
2021-08-05,-0.006964018
2021-08-06,0.04575173
2021-08-09,0.06592502
2021-08-10,0.01593995
2021-08-11,0.20252278
2021-08-12,-0.039773814
2021-08-13,0.0947372
2021-08-16,0.18153617
2021-08-17,0.162536
2021-08-18,-0.1557277
2021-08-19,-0.07263677
2021-08-20,0.32546967
2021-08-23,0.08316745
2021-08-24,-0.004889995
2021-08-25,0.012056622
2021-08-26,0.183632
2021-08-27,0.015097709
2021-08-30,0.03280931
2021-08-31,0.10414152
2021-09-01,0.043960314
2021-09-02,0.17043366
2021-09-03,-0.02098527
2021-09-06,0.116504624
2021-09-07,0.04414347
2021-09-08,0.093891524
2021-09-09,0.13874875
2021-09-10,-0.07959778
2021-09-13,0.07049119
2021-09-14,0.1342335
2021-09-15,0.07670072
2021-09-16,0.06580959
2021-09-17,0.25461787
2021-09-22,0.045843948
2021-09-23,-0.0181059
2021-09-24,0.05171014
2021-09-27,0.14535835
2021-09-28,-0.02312375
2021-09-29,-0.10245083
2021-09-30,-0.12150018
2021-10-08,0.030906072
2021-10-11,0.11677934
2021-10-12,0.06612777
2021-10-13,-0.26676795
2021-10-14,0.06944555
2021-10-15,0.04201794
2021-10-18,0.10807705
2021-10-19,0.087276906
2021-10-20,0.09845094
2021-10-21,0.10579626
2021-10-22,-0.0049852105
2021-10-25,0.119500995
2021-10-26,0.19936274
2021-10-27,0.07085076
2021-10-28,0.13084093
2021-10-29,0.04207899
2021-11-01,0.06320796
2021-11-02,0.18787538
2021-11-03,0.11451386
2021-11-04,0.02830484
2021-11-05,0.17694858
2021-11-08,-0.04703342
2021-11-09,0.041262962
2021-11-10,-0.08333262
2021-11-11,0.10307381
2021-11-12,0.033101358
2021-11-15,0.059196293
2021-11-16,0.17874707
2021-11-17,0.010218872
2021-11-18,0.025449758
2021-11-19,0.089732625
2021-11-22,0.06906214
2021-11-23,0.03878102
2021-11-24,-0.017953241
2021-11-25,0.0958611
2021-11-26,0.11525528
2021-11-29,0.27806285
2021-11-30,0.053729314
2021-12-01,0.059389748
2021-12-02,0.07123425
2021-12-03,0.07519088
2021-12-06,0.10811745
2021-12-07,0.07975547
2021-12-08,0.21833153
2021-12-09,0.18490238
2021-12-10,0.06345378
2021-12-13,0.16806658
2021-12-14,0.036083706
2021-12-15,0.21831211
2021-12-16,0.08752502
2021-12-17,0.1715703
2021-12-20,-0.029919624
2021-12-21,-0.08320711
2021-12-22,0.08186196
2021-12-23,0.16465144
2021-12-24,0.07836874
2021-12-27,0.24032862
2021-12-28,-0.0011126607
2021-12-29,0.13664183
2021-12-30,0.19896372
2021-12-31,0.10549245
2022-01-04,0.7095588
2022-01-05,0.75103533
2022-01-06,0.6859373
2022-01-07,0.6651148
2022-01-10,0.803435
2022-01-11,0.75200593
2022-01-12,0.7354006
2022-01-13,0.77905196
2022-01-14,0.80864275
2022-01-17,0.77546424
2022-01-18,0.8134165
2022-01-19,0.7904612
2022-01-20,0.6613823
2022-01-21,0.73247707
2022-01-24,0.7225014
2022-01-25,0.7066275
2022-01-26,0.7778431
2022-01-27,0.676352
2022-01-28,0.6842966
2022-02-07,0.82142293
2022-02-08,0.72907454
2022-02-09,0.7933125
2022-02-10,0.83880484
2022-02-11,0.72968817
2022-02-14,0.8183759
2022-02-15,0.81916773
2022-02-16,0.82664204
2022-02-17,0.8143406
2022-02-18,0.76866734
2022-02-21,0.6800416
2022-02-22,0.7535752
2022-02-23,0.80479443
2022-02-24,0.81032705
2022-02-25,0.81172943
2022-02-28,0.70381945
2022-03-01,0.7745844
2022-03-02,0.73091537
2022-03-03,0.760136
2022-03-04,0.8382093
2022-03-07,0.7732965
2022-03-08,0.61291754
2022-03-09,0.8260708
2022-03-10,0.8985733
2022-03-11,0.5624997
2022-03-14,0.7358489
2022-03-15,0.78881264
2022-03-16,0.35389972
2022-03-17,0.8624159
2022-03-18,0.68269104
2022-03-21,0.8552427
2022-03-22,0.68257517
2022-03-23,0.84046185
2022-03-24,0.6552476
2022-03-25,0.82992375
2022-03-28,0.811189
2022-03-29,0.7161372
2022-03-30,0.745268
2022-03-31,0.807947
2022-04-01,0.7789792
2022-04-06,0.74687254
2022-04-07,0.77776194
2022-04-08,0.6367749
2022-04-11,0.7017857
2022-04-12,0.4800214
2022-04-13,0.6154473
2022-04-14,0.73540866
2022-04-15,0.6882824
2022-04-18,0.8684068
2022-04-19,0.78674847
2022-04-20,0.8152875
2022-04-21,0.67392886
2022-04-22,0.6440759
2022-04-25,0.6880231
2022-04-26,0.8428667
2022-04-27,0.54005796
2022-04-28,0.827283
2022-04-29,0.69442177
2022-05-05,0.8419449
2022-05-06,0.8161996
2022-05-09,0.8344371
2022-05-10,0.83292115
2022-05-11,0.8175291
2022-05-12,0.78728807
2022-05-13,0.70003927
2022-05-16,0.7398776
2022-05-17,0.67016435
2022-05-18,0.79512
2022-05-19,0.6739085
2022-05-20,0.592698
2022-05-23,0.74987245
2022-05-24,0.8147295
2022-05-25,0.6421879
2022-05-26,0.7522496
2022-05-27,0.8088125
2022-05-30,0.7959156
2022-05-31,0.74713635
2022-06-01,0.81423837
2022-06-02,0.6901907
2022-06-06,0.8189672
2022-06-07,0.75331736
2022-06-08,0.80901873
2022-06-09,0.77764004
2022-06-10,0.772957
2022-06-13,0.7535547
2022-06-14,0.55998963
2022-06-15,0.6403731
2022-06-16,0.83285636
2022-06-17,0.5995334
2022-06-20,0.7970225
2022-06-21,0.775123
2022-06-22,0.74462926
2022-06-23,0.6139956
2022-06-24,0.8313408
2022-06-27,0.79604787
2022-06-28,0.7604128
2022-06-29,0.78081876
2022-06-30,0.7391147
2022-07-01,0.836249
2022-07-04,0.78665
2022-07-05,0.7348374
2022-07-06,0.754156
2022-07-07,0.7825602
2022-07-08,0.81348926
2022-07-11,0.7755314
2022-07-12,0.74645317
2022-07-13,0.81769055
2022-07-14,0.83624136
2022-07-15,0.79610926
2022-07-18,0.79526937
2022-07-19,0.81245583
2022-07-20,0.813935
2022-07-21,0.71694964
2022-07-22,0.77068484
2022-07-25,0.7949309
2022-07-26,0.82309616
2022-07-27,0.76446956
2022-07-28,0.8187106
2022-07-29,0.734008
2022-08-01,0.7444864
2022-08-02,0.50846773
2022-08-03,0.69728094
2022-08-04,0.8399476
2022-08-05,0.73423314
2022-08-08,0.80479527
2022-08-09,0.7187115
2022-08-10,0.78993165
2022-08-11,0.80490434
2022-08-12,0.80687445
2022-08-15,0.72986907
2022-08-16,0.82347125
2022-08-17,0.7142501
2022-08-18,0.7272013
2022-08-19,0.7414277
2022-08-22,0.7610669
2022-08-23,0.73303765
2022-08-24,0.7050238
2022-08-25,0.7300779
2022-08-26,0.8543476
2022-08-29,0.7689705
2022-08-30,0.73819697
2022-08-31,0.5424908
2022-09-01,0.80069935
2022-09-02,0.83608377
2022-09-05,0.795037
2022-09-06,0.8181146
2022-09-07,0.83055604
2022-09-08,0.74715203
2022-09-09,0.7678561
2022-09-13,0.7660331
2022-09-14,0.75247294
2022-09-15,0.75681645
2022-09-16,0.79777306
2022-09-19,0.78626025
2022-09-20,0.8599148
2022-09-21,0.7009589
2022-09-22,0.8705797
2022-09-23,0.46377897
2022-09-26,0.8399643
2022-09-27,0.5845631
2022-09-28,0.7117733
2022-09-29,0.78932655
2022-09-30,0.7113757
2022-10-10,0.83035976
2022-10-11,0.83133316
2022-10-12,0.5559314
2022-10-13,0.7738509
2022-10-14,0.8587941
2022-10-17,0.68088925
2022-10-18,0.791942
2022-10-19,0.83449423
2022-10-20,0.6203158
2022-10-21,0.7055253
2022-10-24,0.8287662
2022-10-25,0.6639942
2022-10-26,0.9139713
2022-10-27,0.7829218
2022-10-28,0.7064494
2022-10-31,0.84795886
2022-11-01,0.79144484
2022-11-02,0.7703134
2022-11-03,0.7630819
2022-11-04,0.795595
2022-11-07,0.7730993
2022-11-08,0.75937897
2022-11-09,0.8450739
2022-11-10,0.78748757
2022-11-11,0.7245637
2022-11-14,0.836033
2022-11-15,0.8376792
2022-11-16,0.8236941
2022-11-17,0.74651814
2022-11-18,0.75207144
2022-11-21,0.70777565
2022-11-22,0.74517375
2022-11-23,0.48333892
2022-11-24,0.8035784
2022-11-25,0.7524896
2022-11-28,0.7770388
2022-11-29,0.759999
2022-11-30,0.77091384
2022-12-01,0.83250445
2022-12-02,0.787094
2022-12-05,0.7819006
2022-12-06,0.7945086
2022-12-07,0.7307116
2022-12-08,0.8076755
2022-12-09,0.7057975
2022-12-12,0.733008
2022-12-13,0.7316457
2022-12-14,0.78034765
2022-12-15,0.69636106
2022-12-16,0.7735848
2022-12-19,0.7716335
2022-12-20,0.8248657
2022-12-21,0.8379102
2022-12-22,0.8254965
2022-12-23,0.7758565
2022-12-26,0.87358
2022-12-27,0.6161872
2022-12-28,0.8052514
2022-12-29,0.8331431
2022-12-30,0.7698623
2023-01-03,0.3629393
2023-01-04,0.45404196
2023-01-05,0.34833986
2023-01-06,0.46227488
2023-01-09,0.33134204
2023-01-10,0.17095912
2023-01-11,0.15427187
2023-01-12,0.24311495
2023-01-13,0.16049051
2023-01-16,0.43468475
2023-01-17,0.38483897
2023-01-18,0.094100915
2023-01-19,0.14749403
2023-01-20,-0.0064617903
2023-01-30,0.34939915
2023-01-31,0.107645944
2023-02-01,0.047965523
2023-02-02,0.24820428
2023-02-03,0.12140596
2023-02-06,0.11671028
2023-02-07,0.13081492
2023-02-08,0.17372681
2023-02-09,0.136013
2023-02-10,0.28349954
2023-02-13,0.2155798
2023-02-14,0.14119707
2023-02-15,0.08437448
2023-02-16,0.289643
2023-02-17,0.38140598
2023-02-20,0.018264012
2023-02-21,0.26787144
2023-02-22,0.2667271
2023-02-23,0.111069605
2023-02-24,-0.14296678
2023-02-27,0.4014349
2023-02-28,0.18363103
2023-03-01,0.14674726
2023-03-02,0.18117823
2023-03-03,-0.08735679
2023-03-06,0.12519222
2023-03-07,-0.097914115
2023-03-08,-0.06738399
2023-03-09,-0.09178812
2023-03-10,0.11817875
2023-03-13,-0.08532649
2023-03-14,-0.06198604
2023-03-15,0.3007596
2023-03-16,0.16363756
2023-03-17,0.332318
2023-03-20,0.16785674
2023-03-21,0.10064658
2023-03-22,0.23082773
2023-03-23,0.10114579
2023-03-24,0.038366247
2023-03-27,-0.043824308
2023-03-28,0.018023908
2023-03-29,0.1854384
2023-03-30,-0.08740944
2023-03-31,0.13271151
2023-04-03,0.18462649
2023-04-04,0.046480447
2023-04-06,0.07584409
2023-04-07,0.08929157
2023-04-10,0.16380873
2023-04-11,0.32894105
2023-04-12,0.14364938
2023-04-13,0.23185785
2023-04-14,0.05510255
2023-04-17,0.10958246
2023-04-18,-0.00023699552
2023-04-19,0.06176396
2023-04-20,-0.077682175
2023-04-21,0.2997005
2023-04-24,0.096613936
2023-04-25,0.22600143
2023-04-26,0.043458458
2023-04-27,0.12728536
2023-04-28,0.06497224
2023-05-04,0.07616314
2023-05-05,-0.020695474
2023-05-08,-0.12608294
2023-05-09,0.30317742
2023-05-10,-0.11108638
2023-05-11,0.26437864
2023-05-12,0.15825228
2023-05-15,-0.28237
2023-05-16,-0.014599329
2023-05-17,0.19391444
2023-05-18,0.029299628
2023-05-19,0.26801592
2023-05-22,0.104415834
2023-05-23,0.3638162
2023-05-24,0.41339678
2023-05-25,0.0067246095
2023-05-26,-0.28922257
2023-05-29,0.1074148
2023-05-30,0.25886652
2023-05-31,0.21200013
2023-06-01,0.32571822
2023-06-02,0.34222713
2023-06-05,0.091092035
2023-06-06,0.13912936
2023-06-07,0.06384321
2023-06-08,-0.25641212
2023-06-09,0.0992666
2023-06-12,0.23461767
2023-06-13,0.15293658
2023-06-14,0.057196476
2023-06-15,0.18995953
2023-06-16,0.0821388
2023-06-19,0.075245954
2023-06-20,0.026114414
2023-06-21,0.1839443
2023-06-26,0.22402534
2023-06-27,0.19557843
2023-06-28,-0.050040174
2023-06-29,0.10043397
2023-06-30,0.15887934
2023-07-03,0.21760869
2023-07-04,0.24385813
2023-07-05,0.2559642
2023-07-06,0.28874463
2023-07-07,-0.2572414
2023-07-10,0.38540417
2023-07-11,0.18314633
2023-07-12,0.18741488
2023-07-13,-0.15459388
2023-07-14,0.18725884
2023-07-17,0.18260542
2023-07-18,0.14437036
2023-07-19,-0.0016292662
2023-07-20,0.074549645
2023-07-21,0.326089
2023-07-24,0.19501959
2023-07-25,0.18972032
2023-07-26,0.17296648
2023-07-27,0.0788378
2023-07-28,0.19883059
2023-07-31,0.27222323
2023-08-01,0.21511745
2023-08-02,0.031442504
2023-08-03,-0.25568599
2023-08-04,-0.19581497
2023-08-07,0.025636077
2023-08-08,-0.055273436
2023-08-09,0.13574532
2023-08-10,-0.08140432
2023-08-11,-0.007941765
2023-08-14,-0.04604228
2023-08-15,0.27925617
2023-08-16,0.3696515
2023-08-17,0.6400545
2023-08-18,0.25724682
2023-08-21,0.24630682
2023-08-22,0.18154892
2023-08-23,0.15031251
2023-08-24,-0.13584407
2023-08-25,0.3015054
2023-08-28,0.73157537
2023-08-29,0.52091837
2023-08-30,0.40512252
2023-08-31,0.09327157
2023-09-01,0.22501805
2023-09-04,0.09599632
2023-09-05,-0.014837662
2023-09-06,-0.051300406
2023-09-07,-0.01981088
2023-09-08,-0.029851075
2023-09-11,0.10721282
2023-09-12,0.42821684
2023-09-13,0.012929523
2023-09-14,-0.1574433
2023-09-15,0.30052912
2023-09-18,0.33157936
2023-09-19,0.19208547
2023-09-20,0.044263057
2023-09-21,0.17139086
2023-09-22,0.35554397
2023-09-25,-0.09525764
2023-09-26,-0.043083895
2023-09-27,0.36913604
2023-09-28,-0.020302419
2023-10-09,0.1350847
2023-10-10,0.074991755
2023-10-11,0.268502
2023-10-12,0.19182266
2023-10-13,0.13131951
2023-10-16,-0.054801185
2023-10-17,0.2960698
2023-10-18,0.06541115
2023-10-19,0.27715275
2023-10-20,0.27841952
2023-10-23,-0.15996554
2023-10-24,0.46431798
2023-10-25,0.38767752
2023-10-26,0.006142554
2023-10-27,0.22495344
2023-10-30,0.3272714
2023-10-31,-0.08912683
2023-11-01,0.27313548
2023-11-02,0.06352089
2023-11-03,0.36176178
2023-11-06,0.21606028
2023-11-07,0.14292537
2023-11-08,0.24120633
2023-11-09,0.03922204
2023-11-10,0.30620456
2023-11-13,0.039518755
2023-11-14,0.25305432
2023-11-15,0.308796
2023-11-16,0.24896035
2023-11-17,0.25357747
2023-11-20,0.25386304
2023-11-21,-0.05395896
2023-11-22,-0.10671605
2023-11-23,0.24149331
2023-11-24,0.12322754
2023-11-27,-0.1865794
2023-11-28,0.35238522
2023-11-29,0.32954422
2023-11-30,0.12861732
2023-12-01,0.07189181
2023-12-04,0.18602133
2023-12-05,0.10989702
2023-12-06,0.09126637
2023-12-07,-0.13405797
2023-12-08,0.17230895
2023-12-11,-0.097566426
2023-12-12,0.25266773
2023-12-13,0.4011855
2023-12-14,0.38709795
2023-12-15,0.1727975
2023-12-18,0.077714734
2023-12-19,0.18369776
2023-12-20,0.16627724
2023-12-21,0.11089269
2023-12-22,0.6115718
2023-12-25,-0.038984716
2023-12-26,0.110654876
2023-12-27,0.17407975
2023-12-28,0.53500587
2023-12-29,0.3150094
2024-01-02,0.06654306
2024-01-03,0.12441947
2024-01-04,-0.001975073
2024-01-05,0.14027254
2024-01-08,0.120159246
2024-01-09,0.15473258
2024-01-10,0.059097122
2024-01-11,-0.070231274
2024-01-12,0.14638756
2024-01-15,0.12139467
2024-01-16,-0.05359316
2024-01-17,0.14258708
2024-01-18,-0.023946643
2024-01-19,0.17231461
2024-01-22,0.3886229
2024-01-23,0.018859532
2024-01-24,0.08059113
2024-01-25,0.08131733
2024-01-26,0.03235693
2024-01-29,0.24768975
2024-01-30,0.23282321
2024-01-31,0.2578068
2024-02-01,0.16142578
2024-02-02,0.032744877
2024-02-05,-0.07753033
2024-02-06,-0.11173344
2024-02-07,0.090020694
2024-02-08,0.17686725
2024-02-19,0.10371454
2024-02-20,0.003601004
2024-02-21,0.3087368
2024-02-22,-0.13554642
2024-02-23,0.006889228
2024-02-26,0.19423005
2024-02-27,-0.0298213
2024-02-28,0.178485
2024-02-29,0.00723415
2024-03-01,0.12687519
2024-03-04,0.060448747
2024-03-05,0.07619904
2024-03-06,0.05650706
2024-03-07,0.28172666
2024-03-08,-0.03653495
2024-03-11,-0.13183066
2024-03-12,-0.09338041
2024-03-13,0.017787356
2024-03-14,0.021961585
2024-03-15,-0.1011171
2024-03-18,-0.06594012
2024-03-19,0.054239184
2024-03-20,-0.06391751
2024-03-21,-0.07413306
2024-03-22,0.024467254
2024-03-25,0.2802571
2024-03-26,0.00829578
2024-03-27,0.16261482
2024-03-28,0.2786613
2024-03-29,-0.037283164
2024-04-01,0.022193845
2024-04-02,0.038630664
2024-04-03,0.0065176757
2024-04-08,0.12706982
2024-04-09,0.055893384
2024-04-10,0.115010284
2024-04-11,0.021111978
2024-04-12,0.021565687
2024-04-15,0.072380506
2024-04-16,0.012641217
2024-04-17,0.14122386
2024-04-18,0.1836963
2024-04-19,-0.021653976
2024-04-22,0.06071713
2024-04-23,-0.018445773
2024-04-24,-0.0694177
2024-04-25,0.08025939
2024-04-26,-0.015106052
2024-04-29,0.093487546
2024-04-30,-0.038684674
2024-05-06,0.118389525
2024-05-07,-0.07031604
2024-05-08,0.10796498
2024-05-09,0.04957571
2024-05-10,-0.055204637
2024-05-13,0.021190103
2024-05-14,0.03510831
2024-05-15,0.076573834
2024-05-16,0.07187822
2024-05-17,-0.10911864
2024-05-20,-0.028259823
2024-05-21,-0.04741184
2024-05-22,-0.014214632
2024-05-23,0.1234468
2024-05-24,0.24561341
2024-05-27,-0.022146668
2024-05-28,0.06419564
2024-05-29,0.0038509734
2024-05-30,0.08265819
2024-05-31,0.065370254
2024-06-03,0.08354658
2024-06-04,0.16812249
2024-06-05,0.19867918
2024-06-06,0.07673497
2024-06-07,0.04436891
2024-06-11,0.15243493
2024-06-12,0.035965048
2024-06-13,0.02918682
2024-06-14,-0.08273863
2024-06-17,0.0023404455
2024-06-18,-0.026678598
2024-06-19,0.090934366
2024-06-20,0.076888986
2024-06-21,0.0017400287
2024-06-24,-0.083159804
2024-06-25,-0.0063870237
2024-06-26,0.02576508
2024-06-27,0.08664212
2024-06-28,0.17525415
2024-07-01,-0.1267438
2024-07-02,0.07160143
2024-07-03,0.041141104
2024-07-04,0.122387074
2024-07-05,0.009947271
2024-07-08,0.027256
2024-07-09,-0.042258374
2024-07-10,0.100228
2024-07-11,0.011240341
2024-07-12,0.05179744
2024-07-15,0.05208052
2024-07-16,-0.05043031
2024-07-17,0.012322729
2024-07-18,-0.15139546
2024-07-19,0.061408795
2024-07-22,0.06757365
2024-07-23,0.22031519
2024-07-24,0.18122521
2024-07-25,0.18925345
2024-07-26,-0.003382761
2024-07-29,0.039678898
2024-07-30,0.051605277
2024-07-31,0.098905936
2024-08-01,-0.058543153
2024-08-02,0.10616509
2024-08-05,0.24780622
2024-08-06,0.076281056
2024-08-07,-0.024844464
2024-08-08,0.1252728
2024-08-09,0.14922231
2024-08-12,-0.039960783
2024-08-13,-0.06086403
2024-08-14,0.066502854
2024-08-15,0.054191433
2024-08-16,0.022493884
2024-08-19,0.08329077
2024-08-20,0.052951418
2024-08-21,0.056863867
2024-08-22,0.016620267
2024-08-23,0.08911391
2024-08-26,0.04696836
2024-08-27,0.04033556
2024-08-28,0.051240485
2024-08-29,0.088705614
2024-08-30,0.2031757
2024-09-02,0.14460477
2024-09-03,-0.008955898
2024-09-04,0.15295318
2024-09-05,0.021854753
2024-09-06,0.118971206
2024-09-09,0.07581954
2024-09-10,-0.07342835
2024-09-11,0.00541277
2024-09-12,0.034978237
2024-09-13,-0.018080506
2024-09-18,0.014741492
2024-09-19,-0.0010487825
2024-09-20,0.052626394
2024-09-23,0.072422735
2024-09-24,0.04607549
2024-09-25,0.31446493
2024-09-26,-0.06274497
2024-09-27,0.18083692
2024-09-30,0.18023637
2024-10-08,0.35487074
2024-10-09,-0.08179079
2024-10-10,0.27484146
2024-10-11,-0.02954718
2024-10-14,-0.0018751338
2024-10-15,0.2165968
2024-10-16,0.084066354
2024-10-17,0.165864
2024-10-18,0.050657254
2024-10-21,0.08926
2024-10-22,0.026811173
2024-10-23,0.05032271
2024-10-24,-0.011929765
2024-10-25,-0.01727983
2024-10-28,-0.054796934
2024-10-29,0.10630876
2024-10-30,0.13299096
2024-10-31,0.13695094
2024-11-01,0.03298812
2024-11-04,0.022458589
2024-11-05,0.05390085
2024-11-06,0.095919475
2024-11-07,-0.02124988
2024-11-08,0.080002524
2024-11-11,-0.062241413
2024-11-12,0.06162904
2024-11-13,0.10775344
2024-11-14,0.15115698
2024-11-15,0.11882645
2024-11-18,-0.0724147
2024-11-19,0.0575021
2024-11-20,0.032186728
2024-11-21,0.0060355747
2024-11-22,0.26902354
2024-11-25,-0.08197166
2024-11-26,0.11360799
2024-11-27,-0.007913604
2024-11-28,0.07811159
2024-11-29,0.08910124
2024-12-02,0.01028101
2024-12-03,0.04306338
2024-12-04,0.101489946
2024-12-05,-0.012216128
2024-12-06,0.11679033
2024-12-09,0.18317324
2024-12-10,0.13864061
2024-12-11,0.010328591
2024-12-12,-0.030302072
2024-12-13,0.18109992
2024-12-16,0.0015735194
2024-12-17,-0.030954793
2024-12-18,0.05327686
2024-12-19,-0.15454806
2024-12-20,0.089727804
2024-12-23,0.10018631
2024-12-24,-0.0503503
2024-12-25,-0.13321993
2024-12-26,0.041932624
2024-12-27,0.1633362
2024-12-30,0.045006767
2024-12-31,0.044846933
2025-01-02,0.38940078
2025-01-03,0.26241893
2025-01-06,0.37411726
2025-01-07,-0.16035059
2025-01-08,0.009466591
2025-01-09,0.35505262
2025-01-10,0.41654974
2025-01-13,0.37528837
2025-01-14,0.63426787
2025-01-15,0.35814676
2025-01-16,0.2648966
2025-01-17,0.2342182
2025-01-20,0.26163572
2025-01-21,-0.061105616
2025-01-22,0.20196004
2025-01-23,0.52691805
2025-01-24,0.31120172
2025-01-27,0.24429014
2025-02-05,0.35857648
2025-02-06,0.46582928
2025-02-07,0.6783913
2025-02-10,0.019654471
2025-02-11,0.12213532
2025-02-12,0.3237724
2025-02-13,0.11265268
2025-02-14,0.17179385
2025-02-17,0.27625012
2025-02-18,0.23317404
2025-02-19,0.3718779
2025-02-20,0.19525436
2025-02-21,0.18250206
2025-02-24,0.47085008
2025-02-25,0.49858075
2025-02-26,0.16525519
2025-02-27,0.035111554
2025-02-28,0.024238711
2025-03-03,0.46381122
2025-03-04,0.2759797
2025-03-05,-0.0084564565
2025-03-06,0.42949742
2025-03-07,0.36783776
2025-03-10,0.14039715
2025-03-11,0.24169919
2025-03-12,0.19666253
2025-03-13,0.0015981555
2025-03-14,0.33746952
2025-03-17,0.26034167
2025-03-18,0.19610104
2025-03-19,0.10961709
2025-03-20,0.29651445
2025-03-21,0.20904693
2025-03-24,-0.097857
2025-03-25,0.0662385
2025-03-26,0.36258197
2025-03-27,0.4046308
2025-03-28,0.121197864
2025-03-31,0.05051159
2025-04-01,0.36672714
2025-04-02,0.34674937
2025-04-03,0.25649047
2025-04-07,-0.18649
2025-04-08,-0.06825669
2025-04-09,0.39675823
2025-04-10,0.51392114
2025-04-11,0.09621887
2025-04-14,0.35769796
2025-04-15,0.08612683
2025-04-16,-0.13955806
2025-04-17,0.465794
2025-04-18,0.07370636
2025-04-21,0.25717854
2025-04-22,0.1236907
2025-04-23,-0.0027013929
2025-04-24,0.20147519
2025-04-25,0.24021158
2025-04-28,-0.025360296
2025-04-29,0.31351072
2025-04-30,0.27911308
2025-05-06,0.3283381
2025-05-07,-0.019847179
2025-05-08,0.4214839
2025-05-09,-0.07180298
2025-05-12,0.18880844
2025-05-13,0.057852566
2025-05-14,-0.06764801
2025-05-15,0.1357108
2025-05-16,0.12725946
2025-05-19,0.1287646
2025-05-20,0.38165918
2025-05-21,0.115060546
2025-05-22,0.24962202
2025-05-23,0.316997
2025-05-26,0.34795576
2025-05-27,-0.015855644
2025-05-28,0.1679789
2025-05-29,0.48036665
2025-05-30,0.047502793
2025-06-03,0.29830894
2025-06-04,0.30038306
2025-06-05,0.24837172
2025-06-06,0.27268332
2025-06-09,0.39609388
2025-06-10,0.254521
2025-06-11,0.36294577
2025-06-12,0.27513108
2025-06-13,0.0411401
2025-06-16,0.2527894
2025-06-17,0.17478433
2025-06-18,-0.09490136
2025-06-19,0.13948777
2025-06-20,-0.021831
2025-06-23,0.3001478
2025-06-24,0.3802548
2025-06-25,0.17988285
2025-06-26,0.39382002
2025-06-27,0.3444079
2025-06-30,0.16723667
2025-07-01,0.057598315
2025-07-02,0.09891145
2025-07-03,-0.044440676
2025-07-04,0.15239176
2025-07-07,0.18942809
2025-07-08,0.26643166
2025-07-09,0.32893193
2025-07-10,0.09141553
2025-07-11,0.33528447
2025-07-14,0.26094466
2025-07-15,-0.0018660665
2025-07-16,0.365403
2025-07-17,0.1481704
2025-07-18,0.04706608
2025-07-21,0.2104911
2025-07-22,0.18029281
2025-07-23,0.29126802
2025-07-24,0.1900117
2025-07-25,0.157641
2025-07-28,0.37199938
2025-07-29,0.026477432
2025-07-30,0.19613864
2025-07-31,0.21825466
2025-08-01,0.18467328
2025-08-04,0.27855164
2025-08-05,0.11888604
2025-08-06,0.31744578
2025-08-07,0.13952394
2025-08-08,0.1994081
2025-08-11,0.46911818
2025-08-12,0.10985355
2025-08-13,0.27298492
2025-08-14,0.39106125
2025-08-15,0.29851413
2025-08-18,0.39420837
2025-08-19,0.28847846
2025-08-20,0.31409973
2025-08-21,0.16950011
2025-08-22,0.120590046
2025-08-25,0.56449354
2025-08-26,0.39411616
2025-08-27,0.34529907
2025-08-28,-0.014657706
2025-08-29,0.27407202
2025-09-01,0.26711446
2025-09-02,-0.0360096
2025-09-03,0.17200828
2025-09-04,0.23954625
2025-09-05,0.4571845
2025-09-08,0.17831728
2025-09-09,0.28768688
2025-09-10,0.15886652
2025-09-11,0.37913424
2025-09-12,0.13122697
2025-09-15,0.019186955
2025-09-16,-0.04844558
2025-09-17,0.3378935
2025-09-18,0.3790557
2025-09-19,0.030185282
2025-09-22,-0.017045666
2025-09-23,-0.13578872
2025-09-24,0.28607658
2025-09-25,0.3719245
2025-09-26,0.28327388
2025-09-29,0.27272037
2025-09-30,0.18873633
2025-10-09,0.23645501
2025-10-10,0.18484063
2025-10-13,0.34655407
2025-10-14,0.15794685
2025-10-15,0.1687282
2025-10-16,0.2951911
2025-10-17,0.15043163
2025-10-20,0.17236724
2025-10-21,0.4725279
2025-10-22,0.121703014
2025-10-23,-0.067326024
2025-10-24,-0.033802852
2025-10-27,0.13006918
2025-10-28,0.4045221
2025-10-29,0.1307085
2025-10-30,0.33682233
2025-10-31,0.4009386
2025-11-03,0.13355534
2025-11-04,0.06048243
2025-11-05,0.2705732
2025-11-06,0.25082758
2025-11-07,0.25284794
2025-11-10,0.10525341
2025-11-11,0.25661448
2025-11-12,0.19941111
2025-11-13,0.4947234
2025-11-14,0.38714743
2025-11-17,0.27649572
2025-11-18,0.023372006
2025-11-19,-0.06782885
2025-11-20,0.012945211
2025-11-21,-0.1154271
2025-11-24,0.12708321
2025-11-25,0.5611155
2025-11-26,0.31232175
2025-11-27,0.3293466
2025-11-28,0.22101113
2025-12-01,0.28965956
2025-12-02,0.13360013
2025-12-03,-0.051835127
2025-12-04,0.118878745
2025-12-05,0.37674266
2025-12-08,0.20518582
2025-12-09,0.17230628
2025-12-10,0.2223316
2025-12-11,0.11461256
2025-12-12,0.30053353
2025-12-15,0.35097027
2025-12-16,-0.07161224
2025-12-17,0.083667025
2025-12-18,0.41421255
2025-12-19,0.32487288
2025-12-22,0.35132912
2025-12-23,0.21717687
2025-12-24,0.28776717
2025-12-25,0.1880149
2025-12-26,0.51913357
2025-12-29,0.24279754
2025-12-30,0.30713925
2025-12-31,0.08080862
2026-01-05,0.12119399
2026-01-06,0.10696261
2026-01-07,0.16507809
2026-01-08,0.20166352
2026-01-09,0.16892919
2026-01-12,0.1322915
2026-01-13,0.2684391
2026-01-14,0.38635144
2026-01-15,-0.02178843
2026-01-16,0.059443694
2026-01-19,0.1330555
2026-01-20,-0.022333473
2026-01-21,0.1554415
2026-01-22,0.044161968
2026-01-23,0.07243043
2026-01-26,0.0821459
2026-01-27,-0.008231026
2026-01-28,0.050728895
2026-01-29,0.17894614
2026-01-30,0.030902743
2026-02-02,0.3063541
2026-02-03,0.011097525
2026-02-04,0.03753081
2026-02-05,0.059782702
2026-02-06,0.22215135
2026-02-09,-0.012740709
2026-02-10,0.04284117
2026-02-11,0.09270414
2026-02-12,0.014732826
2026-02-13,0.082243554
2026-02-24,0.13799468
2026-02-25,0.16614516
2026-02-26,0.032001898
2026-02-27,-0.0075092614
2026-03-02,0.06743102
2026-03-03,0.13802513
2026-03-04,0.12203443
2026-03-05,0.13224368
2026-03-06,0.14137729
2026-03-09,0.09492525
2026-03-10,0.021850582
2026-03-11,0.08765292
2026-03-12,0.05193744
2026-03-13,0.17109852
2026-03-16,-0.012815001
2026-03-17,0.20109975
2026-03-18,0.017256819
2026-03-19,0.100574136
2026-03-20,0.24506119
2026-03-23,0.17804444
2026-03-24,0.1061392
2026-03-25,0.088359736
2026-03-26,0.06798445
2026-03-27,0.12933712
2026-03-30,0.06659354
2026-03-31,0.19677036
2026-04-01,0.04755666
2026-04-02,0.053807348
2026-04-03,0.04813334
2026-04-07,0.13909957
2026-04-08,0.08151188
2026-04-09,0.10008516
2026-04-10,0.18891768
2026-04-13,-0.0007455174
2026-04-14,0.020900352
2026-04-15,0.06611899
2026-04-16,0.07038935
2026-04-17,0.024607386
2026-04-20,0.10536711
2026-04-21,-0.019642498
2026-04-22,0.015777288
2026-04-23,0.04916349
2026-04-24,0.1953191
2026-04-27,0.058873378
2026-04-28,0.05997016
2026-04-29,0.15629368
2026-04-30,0.06844046
2026-05-06,0.15031283
2026-05-07,0.03543607
2026-05-08,0.08102776
2026-05-11,0.09503845
2026-05-12,0.082206376
2026-05-13,0.07428841
2026-05-14,0.24448486
2026-05-15,0.20220432
2026-05-18,0.12706953
2026-05-19,0.061240863
2026-05-20,-0.0064246496
2026-05-21,0.38676703
2026-05-22,0.06502829
2026-05-25,0.041655444
2026-05-26,-0.009876737
2026-05-27,-0.0011106345
2026-05-28,0.086024806
2026-05-29,0.10220905
2026-06-01,0.15098076
2026-06-02,0.023860337
2026-06-03,0.16440484
2026-06-04,0.029570844
2026-06-05,0.22645764
2026-06-08,0.024724882
2026-06-09,0.03436442
2026-06-10,-0.01962075
2026-06-11,-0.015482019
2026-06-12,0.16233788
2026-06-15,0.05982126
2026-06-16,0.09554689
2026-06-17,-0.0047404817
2026-06-18,0.12878999
2026-06-22,0.047917485
2026-06-23,0.11663079
2026-06-24,0.009036614
2026-06-25,0.07269639
2026-06-26,0.070171595
2026-06-29,0.07054417
2026-06-30,0.10435363
2026-07-01,0.24532752
2026-07-02,0.17646077
2026-07-03,0.10637899
2026-07-06,0.1044604
2026-07-07,0.07386429
2026-07-08,0.06330885
2026-07-09,0.014731449
2026-07-10,0.35453486
2026-07-13,0.047050256
2026-07-14,0.027868941
2026-07-15,0.11589537
2026-07-16,0.094385624
2026-07-17,0.38109007
2026-07-20,-0.01304244
2026-07-21,0.03324819
2026-07-22,0.042689543
2026-07-23,0.023644807
2026-07-24,0.07322479
2026-07-27,0.08732178
2026-07-28,0.041743655
2026-07-29,0.06133772
