date,p_bear
2015-01-05,0.3804714504202549
2015-01-06,0.38897807725271294
2015-01-07,0.4067712769153513
2015-01-08,0.4275577262640437
2015-01-09,0.4260532498890902
2015-01-12,0.445728773529996
2015-01-13,0.44823300971095625
2015-01-14,0.4659995297486019
2015-01-15,0.46961319617712355
2015-01-16,0.5343473199148452
2015-01-19,0.589105908519327
2015-01-20,0.5534511432371267
2015-01-21,0.6029754213027576
2015-01-22,0.6932886684514697
2015-01-23,0.7219216796272431
2015-01-26,0.7334573600680785
2015-01-27,0.7437239563613768
2015-01-28,0.7357121328797276
2015-01-29,0.7254220851455003
2015-01-30,0.7122999406711744
2015-02-02,0.6995923230628329
2015-02-03,0.6807248149440378
2015-02-04,0.7080079921503944
2015-02-05,0.685431384840095
2015-02-06,0.6652923561500398
2015-02-09,0.6371137940459699
2015-02-10,0.6351603267908081
2015-02-11,0.650025406863326
2015-02-12,0.6576283862797832
2015-02-13,0.656774302704015
2015-02-16,0.6671387165654163
2015-02-17,0.6751521544092469
2015-02-25,0.7184689058830332
2015-02-26,0.7095965394953166
2015-02-27,0.7406838085194283
2015-03-02,0.7420502336656357
2015-03-03,0.7478150815812219
2015-03-04,0.7227277923391304
2015-03-05,0.7283153586589736
2015-03-06,0.7197033940457597
2015-03-09,0.7140795146132105
2015-03-10,0.7321307158570837
2015-03-11,0.7238492488165039
2015-03-12,0.7263390603128552
2015-03-13,0.7365266960280988
2015-03-16,0.7399284525335718
2015-03-17,0.737059833089988
2015-03-18,0.721550828258412
2015-03-19,0.7146314699422774
2015-03-20,0.7130736924689567
2015-03-23,0.7151473997476766
2015-03-24,0.7160654990875065
2015-03-25,0.7133146311134992
2015-03-26,0.7047677678080506
2015-03-27,0.7069573731141526
2015-03-30,0.7148029802579388
2015-03-31,0.7172134444507526
2015-04-01,0.6564134008997027
2015-04-02,0.6746127836400699
2015-04-03,0.6704021268183291
2015-04-07,0.6641378772594652
2015-04-08,0.6670857485510003
2015-04-09,0.6745861358497378
2015-04-10,0.6693968949279832
2015-04-13,0.6736055834144877
2015-04-14,0.6806207327861291
2015-04-15,0.6846305369254144
2015-04-16,0.6762637553242066
2015-04-17,0.6945566069408194
2015-04-20,0.7021281657670216
2015-04-21,0.7057454998441759
2015-04-22,0.748910509664817
2015-04-23,0.7608823278759453
2015-04-24,0.7757063776522084
2015-04-27,0.7382848018387266
2015-04-28,0.7638885228643912
2015-04-29,0.7605381389784092
2015-04-30,0.7800665894445391
2015-05-04,0.7892180393978415
2015-05-05,0.8051587084322559
2015-05-06,0.7734492877237262
2015-05-07,0.7734401417930714
2015-05-08,0.7656687863810482
2015-05-11,0.7781666437912163
2015-05-12,0.7954895033724323
2015-05-13,0.8079259526391577
2015-05-14,0.8120260100544654
2015-05-15,0.8323327784218959
2015-05-18,0.8421229195005564
2015-05-19,0.8601210112228845
2015-05-20,0.8825537002049217
2015-05-21,0.8817574512233564
2015-05-22,0.8795888041776522
2015-05-25,0.8792871988709108
2015-05-26,0.8745821620049195
2015-05-27,0.8611095880415341
2015-05-28,0.8482995519975655
2015-05-29,0.7826917592536808
2015-06-01,0.7758240910170805
2015-06-02,0.7992273783057066
2015-06-03,0.795853762803106
2015-06-04,0.7868871743410428
2015-06-05,0.7776744313187101
2015-06-08,0.769614786288377
2015-06-09,0.7645771738604077
2015-06-10,0.7507954788763045
2015-06-11,0.7401403689563654
2015-06-12,0.7245959325829284
2015-06-15,0.6875460130684385
2015-06-16,0.6146679821481364
2015-06-17,0.5500086875861055
2015-06-18,0.5535419772766926
2015-06-19,0.48289475472927773
2015-06-23,0.40637923828519373
2015-06-24,0.4043126822071346
2015-06-25,0.4027257171857041
2015-06-26,0.3688037851660423
2015-06-29,0.3030412105031613
2015-06-30,0.30327711523681294
2015-07-01,0.38719489938279056
2015-07-02,0.37740869665868715
2015-07-03,0.367302134101263
2015-07-06,0.348150649818124
2015-07-07,0.37095060075579794
2015-07-08,0.37021762831113847
2015-07-09,0.3512793233447341
2015-07-10,0.4017979261796392
2015-07-13,0.4424538929906276
2015-07-14,0.46302242415020867
2015-07-15,0.460402528897437
2015-07-16,0.4486202168133828
2015-07-17,0.44508705639010704
2015-07-20,0.48139571670845377
2015-07-21,0.4841874139257888
2015-07-22,0.4852912999349934
2015-07-23,0.5068585950306859
2015-07-24,0.5366372571151902
2015-07-27,0.528132648058746
2015-07-28,0.4813100386811705
2015-07-29,0.46262489697970033
2015-07-30,0.4965245911840615
2015-07-31,0.47104523338154114
2015-08-03,0.4613847888481319
2015-08-04,0.4500251119602602
2015-08-05,0.4788498251236312
2015-08-06,0.46161572331247624
2015-08-07,0.4573187051718747
2015-08-10,0.4859386054167066
2015-08-11,0.5323135180081894
2015-08-12,0.5379469931637358
2015-08-13,0.5258359913826348
2015-08-14,0.529290165408154
2015-08-17,0.5312489368950728
2015-08-18,0.5391144444785458
2015-08-19,0.4972867683687109
2015-08-20,0.505189517630814
2015-08-21,0.48824384890671946
2015-08-24,0.4693094434708599
2015-08-25,0.4136451453662876
2015-08-26,0.3876839004905352
2015-08-27,0.37273494548017194
2015-08-28,0.41661817295204806
2015-08-31,0.42174870680895465
2015-09-01,0.4231128427040239
2015-09-02,0.42244041690338524
2015-09-07,0.4297524884106282
2015-09-08,0.4088702668440149
2015-09-09,0.41688540582382255
2015-09-10,0.43078643671915
2015-09-11,0.4372286943993825
2015-09-14,0.43224105839371446
2015-09-15,0.4283749947419685
2015-09-16,0.4208106627089721
2015-09-17,0.4486227324718803
2015-09-18,0.4583972958390755
2015-09-21,0.45435228025578434
2015-09-22,0.4573910418089338
2015-09-23,0.44724602257519297
2015-09-24,0.44801500005825134
2015-09-25,0.49316934854402145
2015-09-28,0.485221828210424
2015-09-29,0.4833909268265779
2015-09-30,0.5054312121943508
2015-10-08,0.5342997553664754
2015-10-09,0.5539998411572034
2015-10-12,0.5535815048904613
2015-10-13,0.5721519844590135
2015-10-14,0.5691014537786531
2015-10-15,0.5463384665687342
2015-10-16,0.5486681941470718
2015-10-19,0.5491825288904078
2015-10-20,0.5488500390129817
2015-10-21,0.558814819310979
2015-10-22,0.5395440660108879
2015-10-23,0.5542608328846256
2015-10-26,0.5636099537771564
2015-10-27,0.5800705418226141
2015-10-28,0.5899378417898026
2015-10-29,0.5817082735914596
2015-10-30,0.5902626285652407
2015-11-02,0.6008579042802465
2015-11-03,0.5640395032063446
2015-11-04,0.5611886330022674
2015-11-05,0.5983884483849934
2015-11-06,0.6118689701046084
2015-11-09,0.6312803915188546
2015-11-10,0.6406329347440939
2015-11-11,0.638018696673083
2015-11-12,0.6375366875484206
2015-11-13,0.6320045381110476
2015-11-16,0.6229348754971901
2015-11-17,0.6185219589626985
2015-11-18,0.6159413276452502
2015-11-19,0.6061556882612037
2015-11-20,0.6156964815452203
2015-11-23,0.6128980070848913
2015-11-24,0.6321073993609669
2015-11-25,0.6054071865268393
2015-11-26,0.6100357906340507
2015-11-27,0.6006102236207604
2015-11-30,0.5636447633693232
2015-12-01,0.5313966711285557
2015-12-02,0.511714755282378
2015-12-03,0.5425385309903522
2015-12-04,0.531202779224221
2015-12-07,0.5114105837104724
2015-12-08,0.5119874665878233
2015-12-09,0.4991897830692279
2015-12-10,0.5032047113917063
2015-12-11,0.49394159152372225
2015-12-14,0.48745028698259285
2015-12-15,0.5122315363167718
2015-12-16,0.50749516286029
2015-12-17,0.5067185725291092
2015-12-18,0.5213392852778478
2015-12-21,0.5121752330291476
2015-12-22,0.5162546933033614
2015-12-23,0.5127675163806127
2015-12-24,0.507404057863072
2015-12-25,0.49589226821589666
2015-12-28,0.4977361979538949
2015-12-29,0.47675515969733684
2015-12-30,0.4824288255952862
2015-12-31,0.4767273321847961
2016-01-04,0.4758330186292244
2016-01-05,0.4461241192784263
2016-01-06,0.44612884688504073
2016-01-07,0.45805912304782054
2016-01-08,0.4264820972267735
2016-01-11,0.44085819625587497
2016-01-12,0.4153702432892749
2016-01-13,0.4196620888485389
2016-01-14,0.4085396583756595
2016-01-15,0.4301206435659657
2016-01-18,0.41513623260778226
2016-01-19,0.4205434518501369
2016-01-20,0.4433094205941625
2016-01-21,0.4339768723437177
2016-01-22,0.4150422162953609
2016-01-25,0.41661007314445164
2016-01-26,0.4190683067095068
2016-01-27,0.38555009129921086
2016-01-28,0.37911529239889785
2016-01-29,0.3636138085787193
2016-02-01,0.38563346206058835
2016-02-02,0.3798268814330083
2016-02-03,0.38600625045740417
2016-02-04,0.3818007966477015
2016-02-05,0.3887688762901022
2016-02-15,0.3805813514440292
2016-02-16,0.3797726632767802
2016-02-17,0.40333881983331366
2016-02-18,0.41097127722241505
2016-02-19,0.40866603473225616
2016-02-22,0.4136741005354771
2016-02-23,0.430890391752898
2016-02-24,0.4231971569895387
2016-02-25,0.4300062281363918
2016-02-26,0.4013179894986251
2016-02-29,0.4111585391953516
2016-03-01,0.4035458429174841
2016-03-02,0.4223299739005279
2016-03-03,0.46575168559212043
2016-03-04,0.4652468827744779
2016-03-07,0.47167955481698925
2016-03-08,0.47102062927867155
2016-03-09,0.46325222477150046
2016-03-10,0.45899531536140553
2016-03-11,0.44656432865220475
2016-03-14,0.44693886152248574
2016-03-15,0.45897800637762154
2016-03-16,0.45730236273044245
2016-03-17,0.45656253785585355
2016-03-18,0.46349074507478827
2016-03-21,0.47038621944564546
2016-03-22,0.4825619468146903
2016-03-23,0.47273350927684005
2016-03-24,0.4683456841409214
2016-03-25,0.44993022432795576
2016-03-28,0.450181813330524
2016-03-29,0.44456982620015734
2016-03-30,0.4405118991175889
2016-03-31,0.4574298517566823
2016-04-01,0.4540530419286272
2016-04-05,0.44413960017490606
2016-04-06,0.4525856511546196
2016-04-07,0.4539810044421398
2016-04-08,0.47501202744800114
2016-04-11,0.4443799469324219
2016-04-12,0.45633548188007633
2016-04-13,0.4889358346712674
2016-04-14,0.47699140862074596
2016-04-15,0.5000637610476532
2016-04-18,0.48503995523818966
2016-04-19,0.47231469209937343
2016-04-20,0.47458498991442266
2016-04-21,0.4588603428365184
2016-04-22,0.44582115353243484
2016-04-25,0.44939295504241555
2016-04-26,0.4381312110709443
2016-04-27,0.44142516942891313
2016-04-28,0.4322542121950927
2016-04-29,0.42922953303381
2016-05-03,0.42726275163116506
2016-05-04,0.4235190632784423
2016-05-05,0.4262425533235125
2016-05-06,0.4243385980679679
2016-05-09,0.39924935507717957
2016-05-10,0.3837112397878654
2016-05-11,0.3842843200459603
2016-05-12,0.38925148146694705
2016-05-13,0.39102692957684376
2016-05-16,0.38608843841654555
2016-05-17,0.39072352515771686
2016-05-18,0.38036973740106755
2016-05-19,0.37345921135372223
2016-05-20,0.3707605689801086
2016-05-23,0.3752729028387669
2016-05-24,0.3759905695236286
2016-05-25,0.3696248184466618
2016-05-26,0.36900289005874753
2016-05-27,0.34203500235036055
2016-05-30,0.34146291750318863
2016-05-31,0.3385781476866575
2016-06-01,0.37498555582788773
2016-06-02,0.357627753977103
2016-06-03,0.3553172091630307
2016-06-06,0.3597927087665105
2016-06-07,0.35728680176052474
2016-06-08,0.3584057769131783
2016-06-13,0.35425359852256094
2016-06-14,0.3334848277221121
2016-06-15,0.33581169322018856
2016-06-16,0.34583891167530056
2016-06-17,0.3422634542857503
2016-06-20,0.3468274921713561
2016-06-21,0.34735978766270165
2016-06-22,0.34595911793664186
2016-06-23,0.3525867093428389
2016-06-24,0.351351444272973
2016-06-27,0.34325228427654914
2016-06-28,0.364881862671966
2016-06-29,0.37306557317261657
2016-06-30,0.3770207165646603
2016-07-01,0.33609456864343323
2016-07-04,0.3409912724715788
2016-07-05,0.37768142734910964
2016-07-06,0.37751275560463265
2016-07-07,0.38093000371174807
2016-07-08,0.4013354487339852
2016-07-11,0.39516071197901503
2016-07-12,0.39281741062719355
2016-07-13,0.41984026779805034
2016-07-14,0.4273738831939226
2016-07-15,0.4210509071888876
2016-07-18,0.42510181726996954
2016-07-19,0.4182995765318422
2016-07-20,0.41398374997834225
2016-07-21,0.40964938359451086
2016-07-22,0.413896482760863
2016-07-25,0.40322166667068937
2016-07-26,0.406049691879461
2016-07-27,0.42277864284122013
2016-07-28,0.4091670970469875
2016-07-29,0.40736862352998016
2016-08-01,0.40405301527204557
2016-08-02,0.40526030221536413
2016-08-03,0.4100543713291207
2016-08-04,0.4108096099744842
2016-08-05,0.4112510176351245
2016-08-08,0.4063026200610097
2016-08-09,0.407181706566854
2016-08-10,0.41690935414153013
2016-08-11,0.41129750308246504
2016-08-12,0.4067486631611604
2016-08-15,0.4224161028075969
2016-08-16,0.4408206856067405
2016-08-17,0.43892602937466885
2016-08-18,0.43814923608753864
2016-08-19,0.4348836824864943
2016-08-22,0.43416357311818915
2016-08-23,0.42829917302008114
2016-08-24,0.42769726205697567
2016-08-25,0.4475491153862167
2016-08-26,0.4339778962448349
2016-08-29,0.4349411478014011
2016-08-30,0.4325253676837118
2016-08-31,0.42177306585194546
2016-09-01,0.43036398323935615
2016-09-02,0.42278288654886986
2016-09-05,0.42568866370165254
2016-09-06,0.4272864089014077
2016-09-07,0.43469462286402666
2016-09-08,0.4323338352349463
2016-09-09,0.414757162138666
2016-09-12,0.4078678585413238
2016-09-13,0.3942935502072882
2016-09-14,0.39267078342616984
2016-09-19,0.3856152879952019
2016-09-20,0.3925217340334063
2016-09-21,0.39119101212701
2016-09-22,0.3949073421901184
2016-09-23,0.40176132430687267
2016-09-26,0.39440721832785963
2016-09-27,0.3779241177596906
2016-09-28,0.385389678843469
2016-09-29,0.3818408463897306
2016-09-30,0.3848826688037943
2016-10-10,0.35117163927167266
2016-10-11,0.3635410503663044
2016-10-12,0.36722410806461026
2016-10-13,0.3660108236820565
2016-10-14,0.36579952201442134
2016-10-17,0.36376780314665125
2016-10-18,0.35381409149242365
2016-10-19,0.3662696855317632
2016-10-20,0.3645972757326316
2016-10-21,0.36597973700132974
2016-10-24,0.3688687038304531
2016-10-25,0.3840905580772849
2016-10-26,0.38315793567189477
2016-10-27,0.37954363065650515
2016-10-28,0.37349487922759356
2016-10-31,0.36955536281366386
2016-11-01,0.3686708602039126
2016-11-02,0.37203569995757635
2016-11-03,0.3601353193598787
2016-11-04,0.36956780239705717
2016-11-07,0.36375226291953494
2016-11-08,0.3602107133010378
2016-11-09,0.3652320831408825
2016-11-10,0.3597478495624765
2016-11-11,0.373602091772499
2016-11-14,0.374176210990131
2016-11-15,0.3698745840777196
2016-11-16,0.3665571675388663
2016-11-17,0.3622271967533299
2016-11-18,0.358746577891983
2016-11-21,0.3438791002000433
2016-11-22,0.3332826186120594
2016-11-23,0.3359930955128241
2016-11-24,0.33424401866991327
2016-11-25,0.33408689545647197
2016-11-28,0.33994658384079146
2016-11-29,0.3389546849692661
2016-11-30,0.341599360519392
2016-12-01,0.33101515938628173
2016-12-02,0.33533743806516747
2016-12-05,0.32624484776412643
2016-12-06,0.3129896121038694
2016-12-07,0.3138271785361837
2016-12-08,0.3179485145046895
2016-12-09,0.3152107505351995
2016-12-12,0.32174054091172494
2016-12-13,0.30671567264998234
2016-12-14,0.3041687302124684
2016-12-15,0.2978918413811743
2016-12-16,0.2870007583059789
2016-12-19,0.2895802406582975
2016-12-20,0.2836384541777721
2016-12-21,0.27864321381770507
2016-12-22,0.28687635992779653
2016-12-23,0.28538981404771807
2016-12-26,0.27897934969640953
2016-12-27,0.28392081844632105
2016-12-28,0.2804209274030909
2016-12-29,0.27371458252875874
2016-12-30,0.27384123246550107
2017-01-03,0.2545593334474535
2017-01-04,0.266809434266266
2017-01-05,0.28759815059813115
2017-01-06,0.28077879474736755
2017-01-09,0.25729922395944943
2017-01-10,0.2531917627356022
2017-01-11,0.272440345868393
2017-01-12,0.25810398817496477
2017-01-13,0.24250769479075834
2017-01-16,0.23728544270350138
2017-01-17,0.2348894670993204
2017-01-18,0.23592020588482487
2017-01-19,0.2369300126120226
2017-01-20,0.22687485161914447
2017-01-23,0.23114367024652022
2017-01-24,0.23175562673979694
2017-01-25,0.23193564735105943
2017-01-26,0.23416469726775138
2017-02-03,0.23569116354419367
2017-02-06,0.22346684326878186
2017-02-07,0.2219337558282341
2017-02-08,0.20742979998773156
2017-02-09,0.1971041171665539
2017-02-10,0.1956672307362039
2017-02-13,0.20246152538833695
2017-02-14,0.22078986869056488
2017-02-15,0.23150621993507925
2017-02-16,0.2287747870641928
2017-02-17,0.23700451319709367
2017-02-20,0.2444932805310501
2017-02-21,0.270955854241397
2017-02-22,0.27530279205081953
2017-02-23,0.2797757890056839
2017-02-24,0.28150544359066976
2017-02-27,0.2959530476473499
2017-02-28,0.29127838828136154
2017-03-01,0.2962637957561822
2017-03-02,0.29667634375510726
2017-03-03,0.2913122064587681
2017-03-06,0.2907551922076119
2017-03-07,0.30533805569644595
2017-03-08,0.3137040588899759
2017-03-09,0.33058952645957
2017-03-10,0.34925423195815714
2017-03-13,0.3516869326742758
2017-03-14,0.37202880577730973
2017-03-15,0.3784474403053131
2017-03-16,0.3824724324505167
2017-03-17,0.3881283867892738
2017-03-20,0.3619235769787298
2017-03-21,0.360501018490104
2017-03-22,0.3617976182875211
2017-03-23,0.3495860630432469
2017-03-24,0.3477133121257627
2017-03-27,0.3548616370910585
2017-03-28,0.3531843251151779
2017-03-29,0.3493491899609531
2017-03-30,0.35204201362645243
2017-03-31,0.3461720435775682
2017-04-05,0.3365259971839944
2017-04-06,0.37342865232499506
2017-04-07,0.37840821071142755
2017-04-10,0.3801582863049969
2017-04-11,0.38001963632420066
2017-04-12,0.3853355385687463
2017-04-13,0.38499650342770264
2017-04-14,0.38690923912570835
2017-04-17,0.3797663696642036
2017-04-18,0.3783294134427359
2017-04-19,0.37996752159920183
2017-04-20,0.37664571382647555
2017-04-21,0.3863774846681934
2017-04-24,0.38884490669605554
2017-04-25,0.38678872797020875
2017-04-26,0.3974338410655869
2017-04-27,0.39991819517547017
2017-04-28,0.39606487569941656
2017-05-02,0.3890912508623453
2017-05-03,0.3811460933030165
2017-05-04,0.3640134266802915
2017-05-05,0.3540379553985794
2017-05-08,0.3264192395369396
2017-05-09,0.3109740202219542
2017-05-10,0.30303527401694635
2017-05-11,0.2927228362979221
2017-05-12,0.2949294278244749
2017-05-15,0.3045470592568535
2017-05-16,0.30635101435025675
2017-05-17,0.31758175241148445
2017-05-18,0.3086010570711656
2017-05-19,0.30407892916316437
2017-05-22,0.3028651571391135
2017-05-23,0.3040688908233648
2017-05-24,0.3008904553715319
2017-05-25,0.29444797799681693
2017-05-26,0.32586130824947357
2017-05-31,0.3212190359090426
2017-06-01,0.3233805087653717
2017-06-02,0.32294110772078133
2017-06-05,0.3145917728932236
2017-06-06,0.3115902945774749
2017-06-07,0.31762101897842
2017-06-08,0.3267883684545622
2017-06-09,0.3276568947914132
2017-06-12,0.3238820037474731
2017-06-13,0.32099206445188605
2017-06-14,0.32079693646142826
2017-06-15,0.30801859367691153
2017-06-16,0.30844872526659595
2017-06-19,0.3102277682896051
2017-06-20,0.3296853373741125
2017-06-21,0.33740201444067586
2017-06-22,0.3590195060172313
2017-06-23,0.3700920588902078
2017-06-26,0.37944409352518094
2017-06-27,0.3879138349967774
2017-06-28,0.3966628554331989
2017-06-29,0.3963936616715331
2017-06-30,0.41782758314665314
2017-07-03,0.4032190120776325
2017-07-04,0.40734054736358144
2017-07-05,0.4056999564495926
2017-07-06,0.44305740479296035
2017-07-07,0.4598060823524579
2017-07-10,0.472488161108456
2017-07-11,0.4825976215606376
2017-07-12,0.50165059098553
2017-07-13,0.5040308048563166
2017-07-14,0.5153105025267798
2017-07-17,0.5140450779958327
2017-07-18,0.49926818380269844
2017-07-19,0.49774696160272214
2017-07-20,0.5120990676166576
2017-07-21,0.5022322412672391
2017-07-24,0.4848652345251022
2017-07-25,0.4847037571274225
2017-07-26,0.4675662488728843
2017-07-27,0.45594242553968123
2017-07-28,0.45013152888720714
2017-07-31,0.44433296431203195
2017-08-01,0.4456586115180969
2017-08-02,0.44365648551370906
2017-08-03,0.431082149647676
2017-08-04,0.41135986442655903
2017-08-07,0.3927749040721891
2017-08-08,0.39069748877147226
2017-08-09,0.38795292069081844
2017-08-10,0.3787103959909135
2017-08-11,0.36977662375616455
2017-08-14,0.3481594866970313
2017-08-15,0.3646213759621428
2017-08-16,0.36296067114600683
2017-08-17,0.3571398611078488
2017-08-18,0.35766671029228314
2017-08-21,0.35780503603864344
2017-08-22,0.3621851736017833
2017-08-23,0.3678678435568481
2017-08-24,0.3673303892464812
2017-08-25,0.35304007904869844
2017-08-28,0.3700060401128263
2017-08-29,0.3705928204006242
2017-08-30,0.3668729939771837
2017-08-31,0.3656781960075021
2017-09-01,0.3656746315378872
2017-09-04,0.36633668061195174
2017-09-05,0.3612576785528463
2017-09-06,0.3571476819375382
2017-09-07,0.35194596396813027
2017-09-08,0.3460460676357573
2017-09-11,0.34597313359471044
2017-09-12,0.34509114436148514
2017-09-13,0.359731758290043
2017-09-14,0.3653309764208958
2017-09-15,0.36338194897422144
2017-09-18,0.3663465396302856
2017-09-19,0.36710257680969943
2017-09-20,0.3643686002079792
2017-09-21,0.3678388047981605
2017-09-22,0.36378730824868033
2017-09-25,0.3662032655700182
2017-09-26,0.3578391705192244
2017-09-27,0.3553573787641358
2017-09-28,0.35534349196986226
2017-09-29,0.3577149723477346
2017-10-09,0.3266188765157385
2017-10-10,0.3393396113092541
2017-10-11,0.3469784083853564
2017-10-12,0.3502518214303081
2017-10-13,0.3516918973255513
2017-10-16,0.35084495650523423
2017-10-17,0.3455742565006151
2017-10-18,0.33713164680893937
2017-10-19,0.33418499364826804
2017-10-20,0.3242510164405521
2017-10-23,0.32072214162438567
2017-10-24,0.3133059969121559
2017-10-25,0.31779743071693745
2017-10-26,0.3162270605161784
2017-10-27,0.31570633531066394
2017-10-30,0.3109730035366753
2017-10-31,0.30532453823550093
2017-11-01,0.30234059579203776
2017-11-02,0.29668847254588515
2017-11-03,0.29592327326579015
2017-11-06,0.28999215939142103
2017-11-07,0.29780064372801146
2017-11-08,0.29182916717897045
2017-11-09,0.2874425478313378
2017-11-10,0.28435421740414607
2017-11-13,0.28152219926961686
2017-11-14,0.27148862338945123
2017-11-15,0.26333704212031667
2017-11-16,0.24856833338700254
2017-11-17,0.25238371421483136
2017-11-20,0.2509109450713345
2017-11-21,0.24787135363166646
2017-11-22,0.253567699037404
2017-11-23,0.25080165142743377
2017-11-24,0.24482158441136018
2017-11-27,0.24231301549432566
2017-11-28,0.2266985891068868
2017-11-29,0.2272145949956899
2017-11-30,0.22017618393847066
2017-12-01,0.20972153517890102
2017-12-04,0.2074483168652916
2017-12-05,0.2117867611620075
2017-12-06,0.21609230904361004
2017-12-07,0.21307356616442397
2017-12-08,0.20692294100111977
2017-12-11,0.21947013046170122
2017-12-12,0.24486720142591648
2017-12-13,0.24152535924532764
2017-12-14,0.2555174535698431
2017-12-15,0.24766660959129502
2017-12-18,0.24072603184355718
2017-12-19,0.24496292266631428
2017-12-20,0.2669726543631972
2017-12-21,0.2595285086299349
2017-12-22,0.2744265596627565
2017-12-25,0.2621550557425893
2017-12-26,0.25991104973408785
2017-12-27,0.27169982858439434
2017-12-28,0.2625598823572638
2017-12-29,0.2731084028699163
2018-01-02,0.2619319481168487
2018-01-03,0.30907415041529834
2018-01-04,0.3376811122479341
2018-01-05,0.3546593726726243
2018-01-08,0.3618341088388624
2018-01-09,0.3702619462141692
2018-01-10,0.38272546586769635
2018-01-11,0.38767379935943846
2018-01-12,0.38180728925907265
2018-01-15,0.3863693838823052
2018-01-16,0.3884280224211403
2018-01-17,0.3861068525036152
2018-01-18,0.38282413794929726
2018-01-19,0.38306396950679705
2018-01-22,0.38810935125381574
2018-01-23,0.39166205156430056
2018-01-24,0.394748968805225
2018-01-25,0.39641185751426056
2018-01-26,0.38699065951072453
2018-01-29,0.3853863518462957
2018-01-30,0.37462038956646476
2018-01-31,0.36479203327193055
2018-02-01,0.34409031257041567
2018-02-02,0.3198175207590404
2018-02-05,0.3174970883893905
2018-02-06,0.3108532149485546
2018-02-07,0.2949511441644183
2018-02-08,0.2800068627745072
2018-02-09,0.2721266898219965
2018-02-12,0.25747542267372153
2018-02-13,0.2755846629504814
2018-02-14,0.2890594349142075
2018-02-22,0.30074262611120467
2018-02-23,0.3400508880881456
2018-02-26,0.34802867240225716
2018-02-27,0.3645939443794152
2018-02-28,0.3478294875430284
2018-03-01,0.3265327478738133
2018-03-02,0.339113483263979
2018-03-05,0.3275881548085668
2018-03-06,0.32534699409871687
2018-03-07,0.3433085065136766
2018-03-08,0.33328754831351565
2018-03-09,0.34752539038287406
2018-03-12,0.35936832769723714
2018-03-13,0.3665231524644983
2018-03-14,0.3573015444346253
2018-03-15,0.34504938783074995
2018-03-16,0.3467028351862779
2018-03-19,0.32881610388223337
2018-03-20,0.315011568161114
2018-03-21,0.31909338024990547
2018-03-22,0.3163346764677792
2018-03-23,0.30789418634071747
2018-03-26,0.2890737107178583
2018-03-27,0.2825858170989953
2018-03-28,0.29640321989551344
2018-03-29,0.27963026160857013
2018-03-30,0.32071899293204104
2018-04-02,0.3770964079822225
2018-04-03,0.3874147875447173
2018-04-04,0.39140990726346064
2018-04-09,0.39776260573301475
2018-04-10,0.41097114961450787
2018-04-11,0.4513854946909234
2018-04-12,0.4592553086143018
2018-04-13,0.4476602676213822
2018-04-16,0.4425486210077645
2018-04-17,0.4252571705495615
2018-04-18,0.4055573566543514
2018-04-19,0.4310124272370525
2018-04-20,0.4634115041179524
2018-04-23,0.4505105729857127
2018-04-24,0.45321013250160924
2018-04-25,0.49190760480035384
2018-04-26,0.4766864697253578
2018-04-27,0.4506461665376941
2018-05-02,0.4429060083846321
2018-05-03,0.4406568229970817
2018-05-04,0.4287194476960327
2018-05-07,0.4085387590189833
2018-05-08,0.42266097449738543
2018-05-09,0.44121550890053524
2018-05-10,0.42666829388713406
2018-05-11,0.41515385231329743
2018-05-14,0.3931487692916516
2018-05-15,0.4000281972977023
2018-05-16,0.3996928396302253
2018-05-17,0.4094420351252065
2018-05-18,0.3859727218780681
2018-05-21,0.38248734902177817
2018-05-22,0.3713773884526192
2018-05-23,0.3291505804202376
2018-05-24,0.3011486112825216
2018-05-25,0.2841247837031351
2018-05-28,0.2695659633160269
2018-05-29,0.2627172068174831
2018-05-30,0.24518924270140768
2018-05-31,0.22972052569837922
2018-06-01,0.2556556438958995
2018-06-04,0.23932050467825383
2018-06-05,0.2502771904567306
2018-06-06,0.2578555808504783
2018-06-07,0.25397978343216443
2018-06-08,0.25380598811581434
2018-06-11,0.24414913518375456
2018-06-12,0.2452738546523964
2018-06-13,0.2628265047397605
2018-06-14,0.26144981156031594
2018-06-15,0.2575670245341309
2018-06-19,0.2538215927807058
2018-06-20,0.24955349981197578
2018-06-21,0.25856040539335545
2018-06-22,0.24891132480315653
2018-06-25,0.2647085361248787
2018-06-26,0.2694423551902119
2018-06-27,0.2804246665527841
2018-06-28,0.26556412376696803
2018-06-29,0.27559159580939274
2018-07-02,0.3102164981297905
2018-07-03,0.2945752414419864
2018-07-04,0.3167135616125628
2018-07-05,0.31521594536894326
2018-07-06,0.32847881732325934
2018-07-09,0.35582248440453695
2018-07-10,0.42825182335485834
2018-07-11,0.44028597351207854
2018-07-12,0.4216485646384875
2018-07-13,0.467723139205485
2018-07-16,0.47628334324530835
2018-07-17,0.46875517360414465
2018-07-18,0.4597788224685691
2018-07-19,0.44319981913760015
2018-07-20,0.44563808745324296
2018-07-23,0.48307760545264405
2018-07-24,0.49995006924347196
2018-07-25,0.525574593048839
2018-07-26,0.5294430230120089
2018-07-27,0.5189481173173639
2018-07-30,0.5103013778587583
2018-07-31,0.5095842889579003
2018-08-01,0.503533805840759
2018-08-02,0.4708074229700631
2018-08-03,0.44387204861734986
2018-08-06,0.4095865477657737
2018-08-07,0.38532220747979706
2018-08-08,0.4330652602397158
2018-08-09,0.41705523511053244
2018-08-10,0.4673666167968821
2018-08-13,0.46521240159426785
2018-08-14,0.45972476160706255
2018-08-15,0.44965871528216217
2018-08-16,0.4177137440117973
2018-08-17,0.40173877988086626
2018-08-20,0.3796146817166709
2018-08-21,0.3915001038313592
2018-08-22,0.4131807852387889
2018-08-23,0.39145492196138915
2018-08-24,0.38236256866909124
2018-08-27,0.3727223842976547
2018-08-28,0.40403819267240426
2018-08-29,0.38226050840308107
2018-08-30,0.35669622592725897
2018-08-31,0.32840852366752005
2018-09-03,0.30448957416353706
2018-09-04,0.287594649315537
2018-09-05,0.2970221664651023
2018-09-06,0.2691250195341051
2018-09-07,0.2458345964907588
2018-09-10,0.23990111719198798
2018-09-11,0.2322661875373562
2018-09-12,0.23031230299533934
2018-09-13,0.2283892577328528
2018-09-14,0.26266101670417064
2018-09-17,0.25978554442947877
2018-09-18,0.2535040317513423
2018-09-19,0.2853115070425477
2018-09-20,0.31490186348680604
2018-09-21,0.31766386943577546
2018-09-25,0.37686959538196235
2018-09-26,0.35533012607095105
2018-09-27,0.36579158856857086
2018-09-28,0.35434464224338486
2018-10-08,0.34373458982062327
2018-10-09,0.31829580777760375
2018-10-10,0.3190642373413978
2018-10-11,0.31446999498877104
2018-10-12,0.283833111256202
2018-10-15,0.29151015761276283
2018-10-16,0.2745580287656911
2018-10-17,0.2669974628395585
2018-10-18,0.2643886428510201
2018-10-19,0.24216672045699442
2018-10-22,0.2857081375590039
2018-10-23,0.3605433376877822
2018-10-24,0.3223814782977506
2018-10-25,0.3187576598850613
2018-10-26,0.31219559956080145
2018-10-29,0.29847637422188256
2018-10-30,0.2681141361248172
2018-10-31,0.29013977595558793
2018-11-01,0.3157514988868315
2018-11-02,0.3225222821760835
2018-11-05,0.3924216161769439
2018-11-06,0.40305392396722356
2018-11-07,0.38067910175161757
2018-11-08,0.3614645465444543
2018-11-09,0.3544859011790252
2018-11-12,0.31994548022863833
2018-11-13,0.32861741018141727
2018-11-14,0.34021276499764685
2018-11-15,0.31984094322045603
2018-11-16,0.3426373754112374
2018-11-19,0.3462510721612078
2018-11-20,0.35684248170606364
2018-11-21,0.3137366057743855
2018-11-22,0.31645711418297895
2018-11-23,0.31343795855694945
2018-11-26,0.29342810459297736
2018-11-27,0.28615410083321285
2018-11-28,0.2743046175521209
2018-11-29,0.29090366005863666
2018-11-30,0.27663569172113794
2018-12-03,0.2884954518605263
2018-12-04,0.32460620686781805
2018-12-05,0.32920978528686906
2018-12-06,0.31999127948681844
2018-12-07,0.300255058078784
2018-12-10,0.3010392524732667
2018-12-11,0.2845733401490158
2018-12-12,0.28584134093047814
2018-12-13,0.28666821498636824
2018-12-14,0.30953645659895357
2018-12-17,0.28981912809078736
2018-12-18,0.2871961893822001
2018-12-19,0.27366018909107376
2018-12-20,0.2613614720378091
2018-12-21,0.2466701186163732
2018-12-24,0.23282946361346474
2018-12-25,0.2265345396127352
2018-12-26,0.21505203808247103
2018-12-27,0.2049298512745983
2018-12-28,0.18899619233345244
2019-01-02,0.17735157598629459
2019-01-03,0.17311220386521572
2019-01-04,0.17269660051009825
2019-01-07,0.2397374333154853
2019-01-08,0.24881553574551438
2019-01-09,0.24890469229868387
2019-01-10,0.2697281511941213
2019-01-11,0.2563357368079784
2019-01-14,0.27304306076058305
2019-01-15,0.2661896032275872
2019-01-16,0.29749366565112895
2019-01-17,0.3028260635257469
2019-01-18,0.2943177304218396
2019-01-21,0.3190084138692028
2019-01-22,0.30759499712561617
2019-01-23,0.2879152107251374
2019-01-24,0.28733044471649744
2019-01-25,0.30212637677225873
2019-01-28,0.3233186834065972
2019-01-29,0.32488558672058676
2019-01-30,0.3338546915038275
2019-01-31,0.32438942632666706
2019-02-01,0.3215766333256985
2019-02-11,0.3207980440240005
2019-02-12,0.33956232000108394
2019-02-13,0.3287576345273442
2019-02-14,0.3437418128373691
2019-02-15,0.34324258406552055
2019-02-18,0.3194201540293993
2019-02-19,0.37222776985544936
2019-02-20,0.3618719078498872
2019-02-21,0.3637248891510403
2019-02-22,0.3764009608473674
2019-02-25,0.3967502686886588
2019-02-26,0.4858679019861481
2019-02-27,0.4562165870014713
2019-02-28,0.4504649480519561
2019-03-01,0.4440920307191524
2019-03-04,0.4753189511898384
2019-03-05,0.48450851407032774
2019-03-06,0.4854686463402364
2019-03-07,0.48972414730870506
2019-03-08,0.4739790228560092
2019-03-11,0.4458971348437398
2019-03-12,0.47522837360170694
2019-03-13,0.48350739180365704
2019-03-14,0.4616893602398129
2019-03-15,0.43636139043941824
2019-03-18,0.4483461187917442
2019-03-19,0.4930720010983922
2019-03-20,0.4728142576256529
2019-03-21,0.463480198570969
2019-03-22,0.4636914503419419
2019-03-25,0.4533898184397993
2019-03-26,0.42425093053690976
2019-03-27,0.3844835853974274
2019-03-28,0.4061364060413694
2019-03-29,0.40244936195365494
2019-04-01,0.4779012703417721
2019-04-02,0.5117732534878338
2019-04-03,0.5230645116347896
2019-04-04,0.5240380487786945
2019-04-08,0.5306908252074992
2019-04-09,0.5312091189721577
2019-04-10,0.5156694445300912
2019-04-11,0.516710866807237
2019-04-12,0.4883992828616033
2019-04-15,0.47185713899572373
2019-04-16,0.46529289246415695
2019-04-17,0.5281280202645275
2019-04-18,0.5089106649846883
2019-04-19,0.5041409917770774
2019-04-22,0.5038991505706095
2019-04-23,0.4702930479376806
2019-04-24,0.4672606849428142
2019-04-25,0.4508949235716733
2019-04-26,0.4210543607700075
2019-04-29,0.40750581860859214
2019-04-30,0.3930224535457452
2019-05-06,0.382017712566756
2019-05-07,0.34186562619427724
2019-05-08,0.358556079407212
2019-05-09,0.3301604096703374
2019-05-10,0.30809370313514406
2019-05-13,0.3867575853391947
2019-05-14,0.3661737043320758
2019-05-15,0.3636369879663406
2019-05-16,0.4027001268670247
2019-05-17,0.40679508407495063
2019-05-20,0.3712008356636443
2019-05-21,0.35225519623805646
2019-05-22,0.3718452331025332
2019-05-23,0.36108957712175466
2019-05-24,0.34028285618594895
2019-05-27,0.34031944079740334
2019-05-28,0.3648792457760156
2019-05-29,0.3804247871810119
2019-05-30,0.34970774889610834
2019-05-31,0.3374454226481414
2019-06-03,0.33988268722277665
2019-06-04,0.3431733956885854
2019-06-05,0.2992506331715837
2019-06-06,0.29097644140723933
2019-06-10,0.27395383932907624
2019-06-11,0.2898663370207989
2019-06-12,0.32768000797306107
2019-06-13,0.306550204236353
2019-06-14,0.3059926331792562
2019-06-17,0.29072086934856173
2019-06-18,0.28933976607939554
2019-06-19,0.28387555661733377
2019-06-20,0.30470625846172067
2019-06-21,0.35764845061382855
2019-06-24,0.36404798421162593
2019-06-25,0.3701921441889596
2019-06-26,0.3722658716935134
2019-06-27,0.37582367549224655
2019-06-28,0.39882491152619365
2019-07-01,0.4019615168154073
2019-07-02,0.47180459835769295
2019-07-03,0.47520861971929185
2019-07-04,0.4406943134511553
2019-07-05,0.42612284756015184
2019-07-08,0.44116219642037496
2019-07-09,0.41152241713590304
2019-07-10,0.4064261461127952
2019-07-11,0.39288191372388404
2019-07-12,0.3871285849837777
2019-07-15,0.3997953901833047
2019-07-16,0.40841497272834587
2019-07-17,0.40111918374871763
2019-07-18,0.395662914571305
2019-07-19,0.37027852270566264
2019-07-22,0.3705173585356199
2019-07-23,0.3599422159800497
2019-07-24,0.37682707500457235
2019-07-25,0.3798087134779169
2019-07-26,0.38529809604064713
2019-07-29,0.40335493846791537
2019-07-30,0.3990169629102227
2019-07-31,0.3826917311911716
2019-08-01,0.35884870096799026
2019-08-02,0.34017225027862097
2019-08-05,0.2884080095413271
2019-08-06,0.2659045131317678
2019-08-07,0.2446380924538879
2019-08-08,0.2391126015972889
2019-08-09,0.24699240642281028
2019-08-12,0.2365787620435076
2019-08-13,0.2712340350132409
2019-08-14,0.25470298895264215
2019-08-15,0.26118960583646894
2019-08-16,0.2631203207040086
2019-08-19,0.26922687585607086
2019-08-20,0.3077331653053519
2019-08-21,0.311002052416099
2019-08-22,0.30298052975774076
2019-08-23,0.3055923045114939
2019-08-26,0.3124644632657393
2019-08-27,0.29840291978856953
2019-08-28,0.337433742929184
2019-08-29,0.32825454849573654
2019-08-30,0.3251770082725348
2019-09-02,0.3267820148023075
2019-09-03,0.35338336376659746
2019-09-04,0.34988840600356885
2019-09-05,0.36141575818138005
2019-09-06,0.37802324151480604
2019-09-09,0.3659627168482041
2019-09-10,0.35628962066750985
2019-09-11,0.3526104633053347
2019-09-12,0.34409954991002417
2019-09-16,0.36506449005140373
2019-09-17,0.35845385772583904
2019-09-18,0.34123556096131186
2019-09-19,0.3344705382097386
2019-09-20,0.34063197369015
2019-09-23,0.34428743863834865
2019-09-24,0.3286140367414564
2019-09-25,0.3324970118013946
2019-09-26,0.3109021301710944
2019-09-27,0.29503411167521204
2019-09-30,0.29025657059465726
2019-10-08,0.26009777318784066
2019-10-09,0.27869016441110844
2019-10-10,0.2818815139287777
2019-10-11,0.2960480744208768
2019-10-14,0.30958117182356915
2019-10-15,0.33228183578808035
2019-10-16,0.3242478245525315
2019-10-17,0.31863959972833805
2019-10-18,0.31844894332159884
2019-10-21,0.29259031385049716
2019-10-22,0.2904218068271319
2019-10-23,0.2907999240417837
2019-10-24,0.27697949999012755
2019-10-25,0.2698378508072501
2019-10-28,0.27969722795573504
2019-10-29,0.2941654231894372
2019-10-30,0.27924607136156304
2019-10-31,0.2687787088876607
2019-11-01,0.2623880599166522
2019-11-04,0.2924897046349245
2019-11-05,0.2941140402846234
2019-11-06,0.2943137032696511
2019-11-07,0.2843936998761077
2019-11-08,0.2697563958409514
2019-11-11,0.2598486421968271
2019-11-12,0.24034370445931394
2019-11-13,0.23166896519160537
2019-11-14,0.2324676435071034
2019-11-15,0.2263270129355117
2019-11-18,0.21115272554661707
2019-11-19,0.22226257986503972
2019-11-20,0.24214804822552127
2019-11-21,0.2307166491278568
2019-11-22,0.22402180623627635
2019-11-25,0.21042980635509417
2019-11-26,0.22356093621844325
2019-11-27,0.22712603043877944
2019-11-28,0.22255017363479646
2019-11-29,0.22175162775946453
2019-12-02,0.2155280993532035
2019-12-03,0.20950989005788204
2019-12-04,0.2167975146844704
2019-12-05,0.21577375214966493
2019-12-06,0.23024250174711633
2019-12-09,0.23647023838909434
2019-12-10,0.23282504877163393
2019-12-11,0.2246589774176144
2019-12-12,0.22712210842608405
2019-12-13,0.23010837729296532
2019-12-16,0.2746637397754218
2019-12-17,0.28523473306413866
2019-12-18,0.301072280034216
2019-12-19,0.2923328121431321
2019-12-20,0.28642799781958433
2019-12-23,0.28202164777204186
2019-12-24,0.2707816703431402
2019-12-25,0.28024884013528284
2019-12-26,0.2781893516941487
2019-12-27,0.2909575282566689
2019-12-30,0.2872437996135574
2019-12-31,0.3071706766811415
2020-01-02,0.29394912098906284
2020-01-03,0.3146771638528175
2020-01-06,0.3190313305100534
2020-01-07,0.31751583702540254
2020-01-08,0.3309858933111977
2020-01-09,0.3215211353451303
2020-01-10,0.34415630172953676
2020-01-13,0.3428620211338279
2020-01-14,0.344637940603007
2020-01-15,0.33131788752644714
2020-01-16,0.32416646520650827
2020-01-17,0.31309280046658206
2020-01-20,0.3151277652150122
2020-01-21,0.3309242574308655
2020-01-22,0.3129569718206756
2020-01-23,0.318908986920101
2020-02-03,0.2997970841474885
2020-02-04,0.31833012955703116
2020-02-05,0.3852345950950648
2020-02-06,0.4163358955126928
2020-02-07,0.46060629167400996
2020-02-10,0.4612572845911621
2020-02-11,0.46777806138038097
2020-02-12,0.48477547552346933
2020-02-13,0.4992265398220495
2020-02-14,0.486304661338389
2020-02-17,0.49928993946784866
2020-02-18,0.5475894609929207
2020-02-19,0.5419433728032915
2020-02-20,0.5436029223101363
2020-02-21,0.6021748767526909
2020-02-24,0.6117345856241829
2020-02-25,0.6038800996155496
2020-02-26,0.603505843089079
2020-02-27,0.585848738858357
2020-02-28,0.5938082130269308
2020-03-02,0.5563253598058896
2020-03-03,0.6331091720858716
2020-03-04,0.573964973623667
2020-03-05,0.5865958768431486
2020-03-06,0.641347921514261
2020-03-09,0.6147389270890568
2020-03-10,0.5828224006467574
2020-03-11,0.6244124291507833
2020-03-12,0.5901120799381795
2020-03-13,0.5495936998101142
2020-03-16,0.5243251835302665
2020-03-17,0.476570304266848
2020-03-18,0.46224775012182895
2020-03-19,0.4321068545771308
2020-03-20,0.4111072329712424
2020-03-23,0.43936961333993846
2020-03-24,0.39673916425178746
2020-03-25,0.4531845607141967
2020-03-26,0.5255301359309057
2020-03-27,0.5181546523197
2020-03-30,0.5218055020879717
2020-03-31,0.49756890613897664
2020-04-01,0.5523796813602109
2020-04-02,0.5433352251042619
2020-04-03,0.5725597601686299
2020-04-07,0.552840683843574
2020-04-08,0.6188211430399214
2020-04-09,0.6075222192408744
2020-04-10,0.622613504636668
2020-04-13,0.6208534351850394
2020-04-14,0.6152767543417184
2020-04-15,0.6547392146735149
2020-04-16,0.6095638633820987
2020-04-17,0.6096025360710737
2020-04-20,0.6216167716713488
2020-04-21,0.6181364751364739
2020-04-22,0.5898214477615222
2020-04-23,0.5735266043373217
2020-04-24,0.5471908222673418
2020-04-27,0.507090052459712
2020-04-28,0.5113231934188751
2020-04-29,0.5193757992369705
2020-04-30,0.5197049138122821
2020-05-06,0.536763927209405
2020-05-07,0.49707319114470755
2020-05-08,0.4731997507590255
2020-05-11,0.4810241268731442
2020-05-12,0.4350407750041963
2020-05-13,0.4177872718393502
2020-05-14,0.4013960127399523
2020-05-15,0.3739609928946448
2020-05-18,0.36116138523998303
2020-05-19,0.3491745756488861
2020-05-20,0.3597354562841894
2020-05-21,0.34143349273900586
2020-05-22,0.3255651467667378
2020-05-25,0.30597679194642446
2020-05-26,0.30027423285826
2020-05-27,0.3186224800853352
2020-05-28,0.31156931915792024
2020-05-29,0.31334539434062
2020-06-01,0.3099758177856987
2020-06-02,0.38003747749701167
2020-06-03,0.3745356690626571
2020-06-04,0.3597124662965687
2020-06-05,0.3506392832635797
2020-06-08,0.34558847880158045
2020-06-09,0.35598841227038536
2020-06-10,0.3665670392774139
2020-06-11,0.3344414102202539
2020-06-12,0.3094657403070223
2020-06-15,0.29737080713385694
2020-06-16,0.27336040227886277
2020-06-17,0.29722452611054945
2020-06-18,0.2721792897090365
2020-06-19,0.27919169576852226
2020-06-22,0.2819461440195323
2020-06-23,0.26293017179669925
2020-06-24,0.26402759300043926
2020-06-29,0.25016237747344716
2020-06-30,0.23621219922407757
2020-07-01,0.24693203952799087
2020-07-02,0.2636747816801125
2020-07-03,0.2569042848203627
2020-07-06,0.2598558269610441
2020-07-07,0.3425306179728969
2020-07-08,0.34532579109550293
2020-07-09,0.3554834208927862
2020-07-10,0.36066730356957943
2020-07-13,0.3557775783016122
2020-07-14,0.41193486280178093
2020-07-15,0.4091866751353962
2020-07-16,0.3928463693350862
2020-07-17,0.36293057792361677
2020-07-20,0.3626880436630072
2020-07-21,0.42677815813308434
2020-07-22,0.4267946930666282
2020-07-23,0.43023014574871554
2020-07-24,0.42398481080225275
2020-07-27,0.38697285619945115
2020-07-28,0.39334746309944113
2020-07-29,0.40766852852426055
2020-07-30,0.45961039232641754
2020-07-31,0.45004905689958286
2020-08-03,0.456189780357713
2020-08-04,0.4908842980323931
2020-08-05,0.4395501521616884
2020-08-06,0.41861570959594874
2020-08-07,0.4179648718689385
2020-08-10,0.39900921370619263
2020-08-11,0.411333793371958
2020-08-12,0.39159046807705206
2020-08-13,0.38633533092447114
2020-08-14,0.3894633705704135
2020-08-17,0.38764578000803696
2020-08-18,0.45875524612076113
2020-08-19,0.4514865070105931
2020-08-20,0.44784985962847473
2020-08-21,0.43272791037997
2020-08-24,0.4552450750256751
2020-08-25,0.42964475059105567
2020-08-26,0.435435545975903
2020-08-27,0.41597221419116676
2020-08-28,0.4115191790375363
2020-08-31,0.4735826616665331
2020-09-01,0.45987968594032275
2020-09-02,0.45454102330259233
2020-09-03,0.46303007119336065
2020-09-04,0.4543834845793626
2020-09-07,0.4374120124272168
2020-09-08,0.4096245889220719
2020-09-09,0.4143266997429666
2020-09-10,0.375402470630152
2020-09-11,0.3735404139562608
2020-09-14,0.39056501476542294
2020-09-15,0.38943407026229504
2020-09-16,0.386716861790429
2020-09-17,0.3637246646787499
2020-09-18,0.3482295811283336
2020-09-21,0.3979301348033674
2020-09-22,0.3782229656515484
2020-09-23,0.36514859795870497
2020-09-24,0.36426553380986304
2020-09-25,0.3448424268219675
2020-09-28,0.35248828846826163
2020-09-29,0.33883072555992605
2020-09-30,0.34000314802077997
2020-10-09,0.3175579280628116
2020-10-12,0.34867071004764616
2020-10-13,0.43097380145769154
2020-10-14,0.43619036200067673
2020-10-15,0.40885806269069913
2020-10-16,0.4065576702445109
2020-10-19,0.38517447251917875
2020-10-20,0.37191474150668774
2020-10-21,0.37944628363735244
2020-10-22,0.3528436743598881
2020-10-23,0.3441737903536594
2020-10-26,0.31344828008118975
2020-10-27,0.30087681352986323
2020-10-28,0.28882738359185894
2020-10-29,0.29765464421588067
2020-10-30,0.28731201779486165
2020-11-02,0.26977436899422985
2020-11-03,0.2659965926304441
2020-11-04,0.2816404566385288
2020-11-05,0.2970993894461419
2020-11-06,0.31490157669546126
2020-11-09,0.3150343103176988
2020-11-10,0.31787608998635725
2020-11-11,0.2912277099787419
2020-11-12,0.2806623751356759
2020-11-13,0.2855688769399807
2020-11-16,0.27546369456915965
2020-11-17,0.2958256530542972
2020-11-18,0.29359057915899933
2020-11-19,0.29331175057313824
2020-11-20,0.309767993139782
2020-11-23,0.3166154506072752
2020-11-24,0.32712920433484793
2020-11-25,0.3125458907879124
2020-11-26,0.2979472364628633
2020-11-27,0.29015717058928736
2020-11-30,0.31027944192561047
2020-12-01,0.29958798313031304
2020-12-02,0.3279209940006555
2020-12-03,0.32995046369063336
2020-12-04,0.3263089117795212
2020-12-07,0.3322829841366452
2020-12-08,0.323616531557676
2020-12-09,0.3084613836861953
2020-12-10,0.2953365435239047
2020-12-11,0.2951532320044088
2020-12-14,0.28116030522229174
2020-12-15,0.2989950891838972
2020-12-16,0.2957857874373894
2020-12-17,0.29994478116870676
2020-12-18,0.3390979005644913
2020-12-21,0.3400144999011637
2020-12-22,0.3713062413809769
2020-12-23,0.3578106818563257
2020-12-24,0.382164221880827
2020-12-25,0.37613905502831607
2020-12-28,0.40460156023071686
2020-12-29,0.4154076409187379
2020-12-30,0.4065139670492409
2020-12-31,0.3966647303824462
2021-01-04,0.39921366432233285
2021-01-05,0.40435741444818774
2021-01-06,0.4183385547962464
2021-01-07,0.42133803170545503
2021-01-08,0.43650719406089245
2021-01-11,0.4146653860160333
2021-01-12,0.4061080268557179
2021-01-13,0.45016709195541643
2021-01-14,0.4391513236089063
2021-01-15,0.4281565693986545
2021-01-18,0.4171479013879425
2021-01-19,0.428018012319977
2021-01-20,0.3872960496772353
2021-01-21,0.3902407336230224
2021-01-22,0.41359850299192413
2021-01-25,0.41516621939031284
2021-01-26,0.4222713138087296
2021-01-27,0.4005143330824
2021-01-28,0.38732089533387065
2021-01-29,0.3432126421555009
2021-02-01,0.3252262885009239
2021-02-02,0.3432594301279484
2021-02-03,0.3693995629677267
2021-02-04,0.35785776007458037
2021-02-05,0.3504925898955895
2021-02-08,0.33781536951577623
2021-02-09,0.35974631377034727
2021-02-10,0.37570731527028817
2021-02-18,0.35892373977933334
2021-02-19,0.344162199974011
2021-02-22,0.32952112060440897
2021-02-23,0.29751836357680983
2021-02-24,0.28904735521495517
2021-02-25,0.26325035321260154
2021-02-26,0.2779943855952384
2021-03-01,0.25030244875304325
2021-03-02,0.2807756928886067
2021-03-03,0.2610051559604904
2021-03-04,0.30034084006284256
2021-03-05,0.2813761679968182
2021-03-08,0.28456609450292836
2021-03-09,0.26694669179844926
2021-03-10,0.2462257112181684
2021-03-11,0.2575899118691158
2021-03-12,0.3091555096621078
2021-03-15,0.3181102577209305
2021-03-16,0.2937083569458085
2021-03-17,0.3053651089500967
2021-03-18,0.3030402405374459
2021-03-19,0.3036482485738443
2021-03-22,0.2764659838463407
2021-03-23,0.2931412478452373
2021-03-24,0.27516009229593447
2021-03-25,0.2579560763828696
2021-03-26,0.25315806118742007
2021-03-29,0.3001533479662986
2021-03-30,0.29419275080224955
2021-03-31,0.30102379899239595
2021-04-01,0.3160851568391337
2021-04-02,0.32726597821023545
2021-04-06,0.3225497862028067
2021-04-07,0.3154190648844648
2021-04-08,0.2755559545524503
2021-04-09,0.2642649975470453
2021-04-12,0.24896220159132276
2021-04-13,0.21974077451580887
2021-04-14,0.21466273442303851
2021-04-15,0.2186191173779456
2021-04-16,0.21257726278073058
2021-04-19,0.217151323365033
2021-04-20,0.25750259452284896
2021-04-21,0.23866155449874332
2021-04-22,0.23820478804061623
2021-04-23,0.2310646329298435
2021-04-26,0.23608663183563294
2021-04-27,0.22289891310675072
2021-04-28,0.21095397807850233
2021-04-29,0.21340049249390294
2021-04-30,0.22386321508064955
2021-05-06,0.21371606316427888
2021-05-07,0.20023304300583497
2021-05-10,0.18770957306425604
2021-05-11,0.1854537877240417
2021-05-12,0.19246139196603712
2021-05-13,0.1994369749100265
2021-05-14,0.18679455199544628
2021-05-17,0.22331461607952052
2021-05-18,0.24817203424719284
2021-05-19,0.25176952105988115
2021-05-20,0.24478918194592753
2021-05-21,0.24565173237855184
2021-05-24,0.22548863861778498
2021-05-25,0.2304096220082382
2021-05-26,0.350056766080074
2021-05-27,0.35169533261872205
2021-05-28,0.38520576063184536
2021-05-31,0.3712722469099872
2021-06-01,0.3810537871960194
2021-06-02,0.38437869015827103
2021-06-03,0.36614783723727123
2021-06-04,0.35246343448564704
2021-06-07,0.38333010728228506
2021-06-08,0.3688758759819426
2021-06-09,0.3498800308121115
2021-06-10,0.3469733033615817
2021-06-11,0.35770690828365526
2021-06-15,0.3380787422325141
2021-06-16,0.30331267602149903
2021-06-17,0.2755579127446917
2021-06-18,0.27828881954397233
2021-06-21,0.27350136921622864
2021-06-22,0.26709675059595
2021-06-23,0.2700995750603102
2021-06-24,0.2745771482747893
2021-06-25,0.23951416464388448
2021-06-28,0.2759240686636087
2021-06-29,0.278033823420779
2021-06-30,0.26375258329816864
2021-07-01,0.2672753756222789
2021-07-02,0.2650232245997251
2021-07-05,0.2477387571951644
2021-07-06,0.24505153516287334
2021-07-07,0.24133004328294716
2021-07-08,0.2659191704244615
2021-07-09,0.2518072473638047
2021-07-12,0.24760960634095427
2021-07-13,0.27557032178826285
2021-07-14,0.2799964550447303
2021-07-15,0.2654797601914789
2021-07-16,0.2896394469958327
2021-07-19,0.2791481951632897
2021-07-20,0.28659792844425136
2021-07-21,0.2848081626440086
2021-07-22,0.2986417920911612
2021-07-23,0.3003638928611662
2021-07-26,0.2809124194139778
2021-07-27,0.252091197724051
2021-07-28,0.23041990551140273
2021-07-29,0.23130092041448314
2021-07-30,0.27136491002295876
2021-08-02,0.262052521600866
2021-08-03,0.30757643778201055
2021-08-04,0.30935398831829236
2021-08-05,0.32688160898685237
2021-08-06,0.3167555553904722
2021-08-09,0.3014943400203129
2021-08-10,0.3290693824551277
2021-08-11,0.34882960981224376
2021-08-12,0.3408931022624832
2021-08-13,0.31977201323071336
2021-08-16,0.30093965175952847
2021-08-17,0.2975373583050073
2021-08-18,0.27552614440347034
2021-08-19,0.30324370857025074
2021-08-20,0.29437293906155093
2021-08-23,0.27042711828582666
2021-08-24,0.28928698194640606
2021-08-25,0.285896901161654
2021-08-26,0.2585391028102276
2021-08-27,0.2370860210583109
2021-08-30,0.23854828052287266
2021-08-31,0.2403772248500244
2021-09-01,0.22515751778892154
2021-09-02,0.24706561079586792
2021-09-03,0.24640543347271854
2021-09-06,0.2332187750485315
2021-09-07,0.2713518828901864
2021-09-08,0.2823821992371725
2021-09-09,0.27329953785677824
2021-09-10,0.27224650674940165
2021-09-13,0.2901303285274488
2021-09-14,0.2824854398062361
2021-09-15,0.2607989224445218
2021-09-16,0.23876435351233463
2021-09-17,0.22335603774193274
2021-09-22,0.23780049979244183
2021-09-23,0.21423106860479943
2021-09-24,0.21983473449500876
2021-09-27,0.21056897308854367
2021-09-28,0.21860414891650173
2021-09-29,0.20758331170420802
2021-09-30,0.1985580849197701
2021-10-08,0.21407371572061917
2021-10-11,0.23542402877232568
2021-10-12,0.2324362215818548
2021-10-13,0.22260849555326664
2021-10-14,0.24485492670356424
2021-10-15,0.22644567737145554
2021-10-18,0.22655690763213854
2021-10-19,0.2126674858294602
2021-10-20,0.2275930285900577
2021-10-21,0.21775368403506978
2021-10-22,0.2210607430025146
2021-10-25,0.22536021447267945
2021-10-26,0.22578841222502333
2021-10-27,0.2157438954603165
2021-10-28,0.20661327160826642
2021-10-29,0.21176163664447104
2021-11-01,0.23783626481713763
2021-11-02,0.22961102703495687
2021-11-03,0.21472459290093932
2021-11-04,0.2084761935933605
2021-11-05,0.22289332791004374
2021-11-08,0.21681080712004475
2021-11-09,0.20901086883051695
2021-11-10,0.2054013044917305
2021-11-11,0.19303126261614809
2021-11-12,0.2175187725359746
2021-11-15,0.2140646555788474
2021-11-16,0.21008499001014205
2021-11-17,0.20993038452930401
2021-11-18,0.20647742667866847
2021-11-19,0.19991501334211526
2021-11-22,0.22126892638285073
2021-11-23,0.22874933720791316
2021-11-24,0.22547517020726054
2021-11-25,0.22658661848218975
2021-11-26,0.2136440868941837
2021-11-29,0.20329176561783388
2021-11-30,0.20037162942393932
2021-12-01,0.19420566036625028
2021-12-02,0.19394841043942193
2021-12-03,0.1935884936005364
2021-12-06,0.2056125821528142
2021-12-07,0.20412600353334062
2021-12-08,0.2129908085642507
2021-12-09,0.24188215723581877
2021-12-10,0.2616430642585606
2021-12-13,0.24746159018281888
2021-12-14,0.24974034766384656
2021-12-15,0.24095079928798427
2021-12-16,0.23331991384239642
2021-12-17,0.24308919274076013
2021-12-20,0.22544925019054335
2021-12-21,0.20895258248342827
2021-12-22,0.22001944227115083
2021-12-23,0.2200096179112042
2021-12-24,0.23062871376788938
2021-12-27,0.22326721591104004
2021-12-28,0.22139073321005442
2021-12-29,0.23438301212717663
2021-12-30,0.2233583593063546
2021-12-31,0.23624125713777494
2022-01-04,0.23369238401845363
2022-01-05,0.22567540361145388
2022-01-06,0.2130387797234892
2022-01-07,0.19430735282585865
2022-01-10,0.18859989180605616
2022-01-11,0.1851938007004898
2022-01-12,0.17495996223374446
2022-01-13,0.18934340938563082
2022-01-14,0.17621923666871284
2022-01-17,0.16838415361559161
2022-01-18,0.17863971314115015
2022-01-19,0.18850459417999468
2022-01-20,0.17806572311893262
2022-01-21,0.19064728466819963
2022-01-24,0.18122817608227337
2022-01-25,0.18260388227975566
2022-01-26,0.17122550447826912
2022-01-27,0.18318044004192158
2022-01-28,0.16415655310774355
2022-02-07,0.1472086250111734
2022-02-08,0.16503982986063864
2022-02-09,0.16024788733534573
2022-02-10,0.17569630161082153
2022-02-11,0.17146209636919543
2022-02-14,0.16666825048404438
2022-02-15,0.15786002423883544
2022-02-16,0.17503876934338922
2022-02-17,0.17684009158506503
2022-02-18,0.17676884554810804
2022-02-21,0.1811258600728953
2022-02-22,0.1790985125722501
2022-02-23,0.1672143592092637
2022-02-24,0.17937413617527445
2022-02-25,0.16265983786290344
2022-02-28,0.1718758376244902
2022-03-01,0.17176656967171375
2022-03-02,0.18533272058004596
2022-03-03,0.17834932823250293
2022-03-04,0.16966560222733307
2022-03-07,0.16157729748356583
2022-03-08,0.15025401760332832
2022-03-09,0.1319063751732638
2022-03-10,0.12253299873396882
2022-03-11,0.13940741287176237
2022-03-14,0.14358006307319524
2022-03-15,0.1339528424344717
2022-03-16,0.12107694165135112
2022-03-17,0.19066549242123992
2022-03-18,0.22115279048400363
2022-03-21,0.23816662302077965
2022-03-22,0.23859990636626435
2022-03-23,0.23559970563956667
2022-03-24,0.25686663009251576
2022-03-25,0.24667296446673526
2022-03-28,0.22093365113644617
2022-03-29,0.207707344991992
2022-03-30,0.20102962851755243
2022-03-31,0.25288183082156873
2022-04-01,0.23670100739268007
2022-04-06,0.25766673210209223
2022-04-07,0.2558751861686471
2022-04-08,0.22824016549364223
2022-04-11,0.23080040670852997
2022-04-12,0.2110027810279489
2022-04-13,0.2528378013725929
2022-04-14,0.24604611166952448
2022-04-15,0.25661292187828916
2022-04-18,0.22065528318743127
2022-04-19,0.1839025810282366
2022-04-20,0.1713692240482089
2022-04-21,0.16093520418984592
2022-04-22,0.149259938469717
2022-04-25,0.15440489697043386
2022-04-26,0.1470572540270968
2022-04-27,0.1406134565180141
2022-04-28,0.18684381029855338
2022-04-29,0.20522046406350972
2022-05-05,0.253695315163648
2022-05-06,0.2535444751540982
2022-05-09,0.2280481041642338
2022-05-10,0.22695303597931965
2022-05-11,0.2467366139673716
2022-05-12,0.2718282005754162
2022-05-13,0.2627501292418175
2022-05-16,0.2611988816899803
2022-05-17,0.24308410775213393
2022-05-18,0.2701511808584903
2022-05-19,0.26839249756275413
2022-05-20,0.2731127427756699
2022-05-23,0.31511556204505065
2022-05-24,0.31361228500071914
2022-05-25,0.28353479157529643
2022-05-26,0.2922329828313118
2022-05-27,0.3024231630211351
2022-05-30,0.24464501481104753
2022-05-31,0.2476545081716663
2022-06-01,0.2585384723862218
2022-06-02,0.2524209432234345
2022-06-06,0.23885919067350678
2022-06-07,0.28485221420095047
2022-06-08,0.2732979439279458
2022-06-09,0.29659710936594375
2022-06-10,0.32530259925986216
2022-06-13,0.3667740764774112
2022-06-14,0.34677182966279846
2022-06-15,0.3660332140751287
2022-06-16,0.3898985722744984
2022-06-17,0.3777376892881968
2022-06-20,0.3881534365846746
2022-06-21,0.3815610072315675
2022-06-22,0.35638814970446425
2022-06-23,0.3263216209878975
2022-06-24,0.33746666357823746
2022-06-27,0.3441922825007501
2022-06-28,0.34637735496378025
2022-06-29,0.35470112311807384
2022-06-30,0.3346899976560249
2022-07-01,0.3578382896852843
2022-07-04,0.35090886056760334
2022-07-05,0.3647054143447657
2022-07-06,0.35085933617850235
2022-07-07,0.33261747822745275
2022-07-08,0.3374071304470841
2022-07-11,0.332166710511964
2022-07-12,0.3037950880349567
2022-07-13,0.2877351295197378
2022-07-14,0.29535094950765206
2022-07-15,0.2866830440531004
2022-07-18,0.26419259422519253
2022-07-19,0.27768461208858297
2022-07-20,0.274553062423259
2022-07-21,0.287577885750861
2022-07-22,0.26950254784501265
2022-07-25,0.26443904351570585
2022-07-26,0.24865242806852797
2022-07-27,0.25838628553392934
2022-07-28,0.23455888650716056
2022-07-29,0.23392756541663864
2022-08-01,0.20244769607811042
2022-08-02,0.21469976650210362
2022-08-03,0.19240642858717055
2022-08-04,0.1909264577932189
2022-08-05,0.20460460460172214
2022-08-08,0.238057080060231
2022-08-09,0.23659785320395596
2022-08-10,0.23594162739677849
2022-08-11,0.22630037899250074
2022-08-12,0.27693540170917547
2022-08-15,0.2781825631405612
2022-08-16,0.26695909192250067
2022-08-17,0.2620901747560557
2022-08-18,0.2747116289360987
2022-08-19,0.25479168440883315
2022-08-22,0.24037073121751334
2022-08-23,0.2492682905620384
2022-08-24,0.2394632148102162
2022-08-25,0.21851102387347052
2022-08-26,0.2285449657984137
2022-08-29,0.22395556473872988
2022-08-30,0.20591786916917573
2022-08-31,0.19823328955777397
2022-09-01,0.18524351563998806
2022-09-02,0.167494929312278
2022-09-05,0.15288252804566546
2022-09-06,0.13903747534976033
2022-09-07,0.14547793524134497
2022-09-08,0.13772143244424234
2022-09-09,0.12762170697093356
2022-09-13,0.1338563000822694
2022-09-14,0.13811544807658066
2022-09-15,0.1286060747036257
2022-09-16,0.11647967157437575
2022-09-19,0.10111969784211755
2022-09-20,0.10321964738482431
2022-09-21,0.10514134632008466
2022-09-22,0.09719284221000014
2022-09-23,0.08991989864452114
2022-09-26,0.08213926266790003
2022-09-27,0.07605467212726368
2022-09-28,0.08872591776111853
2022-09-29,0.07736090138915484
2022-09-30,0.0763306414360158
2022-10-10,0.11536798931854342
2022-10-11,0.1131688217984359
2022-10-12,0.11467715852666828
2022-10-13,0.132919246420637
2022-10-14,0.13353527005892965
2022-10-17,0.16659889681481901
2022-10-18,0.16957017540996183
2022-10-19,0.1590959665126809
2022-10-20,0.153730250660094
2022-10-21,0.1467375934463869
2022-10-24,0.14332451916731137
2022-10-25,0.12760263293078528
2022-10-26,0.12769117274330852
2022-10-27,0.13441592883073905
2022-10-28,0.12617582981196487
2022-10-31,0.11295356708427967
2022-11-01,0.10868700065857292
2022-11-02,0.1424965271530984
2022-11-03,0.15452561012973026
2022-11-04,0.15695145180390996
2022-11-07,0.20605684658544843
2022-11-08,0.21439320706018383
2022-11-09,0.2049875507560821
2022-11-10,0.18273208901785357
2022-11-11,0.1624789459698635
2022-11-14,0.1982041351405047
2022-11-15,0.19203627885180174
2022-11-16,0.20170568891718016
2022-11-17,0.16955111960692634
2022-11-18,0.1495309147206241
2022-11-21,0.14545083057704247
2022-11-22,0.1390723146486297
2022-11-23,0.1381365664675683
2022-11-24,0.1451260629488868
2022-11-25,0.15039857762723255
2022-11-28,0.1528387187712121
2022-11-29,0.15002708121015504
2022-11-30,0.19196139516313263
2022-12-01,0.18583418779584673
2022-12-02,0.20021174050178184
2022-12-05,0.19749445100183893
2022-12-06,0.22015067723905224
2022-12-07,0.22948988218907887
2022-12-08,0.23007980452406707
2022-12-09,0.2327240978134445
2022-12-12,0.25394813643289943
2022-12-13,0.2336435986386071
2022-12-14,0.242073602963365
2022-12-15,0.2573308643196594
2022-12-16,0.26987316968430297
2022-12-19,0.30135201073195733
2022-12-20,0.29438597465394833
2022-12-21,0.28611533990417254
2022-12-22,0.28553291916909923
2022-12-23,0.28948097951809915
2022-12-26,0.2698674276013987
2022-12-27,0.2805824151790081
2022-12-28,0.31085921361783814
2022-12-29,0.29784271761899045
2022-12-30,0.29772103597202043
2023-01-03,0.28634173277156866
2023-01-04,0.30169573450785936
2023-01-05,0.3058114234673653
2023-01-06,0.3614853341936999
2023-01-09,0.3796157271353577
2023-01-10,0.394463514263457
2023-01-11,0.3873886945743008
2023-01-12,0.38270408401219635
2023-01-13,0.3683356056773158
2023-01-16,0.390394515254402
2023-01-17,0.41804570973260163
2023-01-18,0.4222996654373784
2023-01-19,0.4118959780007008
2023-01-20,0.4185389187792429
2023-01-30,0.4259230298178454
2023-01-31,0.441344970801854
2023-02-01,0.419760237342779
2023-02-02,0.44326064169966845
2023-02-03,0.43641566027062717
2023-02-06,0.42912499567924667
2023-02-07,0.3745441469500547
2023-02-08,0.37742533214329665
2023-02-09,0.3643451798664754
2023-02-10,0.36464945204952154
2023-02-13,0.3357546598651788
2023-02-14,0.3564334603089843
2023-02-15,0.3601133093626009
2023-02-16,0.35867569897815027
2023-02-17,0.3245728003386101
2023-02-20,0.3080592757290642
2023-02-21,0.34620904019238874
2023-02-22,0.3566734242203477
2023-02-23,0.34497996281833454
2023-02-24,0.34561274978193124
2023-02-27,0.329017954450363
2023-02-28,0.3231037108570328
2023-03-01,0.324763417700454
2023-03-02,0.351764501098568
2023-03-03,0.3456771371376318
2023-03-06,0.34875451318579487
2023-03-07,0.304709821543324
2023-03-08,0.28568158844737285
2023-03-09,0.2728480929197071
2023-03-10,0.26756753740593586
2023-03-13,0.24241576726876377
2023-03-14,0.26172516899572773
2023-03-15,0.25767427320071684
2023-03-16,0.25714138567879985
2023-03-17,0.23899419496561525
2023-03-20,0.2515613797929598
2023-03-21,0.24599505933642232
2023-03-22,0.2586342967397611
2023-03-23,0.2729483747710543
2023-03-24,0.2947761018264249
2023-03-27,0.28880358210365675
2023-03-28,0.2827685841690362
2023-03-29,0.27268672704735203
2023-03-30,0.27888102002038556
2023-03-31,0.29512326395674915
2023-04-03,0.3901536365499742
2023-04-04,0.4134209037078597
2023-04-06,0.4160926106421143
2023-04-07,0.40253425909310175
2023-04-10,0.4137079931911521
2023-04-11,0.4045347173863681
2023-04-12,0.3911801963240701
2023-04-13,0.3905895635684914
2023-04-14,0.37552690585697607
2023-04-17,0.38428215285551476
2023-04-18,0.3983359976180305
2023-04-19,0.4071449414432464
2023-04-20,0.3882421878856009
2023-04-21,0.3883987140772976
2023-04-24,0.3669838695680015
2023-04-25,0.35855293654667464
2023-04-26,0.3488626869569598
2023-04-27,0.34286416902186584
2023-04-28,0.35066970278593973
2023-05-04,0.371202987896054
2023-05-05,0.3782310626472698
2023-05-08,0.3832370261078936
2023-05-09,0.4219253098852933
2023-05-10,0.41139668214587377
2023-05-11,0.39724615386969825
2023-05-12,0.4014928928333628
2023-05-15,0.38693270077763875
2023-05-16,0.4171069712349847
2023-05-17,0.41281410836594457
2023-05-18,0.40040250117983417
2023-05-19,0.40522564872873623
2023-05-22,0.41119308842733887
2023-05-23,0.42542598305317336
2023-05-24,0.39974037197627416
2023-05-25,0.36871160692429034
2023-05-26,0.3501987612459821
2023-05-29,0.3397999716500057
2023-05-30,0.33161981601815194
2023-05-31,0.3323203964147463
2023-06-01,0.32539593741251444
2023-06-02,0.33431777773786187
2023-06-05,0.357249209107734
2023-06-06,0.346594328469348
2023-06-07,0.3390770460294462
2023-06-08,0.3253489059539862
2023-06-09,0.3280757196741917
2023-06-12,0.33405324677603454
2023-06-13,0.324343719504936
2023-06-14,0.338936614145265
2023-06-15,0.33219619200410916
2023-06-16,0.35979137100131914
2023-06-19,0.37412939652669697
2023-06-20,0.35443570020736426
2023-06-21,0.35204677266417106
2023-06-26,0.32080434456176643
2023-06-27,0.29039018392832777
2023-06-28,0.29978840498772197
2023-06-29,0.2944320682835917
2023-06-30,0.28332542805890315
2023-07-03,0.36086078164665264
2023-07-04,0.37043553374669463
2023-07-05,0.37326386451032206
2023-07-06,0.37331035146799263
2023-07-07,0.36285075169694636
2023-07-10,0.34836145536934104
2023-07-11,0.35105272070849863
2023-07-12,0.36745708988431053
2023-07-13,0.3614923079569154
2023-07-14,0.38269154895975693
2023-07-17,0.38620760191482645
2023-07-18,0.3744958255935383
2023-07-19,0.37908545002462707
2023-07-20,0.38511457481274936
2023-07-21,0.3690090151038947
2023-07-24,0.3873307580223458
2023-07-25,0.3743365245060224
2023-07-26,0.44469997779759635
2023-07-27,0.44650317209181745
2023-07-28,0.44330336799559983
2023-07-31,0.48160221372219647
2023-08-01,0.49548939890627414
2023-08-02,0.49990896308329286
2023-08-03,0.49077960136444687
2023-08-04,0.4970009578522031
2023-08-07,0.4952463084393492
2023-08-08,0.49831005442278525
2023-08-09,0.5014984339416043
2023-08-10,0.5004840725623597
2023-08-11,0.49637873073658423
2023-08-14,0.48409462414693333
2023-08-15,0.470709561073296
2023-08-16,0.4632180749414443
2023-08-17,0.45218273951350624
2023-08-18,0.458157182299197
2023-08-21,0.43876900489729326
2023-08-22,0.42277160084128435
2023-08-23,0.42875708957648095
2023-08-24,0.42914877885045016
2023-08-25,0.4380071901248338
2023-08-28,0.43228669105244366
2023-08-29,0.4647419250382618
2023-08-30,0.48309996929222426
2023-08-31,0.4760820746867711
2023-09-01,0.4605877791981078
2023-09-04,0.4734596033524893
2023-09-05,0.500729790382931
2023-09-06,0.4818062708937362
2023-09-07,0.47383347867844827
2023-09-08,0.45103196896895087
2023-09-11,0.44159041133133686
2023-09-12,0.42705930760302124
2023-09-13,0.4153017231774154
2023-09-14,0.399220448638298
2023-09-15,0.38178082169742134
2023-09-18,0.369080356000149
2023-09-19,0.35779815532726017
2023-09-20,0.33691479598455154
2023-09-21,0.3303221639576033
2023-09-22,0.30138062569679197
2023-09-25,0.329299486396428
2023-09-26,0.31738095542403044
2023-09-27,0.31817153444121987
2023-09-28,0.3268679214746438
2023-10-09,0.37094475090056117
2023-10-10,0.3667283856767958
2023-10-11,0.36567118360482254
2023-10-12,0.3791554477090716
2023-10-13,0.38327167013860836
2023-10-16,0.3743185529175563
2023-10-17,0.3596160020006674
2023-10-18,0.36075419653223356
2023-10-19,0.3583380141430897
2023-10-20,0.34175474568140907
2023-10-23,0.3339087796827631
2023-10-24,0.3293842800756103
2023-10-25,0.32894096937932393
2023-10-26,0.34035652400047456
2023-10-27,0.3446262765606923
2023-10-30,0.3573941581436498
2023-10-31,0.34803315397852
2023-11-01,0.3601338279733963
2023-11-02,0.35656006596014617
2023-11-03,0.34297917508296
2023-11-06,0.352330892344726
2023-11-07,0.3612362410127416
2023-11-08,0.35546513206594355
2023-11-09,0.34588117354023723
2023-11-10,0.36094907760855455
2023-11-13,0.36610115268965204
2023-11-14,0.35883778310922804
2023-11-15,0.35089983038364275
2023-11-16,0.395627043466312
2023-11-17,0.38949249255520424
2023-11-20,0.3777446896617074
2023-11-21,0.3755512496467008
2023-11-22,0.37020928258665536
2023-11-23,0.367799667910329
2023-11-24,0.3772403397507312
2023-11-27,0.374620558696751
2023-11-28,0.3792333879353964
2023-11-29,0.3838021596816379
2023-11-30,0.37162394107408364
2023-12-01,0.3718872165520912
2023-12-04,0.36125963845954945
2023-12-05,0.3574372587174758
2023-12-06,0.35298463230237864
2023-12-07,0.35272321010332003
2023-12-08,0.3454026891816331
2023-12-11,0.3515108341763672
2023-12-12,0.3534989141635812
2023-12-13,0.3681578704613513
2023-12-14,0.3559842812011882
2023-12-15,0.35636809833725747
2023-12-18,0.34860567052808716
2023-12-19,0.353624319377778
2023-12-20,0.35742192759309566
2023-12-21,0.3507862105313895
2023-12-22,0.3515952068944798
2023-12-25,0.35676585037401465
2023-12-26,0.35618798941014423
2023-12-27,0.34696932316067985
2023-12-28,0.35380840877747527
2023-12-29,0.3899650493023493
2024-01-02,0.3978374664618253
2024-01-03,0.40571219246613865
2024-01-04,0.41310304908749057
2024-01-05,0.415475930758599
2024-01-08,0.41237173000228805
2024-01-09,0.4050804342267905
2024-01-10,0.40792136976524807
2024-01-11,0.40859943495704987
2024-01-12,0.42571760319581414
2024-01-15,0.4249432891814791
2024-01-16,0.42405612879631305
2024-01-17,0.4348430626299413
2024-01-18,0.41504061400557984
2024-01-19,0.4327012409525201
2024-01-22,0.432671703807869
2024-01-23,0.41911873640904646
2024-01-24,0.4208600516879821
2024-01-25,0.43663838697389057
2024-01-26,0.4581864738324336
2024-01-29,0.4558388126591609
2024-01-30,0.43871342703241206
2024-01-31,0.4172465503410622
2024-02-01,0.3970286527441445
2024-02-02,0.3941133745405983
2024-02-05,0.37512752013862816
2024-02-06,0.3883691890699054
2024-02-07,0.4407687473311653
2024-02-08,0.4549941201120352
2024-02-19,0.46581494148689534
2024-02-20,0.48802428293475386
2024-02-21,0.4983630966204127
2024-02-22,0.5282036084757787
2024-02-23,0.543718560983789
2024-02-26,0.5454719327793027
2024-02-27,0.5340560735124177
2024-02-28,0.5543701495094462
2024-02-29,0.5426009727997552
2024-03-01,0.5743298705075378
2024-03-04,0.5836130254646128
2024-03-05,0.5891877048360904
2024-03-06,0.5890466018025984
2024-03-07,0.5875563639075457
2024-03-08,0.5782348327977604
2024-03-11,0.5837292171112862
2024-03-12,0.5930007842402577
2024-03-13,0.5921608567026044
2024-03-14,0.5770386122370229
2024-03-15,0.5742088339139058
2024-03-18,0.5777756164084317
2024-03-19,0.5841926456528986
2024-03-20,0.569023130272041
2024-03-21,0.5639439279315976
2024-03-22,0.5551645594661855
2024-03-25,0.5401352199656452
2024-03-26,0.5330248697123373
2024-03-27,0.535571665192018
2024-03-28,0.5220676544633763
2024-03-29,0.5246812282439424
2024-04-01,0.5118482087822334
2024-04-02,0.5351789909636717
2024-04-03,0.5284597283017384
2024-04-08,0.5223331119338179
2024-04-09,0.5063867132403044
2024-04-10,0.5065509517351335
2024-04-11,0.49694683818618335
2024-04-12,0.500364898106607
2024-04-15,0.4965902776985216
2024-04-16,0.5379194709203756
2024-04-17,0.5274457431794056
2024-04-18,0.5548593131465392
2024-04-19,0.5602167020871051
2024-04-22,0.5479730056913652
2024-04-23,0.5437593342037648
2024-04-24,0.5385614854955111
2024-04-25,0.5418073391950543
2024-04-26,0.5441493181047701
2024-04-29,0.5648722237113697
2024-04-30,0.5684907944677557
2024-05-06,0.5649442488681169
2024-05-07,0.5784951752956494
2024-05-08,0.5790170382560144
2024-05-09,0.5641886545840437
2024-05-10,0.5753466783783607
2024-05-13,0.5735028830636276
2024-05-14,0.5706684736693224
2024-05-15,0.5675486205186806
2024-05-16,0.5547920361045183
2024-05-17,0.5586619714774839
2024-05-20,0.5632741530726709
2024-05-21,0.5459459286709056
2024-05-22,0.5345233536479969
2024-05-23,0.53335174414154
2024-05-24,0.5143406428347123
2024-05-27,0.4979328442287008
2024-05-28,0.5066535493444005
2024-05-29,0.4938399860524587
2024-05-30,0.4919502792372007
2024-05-31,0.4837044885103187
2024-06-03,0.4779460495174375
2024-06-04,0.4791942025944671
2024-06-05,0.48300719033503753
2024-06-06,0.47187363547451977
2024-06-07,0.4677447801907403
2024-06-11,0.45913777916952425
2024-06-12,0.4483408753725833
2024-06-13,0.44866728720431176
2024-06-14,0.4392472615293465
2024-06-17,0.440098479493348
2024-06-18,0.4335187050015872
2024-06-19,0.43652468784615145
2024-06-20,0.430505504338217
2024-06-21,0.42312404292875605
2024-06-24,0.41878098983507966
2024-06-25,0.4119069324576043
2024-06-26,0.4026451868777936
2024-06-27,0.41068015385888085
2024-06-28,0.40128402791434914
2024-07-01,0.48435339380045545
2024-07-02,0.48171653874499676
2024-07-03,0.4763571303848283
2024-07-04,0.4766981509199046
2024-07-05,0.47740727413154777
2024-07-08,0.46087087369711305
2024-07-09,0.45181016142346936
2024-07-10,0.46069944393532475
2024-07-11,0.44888843423976854
2024-07-12,0.4615453638788287
2024-07-15,0.4594423370806581
2024-07-16,0.4644913190293007
2024-07-17,0.46810372430650543
2024-07-18,0.4612339656416748
2024-07-19,0.4588239530718734
2024-07-22,0.45170844559860296
2024-07-23,0.4441832819369661
2024-07-24,0.4215764314097886
2024-07-25,0.4104689335760678
2024-07-26,0.41323564391839823
2024-07-29,0.4105593797114386
2024-07-30,0.4086871803339898
2024-07-31,0.40687122683314536
2024-08-01,0.4309873829694073
2024-08-02,0.4240484618938567
2024-08-05,0.4069349555549582
2024-08-06,0.3959993489464981
2024-08-07,0.3886841184806603
2024-08-08,0.3983243093340739
2024-08-09,0.39479966185619797
2024-08-12,0.40239161544798907
2024-08-13,0.3960490981844593
2024-08-14,0.3983961011636042
2024-08-15,0.3997786175824607
2024-08-16,0.406286346993786
2024-08-19,0.4174952643539044
2024-08-20,0.4255621835702993
2024-08-21,0.4313850267871129
2024-08-22,0.41368875729650006
2024-08-23,0.4052465032800078
2024-08-26,0.4091788391454998
2024-08-27,0.4085340425747202
2024-08-28,0.3943193715186845
2024-08-29,0.38150674213263236
2024-08-30,0.397278282301112
2024-09-02,0.40453206166293904
2024-09-03,0.38885741140182983
2024-09-04,0.37997776572005715
2024-09-05,0.38369942243472854
2024-09-06,0.39690280838632347
2024-09-09,0.3908966243290312
2024-09-10,0.37898444893549654
2024-09-11,0.3836638213606345
2024-09-12,0.3848265317624878
2024-09-13,0.37381261986867104
2024-09-18,0.38534613597150064
2024-09-19,0.39165629483866765
2024-09-20,0.40468521834660653
2024-09-23,0.4000444494993295
2024-09-24,0.40149918666360984
2024-09-25,0.4655100348860078
2024-09-26,0.4872442339667114
2024-09-27,0.5477392723682923
2024-09-30,0.5185489851941516
2024-10-08,0.6509381041441807
2024-10-09,0.6593721774221829
2024-10-10,0.6130505616123778
2024-10-11,0.6249103763431006
2024-10-14,0.6078694246086658
2024-10-15,0.6241956971164468
2024-10-16,0.5999114258056039
2024-10-17,0.5920914220325404
2024-10-18,0.5772816281876229
2024-10-21,0.60804194619966
2024-10-22,0.6055778391127099
2024-10-23,0.6064273829708843
2024-10-24,0.6065298959699811
2024-10-25,0.5909168402379047
2024-10-28,0.5941283832728772
2024-10-29,0.5949907494222801
2024-10-30,0.5898599098801369
2024-10-31,0.5813161619976979
2024-11-01,0.5805530704635492
2024-11-04,0.577871564533773
2024-11-05,0.5940393000323579
2024-11-06,0.6100193554164884
2024-11-07,0.5925681155805353
2024-11-08,0.604022860803904
2024-11-11,0.5960478604241523
2024-11-12,0.5971400962536563
2024-11-13,0.5879505465588277
2024-11-14,0.5896389961391384
2024-11-15,0.57507439223903
2024-11-18,0.5628773729129583
2024-11-19,0.5495451206887554
2024-11-20,0.5579214939305612
2024-11-21,0.5646340681028376
2024-11-22,0.5686432769659912
2024-11-25,0.546207717783649
2024-11-26,0.543289566014146
2024-11-27,0.5443431276604487
2024-11-28,0.562015588603999
2024-11-29,0.5531117698022827
2024-12-02,0.5680244259678539
2024-12-03,0.5823601503072731
2024-12-04,0.5905883948032665
2024-12-05,0.5875471062116395
2024-12-06,0.5864656228866558
2024-12-09,0.5902567650110753
2024-12-10,0.5894992422408791
2024-12-11,0.6027393726169339
2024-12-12,0.6019645945020176
2024-12-13,0.6134487748630424
2024-12-16,0.5992133511858396
2024-12-17,0.5989110726481978
2024-12-18,0.6029311990632451
2024-12-19,0.607289728909259
2024-12-20,0.6067059227018498
2024-12-23,0.6075134478430062
2024-12-24,0.6005051769219342
2024-12-25,0.612391741007159
2024-12-26,0.6121044035340028
2024-12-27,0.6074032936808259
2024-12-30,0.6005275397800688
2024-12-31,0.599217231764561
2025-01-02,0.5903455972906603
2025-01-03,0.570244038634494
2025-01-06,0.5503894591377501
2025-01-07,0.5763531603153214
2025-01-08,0.5902651755727685
2025-01-09,0.5873251875369282
2025-01-10,0.5781549597856778
2025-01-13,0.5633900461041841
2025-01-14,0.5595544072691145
2025-01-15,0.5808938028344625
2025-01-16,0.5667431743942225
2025-01-17,0.5632224628383702
2025-01-20,0.5676801007678153
2025-01-21,0.5683984691052804
2025-01-22,0.5529429704240355
2025-01-23,0.5521185646310387
2025-01-24,0.5513058052871832
2025-01-27,0.5576574725661405
2025-02-05,0.5617661053047419
2025-02-06,0.5534288127589867
2025-02-07,0.5760026481068946
2025-02-10,0.5733141946933006
2025-02-11,0.5505588645489591
2025-02-12,0.5295414092419911
2025-02-13,0.5301530803019993
2025-02-14,0.5354030635635564
2025-02-17,0.535449054915495
2025-02-18,0.5333030033209056
2025-02-19,0.5154272705947686
2025-02-20,0.5375694886021063
2025-02-21,0.5275355477142022
2025-02-24,0.5274986028183277
2025-02-25,0.5213237394201842
2025-02-26,0.5149736972650121
2025-02-27,0.5207216270801673
2025-02-28,0.5123081482138935
2025-03-03,0.47418042780674546
2025-03-04,0.4739098166686832
2025-03-05,0.47573810279225787
2025-03-06,0.4670230484280288
2025-03-07,0.470869684746211
2025-03-10,0.46264480309994294
2025-03-11,0.458064530563246
2025-03-12,0.45560672652459555
2025-03-13,0.44987308411754734
2025-03-14,0.4558896181089355
2025-03-17,0.4983288305127945
2025-03-18,0.5041197405489163
2025-03-19,0.5125903187825218
2025-03-20,0.5089293265362665
2025-03-21,0.52543288435379
2025-03-24,0.5240435991261608
2025-03-25,0.5386364622123918
2025-03-26,0.5538511203688045
2025-03-27,0.54933254854048
2025-03-28,0.5688083719204573
2025-03-31,0.5811892719046052
2025-04-01,0.560947687453014
2025-04-02,0.5634189599340335
2025-04-03,0.5702771094635177
2025-04-07,0.5852346511725709
2025-04-08,0.5831630925708873
2025-04-09,0.6052840899316263
2025-04-10,0.6175548102062947
2025-04-11,0.6360768602183345
2025-04-14,0.6433810282446789
2025-04-15,0.643230392079734
2025-04-16,0.6541576296663789
2025-04-17,0.6581836486864978
2025-04-18,0.6601144923809898
2025-04-21,0.6620057792779707
2025-04-22,0.655441969059214
2025-04-23,0.6409958606370323
2025-04-24,0.6438159191797669
2025-04-25,0.6374281605269787
2025-04-28,0.6325009718987806
2025-04-29,0.6291925307170467
2025-04-30,0.625977437948173
2025-05-06,0.6215883976441401
2025-05-07,0.6295443612674094
2025-05-08,0.6310377204364584
2025-05-09,0.6249832255887086
2025-05-12,0.5753195467573162
2025-05-13,0.5954849886451283
2025-05-14,0.6015509671522495
2025-05-15,0.6174514827432861
2025-05-16,0.6108030877425236
2025-05-19,0.6034656449356665
2025-05-20,0.6020310666937682
2025-05-21,0.6068964366603631
2025-05-22,0.6111045168212444
2025-05-23,0.6090867159116857
2025-05-26,0.6033664448626427
2025-05-27,0.5974275779773774
2025-05-28,0.5901816743933105
2025-05-29,0.5875429452856968
2025-05-30,0.589547915378376
2025-06-03,0.5851416205165244
2025-06-04,0.5860290601224897
2025-06-05,0.5869495599822008
2025-06-06,0.5937119945717979
2025-06-09,0.5963042963539786
2025-06-10,0.5971631069754523
2025-06-11,0.5879841039185786
2025-06-12,0.5976621250916546
2025-06-13,0.5968069559451888
2025-06-16,0.5967931081764876
2025-06-17,0.5934302972447475
2025-06-18,0.5944809873220495
2025-06-19,0.5894035581100652
2025-06-20,0.5859445589690747
2025-06-23,0.5897636423664743
2025-06-24,0.6024799644690991
2025-06-25,0.617774096281187
2025-06-26,0.6215558522690957
2025-06-27,0.6177183718167802
2025-06-30,0.6138770311137315
2025-07-01,0.6109465774335217
2025-07-02,0.6095014619091181
2025-07-03,0.6149288188189876
2025-07-04,0.6230982921000714
2025-07-07,0.6269054518525474
2025-07-08,0.6278892885575523
2025-07-09,0.6322796283635175
2025-07-10,0.5966190301997543
2025-07-11,0.5957130331702665
2025-07-14,0.5934404261477275
2025-07-15,0.5835085310746886
2025-07-16,0.584264845761205
2025-07-17,0.5808725373847066
2025-07-18,0.5823390600749658
2025-07-21,0.5761554297162437
2025-07-22,0.5722457911656043
2025-07-23,0.5712092610334549
2025-07-24,0.5744398375893955
2025-07-25,0.5810114291193966
2025-07-28,0.5723376243215192
2025-07-29,0.5713781682321123
2025-07-30,0.5732472851101468
2025-07-31,0.5719509071200777
2025-08-01,0.5572952459620691
2025-08-04,0.5552552378518839
2025-08-05,0.5564862975249897
2025-08-06,0.5561093197575988
2025-08-07,0.5607487480267672
2025-08-08,0.5593876685011878
2025-08-11,0.5585461331796454
2025-08-12,0.5630275116821498
2025-08-13,0.5660627787440202
2025-08-14,0.56606311384179
2025-08-15,0.5616592104727344
2025-08-18,0.5634467134801586
2025-08-19,0.5585915088077339
2025-08-20,0.5578665010455509
2025-08-21,0.5644492939001026
2025-08-22,0.5660857649476005
2025-08-25,0.5644978078349322
2025-08-26,0.5597849663337892
2025-08-27,0.5578242607352187
2025-08-28,0.5528721242426756
2025-08-29,0.5685891019572614
2025-09-01,0.5558933766709666
2025-09-02,0.550086226540862
2025-09-03,0.5445731589952307
2025-09-04,0.5446052006002713
2025-09-05,0.5343533633243509
2025-09-08,0.5507962118712614
2025-09-09,0.5476781278358741
2025-09-10,0.5424458568495617
2025-09-11,0.5443081616689126
2025-09-12,0.5624557816829998
2025-09-15,0.5600239459626969
2025-09-16,0.56552220011181
2025-09-17,0.5744859966796672
2025-09-18,0.5808408256838175
2025-09-19,0.5772218820736891
2025-09-22,0.5752841127361868
2025-09-23,0.5884007934495761
2025-09-24,0.5940520452459925
2025-09-25,0.5926054609458702
2025-09-26,0.5782340545028936
2025-09-29,0.5829477641585794
2025-09-30,0.5914082649631198
2025-10-09,0.5771274589142761
2025-10-10,0.5706912284836353
2025-10-13,0.5513648043782282
2025-10-14,0.5338741735965195
2025-10-15,0.5409176443031388
2025-10-16,0.5546909769054722
2025-10-17,0.5567811643920515
2025-10-20,0.550238421778791
2025-10-21,0.5643717784858406
2025-10-22,0.5741504838494704
2025-10-23,0.5718300428524495
2025-10-24,0.5705176814308833
2025-10-27,0.5791735464552201
2025-10-28,0.5806042088546273
2025-10-29,0.5840940634871726
2025-10-30,0.5878648230137005
2025-10-31,0.5869637177437916
2025-11-03,0.5879257187188498
2025-11-04,0.5955047015187157
2025-11-05,0.5840254896631419
2025-11-06,0.597320203011783
2025-11-07,0.6097191298249949
2025-11-10,0.6136327102833355
2025-11-11,0.6081511813616738
2025-11-12,0.5971984387817455
2025-11-13,0.5915107760052298
2025-11-14,0.6091978251321313
2025-11-17,0.5969559613364066
2025-11-18,0.5786712253591789
2025-11-19,0.578440167903391
2025-11-20,0.5883776667616775
2025-11-21,0.5828456940326409
2025-11-24,0.5675176394461743
2025-11-25,0.5724135719204263
2025-11-26,0.5840009674345165
2025-11-27,0.5797339974775053
2025-11-28,0.5797512937781998
2025-12-01,0.5718229936294045
2025-12-02,0.5732945970844417
2025-12-03,0.5700164747644368
2025-12-04,0.5564903415415329
2025-12-05,0.5510518064352624
2025-12-08,0.5654561395531744
2025-12-09,0.5669149861327837
2025-12-10,0.5657348713631324
2025-12-11,0.5589335878692194
2025-12-12,0.5474667142532041
2025-12-15,0.5581570643412644
2025-12-16,0.5425166965204615
2025-12-17,0.5280000623462956
2025-12-18,0.5336979098578192
2025-12-19,0.5344807413878423
2025-12-22,0.5339087364254399
2025-12-23,0.5302167473904604
2025-12-24,0.5339608682302548
2025-12-25,0.5427878714930249
2025-12-26,0.5493151100253336
2025-12-29,0.5532471979757921
2025-12-30,0.5482364846836445
2025-12-31,0.5534261541466378
2026-01-05,0.5330332688547241
2026-01-06,0.5510567232444985
2026-01-07,0.5581960907430471
2026-01-08,0.5570733059037567
2026-01-09,0.5572417664594342
2026-01-12,0.5566238284478273
2026-01-13,0.5627226509668845
2026-01-14,0.5516421238467207
2026-01-15,0.5494666073010799
2026-01-16,0.553326356105994
2026-01-19,0.5452612039913074
2026-01-20,0.5538206668512174
2026-01-21,0.5448100183315789
2026-01-22,0.5506759937184064
2026-01-23,0.5573469398652459
2026-01-26,0.5496485605263275
2026-01-27,0.5503047084205032
2026-01-28,0.5505972164652095
2026-01-29,0.5490196054001281
2026-01-30,0.5597795226555071
2026-02-02,0.5534314534231747
2026-02-03,0.5378995185248735
2026-02-04,0.5570988877701971
2026-02-05,0.5734150463492521
2026-02-06,0.5694122109153202
2026-02-09,0.5630451019719628
2026-02-10,0.5800655106898035
2026-02-11,0.584781181721585
2026-02-12,0.5796543040203962
2026-02-13,0.5766465208165212
2026-02-24,0.5668208035251374
2026-02-25,0.5725650656207097
2026-02-26,0.5782916280984846
2026-02-27,0.5720031023466987
2026-03-02,0.5692273044649974
2026-03-03,0.5710763725193453
2026-03-04,0.5590355043393376
2026-03-05,0.5495962671632477
2026-03-06,0.5590826847991701
2026-03-09,0.5633118501866629
2026-03-10,0.5552482902386072
2026-03-11,0.5591920548518176
2026-03-12,0.5535920642237481
2026-03-13,0.5579202363184274
2026-03-16,0.5590777652263138
2026-03-17,0.550478470571947
2026-03-18,0.5386698361738126
2026-03-19,0.5525200428069662
2026-03-20,0.5437457623500844
2026-03-23,0.5402969539200531
2026-03-24,0.5189998639975186
2026-03-25,0.5264424429441128
2026-03-26,0.5456165364890778
2026-03-27,0.5373316762067151
2026-03-30,0.543179871463135
2026-03-31,0.5386013495513848
2026-04-01,0.5173703305839084
2026-04-02,0.5236408594337504
2026-04-03,0.5104287971625329
2026-04-07,0.5100385983165528
2026-04-08,0.5132080416849534
2026-04-09,0.5470043652307237
2026-04-10,0.5505475986218736
2026-04-13,0.5684695808611319
2026-04-14,0.5675299940103755
2026-04-15,0.5725348726575202
2026-04-16,0.5735546066909828
2026-04-17,0.5808022147777321
2026-04-20,0.5813763797607293
2026-04-21,0.5833498279867783
2026-04-22,0.5858735084040451
2026-04-23,0.5745473011891095
2026-04-24,0.5761800763017283
2026-04-27,0.5815051823018583
2026-04-28,0.5693809150736815
2026-04-29,0.5718662692497535
2026-04-30,0.5771666757129938
2026-05-06,0.5716871081435853
2026-05-07,0.57401522569407
2026-05-08,0.5670123303633504
2026-05-11,0.557735970584969
2026-05-12,0.5573708937693623
2026-05-13,0.5749219577974504
2026-05-14,0.5694548007859945
2026-05-15,0.5648212282191741
2026-05-18,0.54978462821192
2026-05-19,0.5499224310761263
2026-05-20,0.5527398548744634
2026-05-21,0.5575507937218678
2026-05-22,0.539099767313395
2026-05-25,0.5532924222418855
2026-05-26,0.5640542473031714
2026-05-27,0.569836772785808
2026-05-28,0.5656301871492182
2026-05-29,0.5625499039452052
2026-06-01,0.5625610773592205
2026-06-02,0.554873998991607
2026-06-03,0.5724488984054383
2026-06-04,0.5734857130431842
2026-06-05,0.5813989966275805
2026-06-08,0.5714274091815825
2026-06-09,0.5498303492147333
2026-06-10,0.5717152643597853
2026-06-11,0.5600315700224305
2026-06-12,0.5546858412418941
2026-06-15,0.5545828821114458
2026-06-16,0.5709559771706664
2026-06-17,0.566211191664277
2026-06-18,0.5750483245240291
2026-06-22,0.5768191288227792
2026-06-23,0.5776629159210958
2026-06-24,0.5634387352342467
2026-06-25,0.574181490609488
2026-06-26,0.586985267064181
2026-06-29,0.5605645978296295
2026-06-30,0.5696246578726342
2026-07-01,0.5921343991542887
2026-07-02,0.5780468700962464
2026-07-03,0.5661419709075036
2026-07-06,0.5763106153206529
2026-07-07,0.5696478401448279
2026-07-08,0.5527943099902689
2026-07-09,0.5365567942581033
2026-07-10,0.5734591668342993
2026-07-13,0.5495753137509801
2026-07-14,0.5366075777723288
2026-07-15,0.5634577547050699
2026-07-16,0.5698541679315234
2026-07-17,0.5531141154856714
