,收益
2018-01-02,-0.0013535648315829985
2018-01-03,-0.0017717752864512758
2018-01-04,-0.0029020303064156453
2018-01-05,0.0008052439439671863
2018-01-08,0.0005779446328786743
2018-01-09,-0.0006323766975712383
2018-01-10,0.0011800823817001978
2018-01-11,0.0059466933475127125
2018-01-12,-0.00711898013295771
2018-01-15,0.008612583679563447
2018-01-16,0.012108100039315343
2018-01-17,0.0011825386255650062
2018-01-18,-0.006948352526681678
2018-01-19,0.003164470841741046
2018-01-22,-0.0015518064124364222
2018-01-23,0.008062557448657423
2018-01-24,-0.005549066975641235
2018-01-25,0.006745763000442022
2018-01-26,3.366329044348394e-05
2018-01-29,-0.00024561665425496936
2018-01-30,0.0032726548258281444
2018-01-31,-0.0034239152657052694
2018-02-01,-0.003812904702786815
2018-02-02,-0.032395888903392484
2018-02-05,-0.01271319594087273
2018-02-06,-0.01244766522683438
2018-02-07,-0.027958039787559893
2018-02-08,-0.003922151151846064
2018-02-09,0.0012439512231534507
2018-02-12,-0.013302235973999871
2018-02-13,0.019146019733114604
2018-02-14,0.0013312925804867455
2018-02-22,0.006706154893278042
2018-02-23,0.004681690042799164
2018-02-26,0.002760671568802274
2018-02-27,0.010849606247633689
2018-02-28,0.0022941412807201507
2018-03-01,0.0002177838057341494
2018-03-02,-7.032362109287388e-05
2018-03-05,4.624112246915909e-05
2018-03-06,-0.0022252865911669443
2018-03-07,-0.0051183491837606095
2018-03-08,0.004109244575146417
2018-03-09,-0.001945960906010581
2018-03-12,-0.010086932501498641
2018-03-13,-0.0012220670148103381
2018-03-14,-0.0007224355242631297
2018-03-15,-0.002701859788575476
2018-03-16,-8.726344420486969e-05
2018-03-19,8.07930759857786e-05
2018-03-20,0.00048323951493117273
2018-03-21,-0.00233981756048953
2018-03-22,0.006474638953016966
2018-03-23,0.010782303726015572
2018-03-26,0.04001557302973484
2018-03-27,0.012605493380734595
2018-03-28,0.011685083346758857
2018-03-29,-0.0003069605232521444
2018-03-30,-0.0006024184137612023
2018-04-02,-0.003981336964215023
2018-04-03,0.0009521581652377432
2018-04-04,0.002419379369107559
2018-04-09,0.003873172995857998
2018-04-10,-0.0004713636915634515
2018-04-11,-9.009024224265572e-05
2018-04-12,-0.004983384007077313
2018-04-13,0.005026018349056687
2018-04-16,0.0011794277394837761
2018-04-17,-0.0011774820977160652
2018-04-18,0.02026024794715835
2018-04-19,-0.009204648509840213
2018-04-20,0.0003297112112490227
2018-04-23,0.0034854727404331166
2018-04-24,0.005283658638093306
2018-04-25,-0.006469838078623633
2018-04-26,0.0011444228890214946
2018-04-27,-0.0034718498614479433
2018-05-02,0.00025701620077024656
2018-05-03,-0.00042763674527066995
2018-05-04,0.0005291812558461444
2018-05-07,-0.00021422049476609243
2018-05-08,-0.009914475620642694
2018-05-09,0.0006346484020818975
2018-05-10,-0.0008352751536887835
2018-05-11,-0.0033818081293815723
2018-05-14,0.004922726230905613
2018-05-15,0.003258831836003647
2018-05-16,-0.0023493768073501635
2018-05-17,9.84149393742069e-05
2018-05-18,0.0014726135747867761
2018-05-21,-0.005214125754717576
2018-05-22,-0.0044043382994089055
2018-05-23,0.0020478583335907514
2018-05-24,0.003107741288228234
2018-05-25,-0.002020245614321141
2018-05-28,-0.002756056441190314
2018-05-29,0.003468424960974702
2018-05-30,0.004554252322140091
2018-05-31,0.013362783778999162
2018-06-01,0.011914764998571198
2018-06-04,-0.009159428791560344
2018-06-05,0.0012644764428377923
2018-06-06,0.00790771446110677
2018-06-07,0.0025265786496610865
2018-06-08,-0.008477913754549513
2018-06-11,-0.0060609563441857625
2018-06-12,-0.007560776327842054
2018-06-13,-0.0005220312250479964
2018-06-14,-0.008473157240526505
2018-06-15,-0.001361596690163091
2018-06-19,0.014397852819897208
2018-06-20,-0.030468619132348395
2018-06-21,0.008955217752130111
2018-06-22,-0.017191283790718753
2018-06-25,0.015462806541798263
2018-06-26,-0.010653042024456655
2018-06-27,0.012229799786223999
2018-06-28,-0.0077768651584767525
2018-06-29,-0.004952437446546798
2018-07-02,-0.008951022285321616
2018-07-03,-0.013957829836291062
2018-07-04,0.003536227918519723
2018-07-05,0.0001577492112786968
2018-07-06,-0.0027729977776580826
2018-07-09,-0.0008954160657893036
2018-07-10,-0.0025355479658439083
2018-07-11,0.0010044508130363562
2018-07-12,0.010582196677019094
2018-07-13,0.0010787960625944604
2018-07-16,0.001993710200357529
2018-07-17,-0.000707852578221163
2018-07-18,-0.0012313984209436934
2018-07-19,0.0031208872643555922
2018-07-20,0.015902583716845768
2018-07-23,-0.00996937611716914
2018-07-24,-0.010384741926783072
2018-07-25,-0.013065058366368574
2018-07-26,-0.0006930128562915631
2018-07-27,0.0016249471694216899
2018-07-30,0.005476070994766377
2018-07-31,0.012637703352055493
2018-08-01,-0.0019053511805262172
2018-08-02,0.01674016076666553
2018-08-03,0.014289861422655445
2018-08-06,-0.0006041705924602798
2018-08-07,0.011621919675993353
2018-08-08,-0.013545859594489429
2018-08-09,-0.010268701392504766
2018-08-10,0.009144573423636653
2018-08-13,0.0038912171195178693
2018-08-14,0.0022132060124935024
2018-08-15,0.0005700136332474822
2018-08-16,-0.0038573651752725627
2018-08-17,-0.0018294766144239195
2018-08-20,-0.015039312462782855
2018-08-21,0.0013786432470151275
2018-08-22,0.003982771841384237
2018-08-23,-0.0015315032215543092
2018-08-24,-0.00025133676862451756
2018-08-27,-0.0013521233061352489
2018-08-28,-0.004443929581837402
2018-08-29,-0.00030130321567018966
2018-08-30,-0.0009787015267156325
2018-08-31,0.0108751723404286
2018-09-03,-0.002852497759780028
2018-09-04,-0.0018671704672692216
2018-09-05,0.0008573616154410062
2018-09-06,-0.006620575092147604
2018-09-07,-0.0004990087504613143
2018-09-10,-5.73787125613899e-05
2018-09-11,0.0052219371472791275
2018-09-12,0.0013245729623495481
2018-09-13,-0.010118533246661638
2018-09-14,-0.0001460729099638269
2018-09-17,-0.0028374914416815526
2018-09-18,-0.002906882549214899
2018-09-19,0.009049425141705073
2018-09-20,0.012430305959134812
2018-09-21,0.004153104329350998
2018-09-25,0.0006675244430923683
2018-09-26,0.00026020540065401204
2018-09-27,-0.002155469940777771
2018-09-28,0.014085411316102742
2018-10-08,0.0025055642506900586
2018-10-09,0.01145082402790185
2018-10-10,-0.0017756347434509593
2018-10-11,-0.006981230654630491
2018-10-12,-0.033113586330750795
2018-10-15,-0.07154937916617593
2018-10-16,0.05354830378359109
2018-10-17,-0.012718239315317991
2018-10-18,-0.0016029362199765273
2018-10-19,-0.031010428226942728
2018-10-22,0.03817151813722076
2018-10-23,0.038522144137522835
2018-10-24,-0.0292129192834029
2018-10-25,-0.017592034770027402
2018-10-26,0.016298754644069147
2018-10-29,0.001466111141584631
2018-10-30,-0.008435733631647438
2018-10-31,0.0018208772408462544
2018-11-01,0.00035755268366697895
2018-11-02,0.009694600070855644
2018-11-05,-0.0012683508152335785
2018-11-06,0.0009265786780111941
2018-11-07,0.0001887443402791456
2018-11-08,-0.0022460758812407255
2018-11-09,-0.0005974169174872356
2018-11-12,-0.0012614656765256647
2018-11-13,-0.01842589208450858
2018-11-14,0.005631124283330461
2018-11-15,0.0007000429982619981
2018-11-16,-0.005228204313003439
2018-11-19,0.00019727872140114445
2018-11-20,0.003451232925265375
2018-11-21,0.023549641333142735
2018-11-22,0.007879159433468891
2018-11-23,-0.0006459799831052998
2018-11-26,0.03892401422534482
2018-11-27,0.0004189113696939179
2018-11-28,-0.00021126135878841336
2018-11-29,-0.0071016567125191336
2018-11-30,-0.004162865380325713
2018-12-03,0.014479441008346512
2018-12-04,-0.0006194783988089361
2018-12-05,-0.0026505472500849645
2018-12-06,-0.0011678794256173373
2018-12-07,0.00834298407804661
2018-12-10,0.00417091689684539
2018-12-11,0.0016154735659228482
2018-12-12,-0.004818085706199704
2018-12-13,-0.0032527914497773288
2018-12-14,0.007215353144091828
2018-12-17,0.010929468361708475
2018-12-18,-0.0041710969204320665
2018-12-19,-0.00018328887165609443
2018-12-20,0.011087776162876864
2018-12-21,-0.0009460894797144296
2018-12-24,0.003705169045619714
2018-12-25,0.005222430009438979
2018-12-26,0.0017472065603858953
2018-12-27,-0.018328446805349785
2018-12-28,0.031922811588143606
2019-01-02,-0.0008334114677060689
2019-01-03,0.003931668227557354
2019-01-04,0.01047660700272462
2019-01-07,-0.031205938354243273
2019-01-08,0.012936281727485427
2019-01-09,0.004926211919429469
2019-01-10,-0.0025478389837567065
2019-01-11,0.0011641110324830343
2019-01-14,0.0011534744258490887
2019-01-15,-0.0016560650240987486
2019-01-16,0.008990452648873921
2019-01-17,-0.0004553970619022281
2019-01-18,0.006073387977606979
2019-01-21,-0.0035627921640632824
2019-01-22,4.571508682597896e-05
2019-01-23,0.009555029875798492
2019-01-24,-0.0010428145127039522
2019-01-25,-0.008907765334684245
2019-01-28,0.0008453540956208309
2019-01-29,0.001980789789157265
2019-01-30,0.0009759482536998986
2019-01-31,0.008120919568283785
2019-02-01,-0.0038594186040533116
2019-02-11,0.01622310129777594
2019-02-12,0.026326417525808665
2019-02-13,0.01648227077061028
2019-02-14,0.012938679081771858
2019-02-15,-0.0017007490703194587
2019-02-18,0.00356524321673518
2019-02-19,0.012497070816867791
2019-02-20,0.00629206765741269
2019-02-21,-0.0025592103776982066
2019-02-22,-0.000688840632458976
2019-02-25,0.028930579094610123
2019-02-26,0.03673909586579081
2019-02-27,-0.015280959055642512
2019-02-28,9.187698332431629e-05
2019-03-01,0.0038987103402454344
2019-03-04,0.0069342204399676964
2019-03-05,0.0044999116961987684
2019-03-06,0.03110802000519709
2019-03-07,0.013477745664648875
2019-03-08,0.00617584368178295
2019-03-11,-0.025476041413245967
2019-03-12,0.050002319472451845
2019-03-13,0.010636289627910193
2019-03-14,-0.0329475721428275
2019-03-15,-0.011866013435597924
2019-03-18,0.009456582675450256
2019-03-19,0.004339390864584483
2019-03-20,-0.0028724046007202876
2019-03-21,0.00012872203045731685
2019-03-22,-0.004093358589622091
2019-03-25,0.0040120939656510144
2019-03-26,-0.004727030247523395
2019-03-27,0.02223192091304344
2019-03-28,-0.0021407495205299056
2019-03-29,0.012013652953450422
2019-04-01,-0.02886724595471258
2019-04-02,-0.021167396103562858
2019-04-03,-0.0010858127309694697
2019-04-04,-0.005234327897526004
2019-04-08,-0.004596400082755997
2019-04-09,0.01750199960049559
2019-04-10,-0.00923555321153851
2019-04-11,0.0014081871819473625
2019-04-12,0.01920456723117625
2019-04-15,-0.009711445120149894
2019-04-16,0.020914489049275224
2019-04-17,-0.02198436264296263
2019-04-18,-0.002752599321629283
2019-04-19,0.0033946279713335083
2019-04-22,-0.009466742892318662
2019-04-23,0.008018402482676368
2019-04-24,0.011920174313868413
2019-04-25,-0.002631282479385198
2019-04-26,0.030795002453496256
2019-04-29,0.0009546809107260678
2019-04-30,0.015464000028977777
2019-05-06,0.006938778819786218
2019-05-07,-0.010642354854300363
2019-05-08,-0.006411128611083264
2019-05-09,0.01083423186250989
2019-05-10,0.0038523430761905615
2019-05-13,0.005204502639280984
2019-05-14,-0.004659885094873792
2019-05-15,0.0018640697752727023
2019-05-16,-0.0016527147436132142
2019-05-17,-0.001404965056850761
2019-05-20,0.018688388411408168
2019-05-21,0.001492080803173467
2019-05-22,-0.0007808374110808984
2019-05-23,-0.004293330834627493
2019-05-24,-0.011769681058339523
2019-05-27,-0.002103936910367414
2019-05-28,-0.004471255394252997
2019-05-29,-0.0002910402552855174
2019-05-30,-0.00015782887825486537
2019-05-31,-0.0004408883700561331
2019-06-03,-0.0009177214547671505
2019-06-04,0.00959688559070981
2019-06-05,0.010979557171394485
2019-06-06,0.0002574015378380175
2019-06-10,0.023937728479578434
2019-06-11,-0.002748909502227165
2019-06-12,0.011593729152465142
2019-06-13,-0.011918385187097593
2019-06-14,0.004461878240759265
2019-06-17,-0.005244739892740307
2019-06-18,-0.0013301273149693574
2019-06-19,-0.016764003038862843
2019-06-20,0.007039604003765864
2019-06-21,-0.03164714207328164
2019-06-24,0.008286541924072514
2019-06-25,0.001587078144668056
2019-06-26,0.013920536099913063
2019-06-27,-0.004223092322512812
2019-06-28,-0.009157352813352363
2019-07-01,-0.0010792346498092668
2019-07-02,-0.01050604825876375
2019-07-03,0.0044734838063033525
2019-07-04,0.002993631733335975
2019-07-05,0.0036702266820664562
2019-07-08,0.011538039775793924
2019-07-09,0.013841535115521223
2019-07-10,-0.00013251058617464224
2019-07-11,-0.0002869407012945273
2019-07-12,-0.0018571693694566967
2019-07-15,1.4525552874861546e-05
2019-07-16,0.005539909096345962
2019-07-17,0.0005404965660418201
2019-07-18,-0.0012784491150559622
2019-07-19,0.015363539304494633
2019-07-22,-0.008318408278785043
2019-07-23,0.02138751828309039
2019-07-24,-0.009313650333914479
2019-07-25,0.004759188822045296
2019-07-26,0.00509419566279898
2019-07-29,0.0006870667241361394
2019-07-30,0.00013400108823639998
2019-07-31,-0.005608407006530328
2019-08-01,0.007722900432885856
2019-08-02,0.016903254191501647
2019-08-05,0.004342220245183488
2019-08-06,0.005540097332328765
2019-08-07,-0.0008304437132596507
2019-08-08,-0.001591383328691306
2019-08-09,0.01593654596336567
2019-08-12,-0.009110587382911392
2019-08-13,0.007371959902342781
2019-08-14,0.009061393010379665
2019-08-15,-0.012044742940171663
2019-08-16,0.012209059593029767
2019-08-19,0.012392615942146159
2019-08-20,0.017487764892768664
2019-08-21,-0.0014845355540506753
2019-08-22,0.0014028646814081176
2019-08-23,0.0035415550584691606
2019-08-26,-0.011935444020161116
2019-08-27,0.012606028511482268
2019-08-28,0.0016233863039314107
2019-08-29,0.0011451270006949885
2019-08-30,-0.0008508717190438058
2019-09-02,-0.005426532197904382
2019-09-03,0.003420166230009973
2019-09-04,0.0023929226972832862
2019-09-05,0.006951925488722522
2019-09-06,0.0004529251442886351
2019-09-09,0.013129852152553103
2019-09-10,0.015491775108730982
2019-09-11,0.00507791149465527
2019-09-12,-0.01631023600082327
2019-09-16,0.010829688654152193
2019-09-17,-0.002094979265776739
2019-09-18,-0.0140965436103099
2019-09-19,-0.0008448140474830206
2019-09-20,-0.0020148413847810103
2019-09-23,-0.00025962587657822026
2019-09-24,0.0040019363695133784
2019-09-25,-0.0009750469659368862
2019-09-26,0.011441624302124174
2019-09-27,0.025605245390440276
2019-09-30,-0.006719342492036654
2019-10-08,-0.007779068785328826
2019-10-09,0.0012902428481128623
2019-10-10,0.005480941023999137
2019-10-11,0.008754420687744652
2019-10-14,0.0008552242152358364
2019-10-15,-0.0015431599600800189
2019-10-16,0.006224930158920154
2019-10-17,0.006349051427896441
2019-10-18,-0.0006071751118799326
2019-10-21,0.011501756184453827
2019-10-22,0.00872901138998728
2019-10-23,-0.013227928799250438
2019-10-24,0.008533570537521035
2019-10-25,0.0015968556860412732
2019-10-28,-0.01746578523367534
2019-10-29,-0.021413551467305756
2019-10-30,0.013485576510904655
2019-10-31,0.003048383178312889
2019-11-01,0.009549824531025302
2019-11-04,-0.007853611865208394
2019-11-05,-0.003951251421715309
2019-11-06,-0.0029531098076163264
2019-11-07,0.009501270173614488
2019-11-08,-0.011643750999797265
2019-11-11,0.008332768490494592
2019-11-12,0.0201754555139995
2019-11-13,-0.0038047967319434985
2019-11-14,0.008277461845327364
2019-11-15,-0.0031400904174068867
2019-11-18,0.002159424400234029
2019-11-19,-0.0035517218813226584
2019-11-20,-0.008986656440944934
2019-11-21,-0.0003097964150203593
2019-11-22,1.7251141197887693e-05
2019-11-25,0.004702723831989618
2019-11-26,0.0014591414823660058
2019-11-27,-0.0005414234579495358
2019-11-28,-0.001213803335149614
2019-11-29,0.002655549388892951
2019-12-02,2.9129781154783045e-05
2019-12-03,4.601357020089539e-05
2019-12-04,-0.0027444534757121936
2019-12-05,-0.003866485111064218
2019-12-06,-0.006767210805106963
2019-12-09,-0.005298021347760589
2019-12-10,0.0006280128248452073
2019-12-11,-0.003336493579967963
2019-12-12,-0.0017922775330947163
2019-12-13,0.0035517362467983237
2019-12-16,0.005163627319574589
2019-12-17,0.017027273306448428
2019-12-18,0.006974991810904709
2019-12-19,0.0027565812787529935
2019-12-20,0.003996588280076753
2019-12-23,-0.010253977022050302
2019-12-24,-0.019954823616423378
2019-12-25,0.014232010042973128
2019-12-26,0.011204773444917467
2019-12-27,0.006687820108024376
2019-12-30,-0.006473217116053462
2019-12-31,0.004520245294969166
2020-01-02,0.009536688685221935
2020-01-03,0.006442104607294877
2020-01-06,-0.001889843500019315
2020-01-07,0.009154721553015631
2020-01-08,0.011957628077437065
2020-01-09,0.0013133964797590162
2020-01-10,0.007851140871210152
2020-01-13,-0.0025428134567719073
2020-01-14,0.014027188612864647
2020-01-15,-0.0046688252474622605
2020-01-16,0.0006343774095733993
2020-01-17,0.00014823181973364438
2020-01-20,0.00010296880390051246
2020-01-21,-0.0021686537501224793
2020-01-22,0.003462585100534398
2020-01-23,-0.0007702596250492836
2020-02-03,0.047273563825676726
2020-02-04,-0.0016957379720120942
2020-02-05,0.015308021018269028
2020-02-06,0.032629312046129955
2020-02-07,0.01829208495266483
2020-02-10,0.008234106146009498
2020-02-11,0.019436310827269723
2020-02-12,-0.00214562263286253
2020-02-13,0.006313866226757416
2020-02-14,0.0003869880165913971
2020-02-17,-0.0016156200368916563
2020-02-18,-0.019623637684954592
2020-02-19,-0.006373486350708547
2020-02-20,0.0006738513335242085
2020-02-21,0.0033732269940443403
2020-02-24,0.0031669168359888156
2020-02-25,-0.0006586500157423651
2020-02-26,-0.00032853847506398356
2020-02-27,-0.002381369548219374
2020-02-28,-0.023862437223245127
2020-03-02,-0.012647582283353016
2020-03-03,0.014399989702756846
2020-03-04,0.0018874228004286471
2020-03-05,-0.015413128790647485
2020-03-06,0.0055359780861611
2020-03-09,0.010887714800369814
2020-03-10,0.029150299375768213
2020-03-11,-0.03343350081482036
2020-03-12,0.02557435723380886
2020-03-13,0.03726550675180754
2020-03-16,-0.021372514039326974
2020-03-17,0.033118239340794435
2020-03-18,0.004571113690214364
2020-03-19,0.017176199560275808
2020-03-20,-0.017382896157598755
2020-03-23,0.008767866905469298
2020-03-24,0.0012013693315506477
2020-03-25,-0.006243435900799521
2020-03-26,0.004884743606140009
2020-03-27,-0.0145190251068725
2020-03-30,0.02123679302255617
2020-03-31,0.009361695935405102
2020-04-01,0.011149339332449468
2020-04-02,0.008043240320194465
2020-04-03,-0.030259559160187566
2020-04-07,-0.00947211029315537
2020-04-08,-0.01597450963111976
2020-04-09,-0.006248299261325132
2020-04-10,-0.011061621377139374
2020-04-13,0.02434690990289222
2020-04-14,0.004167960701842644
2020-04-15,-0.012742089563289136
2020-04-16,0.006802221489584554
2020-04-17,-0.014155494023147528
2020-04-20,0.0015067347009216775
2020-04-21,-0.0076547054406534585
2020-04-22,0.0026152571834839526
2020-04-23,-0.014318768365273411
2020-04-24,0.0066869039783338325
2020-04-27,0.016842162419652768
2020-04-28,0.005698701712288056
2020-04-29,0.012984907816260174
2020-04-30,-0.0017328109642502012
2020-05-06,-0.0077000425953041764
2020-05-07,-0.003369866637911915
2020-05-08,-0.0035852867153524526
2020-05-11,-0.00712010342721984
2020-05-12,0.0026009069769968446
2020-05-13,4.3485388926690286e-05
2020-05-14,-0.005643835805470574
2020-05-15,-0.0013584041713834993
2020-05-18,0.0007270823441397844
2020-05-19,0.0010890407126555263
2020-05-20,-0.008237362648619826
2020-05-21,0.005124794825207029
2020-05-22,0.012735921100515421
2020-05-25,0.008758447574622213
2020-05-26,-0.00018992046693098113
2020-05-27,0.020941164621528913
2020-05-28,-0.007704388737944259
2020-05-29,-0.006265360191241876
2020-06-01,0.016280922946227034
2020-06-02,0.02733170131850007
2020-06-03,0.004419548641810077
2020-06-04,-0.006888839391427865
2020-06-05,0.0047999780557511544
2020-06-08,0.0023502945088448826
2020-06-09,-0.0033842173807721956
2020-06-10,0.002641037233713403
2020-06-11,0.000753574728479977
2020-06-12,-0.007625320378381356
2020-06-15,0.006355776076020238
2020-06-16,0.0008203790142699511
2020-06-17,0.004494703942364627
2020-06-18,0.001981802788189264
2020-06-19,-0.0008905477694838282
2020-06-22,0.002520070809875371
2020-06-23,0.0009901953887621142
2020-06-24,0.00014087326257594953
2020-06-29,0.0009608169115478216
2020-06-30,0.0009732142442370101
2020-07-01,-0.004691494764398014
2020-07-02,0.0001511414046436676
2020-07-03,-0.0037912813706908544
2020-07-06,0.009951069561219751
2020-07-07,0.03571619634628437
2020-07-08,-0.007556623705846978
2020-07-09,0.03266221472618059
2020-07-10,0.022134797360666883
2020-07-13,-0.0041718128475720815
2020-07-14,0.04636347602343563
2020-07-15,-0.01847590285235834
2020-07-16,-0.02133083404467153
2020-07-17,-0.034299556077399415
2020-07-20,0.008590868793261859
2020-07-21,0.017446464183239925
2020-07-22,0.002959122474528642
2020-07-23,5.4940622376021934e-05
2020-07-24,0.001974446801090074
2020-07-27,-0.018344733260113256
2020-07-28,0.0038169666725417746
2020-07-29,0.0007902507876303157
2020-07-30,0.0011778235280651866
2020-07-31,0.0008800395421148671
2020-08-03,-0.004890313218859381
2020-08-04,-0.012904989871670046
2020-08-05,0.0017786324285060371
2020-08-06,0.0007524984760021538
2020-08-07,-0.00019904498698480872
2020-08-10,0.00047017868738358345
2020-08-11,-0.0028972482617388028
2020-08-12,0.012897852361737404
2020-08-13,0.013276970745225065
2020-08-14,-0.005140400086628004
2020-08-17,-0.012895640916818656
2020-08-18,-0.014986619969254428
2020-08-19,-0.0036439385692495596
2020-08-20,0.015385082006931406
2020-08-21,0.010708984186249146
2020-08-24,-0.008046496096119954
2020-08-25,-0.01282916449227066
2020-08-26,0.0040577840304232785
2020-08-27,0.020758983608948595
2020-08-28,-0.0060598095599912255
2020-08-31,-0.02180621215373625
2020-09-01,0.003114189145326909
2020-09-02,-0.004446371174467427
2020-09-03,-0.00268292552768278
2020-09-04,0.01867380012563461
2020-09-07,-0.005560818871761005
2020-09-08,0.01717734968127524
2020-09-09,-0.004439534378823899
2020-09-10,0.018702492300905257
2020-09-11,-0.0014250547527018902
2020-09-14,0.01084199120173748
2020-09-15,0.008026880364259567
2020-09-16,0.0055162362771293315
2020-09-17,-0.008232175204372489
2020-09-18,0.006093892344317464
2020-09-21,0.011271038144626256
2020-09-22,-0.004595461691598609
2020-09-23,-0.002439307796450331
2020-09-24,0.0006596538042775242
2020-09-25,-0.005559857080333986
2020-09-28,-0.0039047602402862334
2020-09-29,-0.006182516488435998
2020-09-30,0.00967614675122872
2020-10-09,0.0037831620817023633
2020-10-12,0.017187787222355026
2020-10-13,0.0292522641014052
2020-10-14,0.0025601216415650422
2020-10-15,-0.007714017220943504
2020-10-16,-0.00586930414215799
2020-10-19,-6.40486637811391e-05
2020-10-20,-0.0022493978664397613
2020-10-21,0.001761591821944844
2020-10-22,-0.0005673198889005341
2020-10-23,0.001971440745914887
2020-10-26,0.00813582323534536
2020-10-27,0.0013229130033048093
2020-10-28,0.0012439888346070227
2020-10-29,-0.00314109870299006
2020-10-30,-0.005571053113456883
2020-11-02,0.00762791998089761
2020-11-03,0.0033061015017100217
2020-11-04,-0.007865365654932116
2020-11-05,0.0015118473506673244
2020-11-06,-0.008521919493584301
2020-11-09,0.0017804005780973089
2020-11-10,-0.02023146078129761
2020-11-11,0.007182746986214182
2020-11-12,0.00988187854720074
2020-11-13,-0.0017617542766667036
2020-11-16,-0.0033561451844433673
2020-11-17,-0.0043159721181801995
2020-11-18,0.007690596564860423
2020-11-19,0.004169080066859499
2020-11-20,-0.01023430226404115
2020-11-23,-0.007074762475234424
2020-11-24,-0.0080827000495845
2020-11-25,0.0030949291338005502
2020-11-26,0.013950317324522472
2020-11-27,0.004426432997905547
2020-11-30,-0.0004569045327528667
2020-12-01,0.0025156707345276585
2020-12-02,-0.005909360682935881
2020-12-03,0.00047236019586063377
2020-12-04,0.0004332307376217909
2020-12-07,-0.010940519569373733
2020-12-08,0.0036871538563990336
2020-12-09,0.00246861173794677
2020-12-10,0.011196668066369403
2020-12-11,0.000870897204369999
2020-12-14,0.006615859799797056
2020-12-15,0.0018932350651735003
2020-12-16,0.000900347283143928
2020-12-17,-0.00638571774075332
2020-12-18,0.008577816271317259
2020-12-21,-0.0012937365154556636
2020-12-22,0.000765222377448625
2020-12-23,-0.0007432412667798745
2020-12-24,-0.008030638375262945
2020-12-25,-0.010134584494602077
2020-12-28,0.0009949357372967373
2020-12-29,-0.0018990100998750685
2020-12-30,-0.004611505771359346
2020-12-31,0.0062773731995711506
2021-01-04,0.009597676926718198
2021-01-05,0.003002039853422834
2021-01-06,-0.0009841325901149061
2021-01-07,-0.005124417340612532
2021-01-08,-0.016533670808343105
2021-01-11,-0.009793837865813457
2021-01-12,-0.009513958223309365
2021-01-13,0.01570048258061281
2021-01-14,-0.010416109439822841
2021-01-15,-0.0009542341516662913
2021-01-18,0.0007965035823573163
2021-01-19,0.019073180183299777
2021-01-20,0.0008980145890611193
2021-01-21,0.0005471294835982964
2021-01-22,-0.006276283354622377
2021-01-25,-0.00021827029169195868
2021-01-26,0.0033788378570277925
2021-01-27,0.00018126819565486926
2021-01-28,-0.003450648196162716
2021-01-29,-0.0028607419269756833
2021-02-01,-0.016595760766835416
2021-02-02,0.007103085582393118
2021-02-03,0.004437225190779086
2021-02-04,-0.011812769369328987
2021-02-05,-0.007503606770789126
2021-02-08,-0.006806992875983575
2021-02-09,0.0006112029081545787
2021-02-10,0.031767719950831934
2021-02-18,0.01973942088776712
2021-02-19,0.004027932400310179
2021-02-22,0.02387910987239838
2021-02-23,-0.01521864369883974
2021-02-24,-0.0010313810850395098
2021-02-25,0.007178973434663079
2021-02-26,-0.020994132977706775
2021-03-01,-0.001370942921171099
2021-03-02,0.015645039992058164
2021-03-03,0.00038924314938874286
2021-03-04,-0.0018930071036803386
2021-03-05,0.016375128438749432
2021-03-08,-0.019305478598919713
2021-03-09,0.03597732376273634
2021-03-10,0.018020978144239495
2021-03-11,0.007141936881803625
2021-03-12,0.016280216447111702
2021-03-15,-0.00477006391491321
2021-03-16,-0.0024219359309674317
2021-03-17,0.0022475445203215517
2021-03-18,-0.00011776679084629421
2021-03-19,0.0020878734245944365
2021-03-22,-0.0026672676535018274
2021-03-23,-0.017709438028740355
2021-03-24,0.01738954228945519
2021-03-25,0.011882162805796287
2021-03-26,-0.0038923939375458128
2021-03-29,-0.008157967250239402
2021-03-30,-0.00397145546449317
2021-03-31,0.0034798845470341696
2021-04-01,-0.0021274489319689734
2021-04-02,-0.008838650275737058
2021-04-06,0.0003685552791926173
2021-04-07,-0.0061643287036301855
2021-04-08,0.0007560325647451324
2021-04-09,0.004450272478300722
2021-04-12,-0.0025916034033443107
2021-04-13,0.020735345762018145
2021-04-14,0.0003087810566023662
2021-04-15,0.0004734737789885686
2021-04-16,3.596541663589088e-05
2021-04-19,0.0007196504411177514
2021-04-20,-0.007675822391756466
2021-04-21,-0.0034716741336053712
2021-04-22,-0.0004740048882387435
2021-04-23,0.002813254204781301
2021-04-26,-0.002171890126311959
2021-04-27,-0.00033455062789205256
2021-04-28,-0.0023963171757978474
2021-04-29,-0.008356424475684973
2021-04-30,0.003800841309640297
2021-05-06,0.008270785389426499
2021-05-07,-0.008259668399538565
2021-05-10,0.010782013351144964
2021-05-11,0.004199142678118391
2021-05-12,0.0023248170440255977
2021-05-13,0.010232792933299156
2021-05-14,0.001732573821562461
2021-05-17,0.011002332313406558
2021-05-18,-0.006124854029807601
2021-05-19,0.005150049219409505
2021-05-20,0.000988954020340427
2021-05-21,0.0008869638838621152
2021-05-24,-0.0004596746908827654
2021-05-25,-0.003008673286510437
2021-05-26,-0.0033006104448181205
2021-05-27,0.004138197992290194
2021-05-28,0.013396882330791908
2021-05-31,-0.0040650697533412845
2021-06-01,0.01937568578919473
2021-06-02,0.0019229892553123723
2021-06-03,-0.012980957750482549
2021-06-04,-0.003121622408623959
2021-06-07,0.009909595826075267
2021-06-08,0.008746206242669441
2021-06-09,-0.00813540883990566
2021-06-10,0.0025321420229603925
2021-06-11,0.0048081417873076515
2021-06-15,-0.007989767319672688
2021-06-16,-0.002001548126987353
2021-06-17,-0.011876624978086074
2021-06-18,0.00963641466127809
2021-06-21,0.010815724114066389
2021-06-22,0.01528925378067258
2021-06-23,-0.0006597720735305059
2021-06-24,0.002532974613729954
2021-06-25,-0.0026067331548411924
2021-06-28,-0.0004780714634145286
2021-06-29,-0.0027310639582736776
2021-06-30,0.005804559734570963
2021-07-01,-0.009929678939171639
2021-07-02,0.015888367480669456
2021-07-05,0.00036345971023971335
2021-07-06,-0.0007478455353433255
2021-07-07,0.0022973879430988058
2021-07-08,-0.009029500276516066
2021-07-09,-0.0009135978358301919
2021-07-12,-0.0023779558722276583
2021-07-13,0.003964016428122589
2021-07-14,0.005546197244586201
2021-07-15,-0.018697851867200566
2021-07-16,0.0017930536787478663
2021-07-19,-0.0034627669077321476
2021-07-20,3.8738647670012234e-05
2021-07-21,-0.007855642417876493
2021-07-22,-0.017711577052565108
2021-07-23,-0.0004689602681352684
2021-07-26,-0.0030218847621623665
2021-07-27,-0.009442875709552958
2021-07-28,-0.024298214953234833
2021-07-29,-0.005484258709700653
2021-07-30,0.017195242200794363
2021-08-02,0.006578016085115348
2021-08-03,0.011050214180275516
2021-08-04,-0.006536161758936902
2021-08-05,-0.0023395900293358887
2021-08-06,0.00019289662961941652
2021-08-09,-0.0008027058544931546
2021-08-10,-0.0005192769622805382
2021-08-11,-0.004306776017156412
2021-08-12,-0.0075407336001321835
2021-08-13,-0.00617376180345346
2021-08-16,0.0017251009143670983
2021-08-17,0.013170716562221928
2021-08-18,0.018685064868585708
2021-08-19,-0.0009724597077237012
2021-08-20,0.003753693840406162
2021-08-23,0.0018926425770966217
2021-08-24,-0.014580767330453614
2021-08-25,-9.635804374018422e-05
2021-08-26,-0.00048596566428225435
2021-08-27,-0.005247565047919447
2021-08-30,0.0017335025082577634
2021-08-31,-0.001686595147392638
2021-09-01,-0.0018774806343991484
2021-09-02,0.017687102161224693
2021-09-03,-0.004258227596889132
2021-09-06,0.00941943068163981
2021-09-07,-0.011195679245757715
2021-09-08,-0.01588993022370658
2021-09-09,-0.0009440189622120518
2021-09-10,0.0007863591358342404
2021-09-13,-0.002169236472881877
2021-09-14,-0.003939229649933245
2021-09-15,0.00848696508535874
2021-09-16,-0.016422643638848603
2021-09-17,0.030182113406188708
2021-09-22,-0.00028875180361746827
2021-09-23,0.003837808043372994
2021-09-24,-0.0008487705366278886
2021-09-27,-0.009423643293754138
2021-09-28,-0.01862878582235827
2021-09-29,-0.0035145683937325297
2021-09-30,-0.02181120767686751
2021-10-08,0.0297666763289386
2021-10-11,-0.00725372938119836
2021-10-12,-0.005940238369282744
2021-10-13,-0.022118412516104167
2021-10-14,0.007559774922678842
2021-10-15,0.01062356321700266
2021-10-18,-0.0015421696924705307
2021-10-19,0.007154560331567102
2021-10-20,0.0036517854544087787
2021-10-21,-0.00022985003397571683
2021-10-22,0.0037112232284594354
2021-10-25,0.0039733051466633315
2021-10-26,-0.009808236609985286
2021-10-27,0.00421991149472731
2021-10-28,0.00691707022991256
2021-10-29,0.016213411233957618
2021-11-01,0.00030004769925607574
2021-11-02,0.0033416674274938606
2021-11-03,0.0004061482819915923
2021-11-04,0.0002112775314760111
2021-11-05,0.0007828724682061421
2021-11-08,0.010554870375438235
2021-11-09,-0.0033487726647173787
2021-11-10,-0.011698819793412014
2021-11-11,-0.000835687844250179
2021-11-12,-0.009685329367997788
2021-11-15,-0.018291369764284363
2021-11-16,0.010626061075846037
2021-11-17,0.011094933848749803
2021-11-18,-0.016576340141398232
2021-11-19,0.005372267860191369
2021-11-22,-0.011874471131334633
2021-11-23,-0.016146456308095317
2021-11-24,0.0016199386439868073
2021-11-25,0.001289485098718465
2021-11-26,0.002061360708155046
2021-11-29,0.0027324749488046867
2021-11-30,-0.014026984392879329
2021-12-01,-0.00038898257927420153
2021-12-02,0.0007862980181745438
2021-12-03,0.009507490805904397
2021-12-06,-0.005042056284909458
2021-12-07,0.009302720961770358
2021-12-08,0.002434952679037672
2021-12-09,0.005756753802603763
2021-12-10,0.002066826685932244
2021-12-13,0.00549217693860588
2021-12-14,-0.002728858287045022
2021-12-15,0.0032626038574940916
2021-12-16,0.000365606836128254
2021-12-17,0.0001045499820505076
2021-12-20,0.004272999319430023
2021-12-21,-0.008550999881570681
2021-12-22,0.014737576571022586
2021-12-23,0.005090666895638207
2021-12-24,-0.0001856578256684991
2021-12-27,-0.01038609788823803
2021-12-28,0.005185997027307324
2021-12-29,0.008316795678138025
2021-12-30,-0.0026527624633330923
2021-12-31,0.007743553590391584
2022-01-04,0.009087728523486362
2022-01-05,-0.00209673959022017
2022-01-06,-0.009110776012677145
2022-01-07,0.013904728086700659
2022-01-10,-0.02402912651591467
2022-01-11,0.008493919196288217
2022-01-12,-0.006555525200351424
2022-01-13,0.011358426146871058
2022-01-14,-0.011428211266350605
2022-01-17,0.004069490790836575
2022-01-18,0.006604393870894635
2022-01-19,-0.0009519062067236031
2022-01-20,0.0015393317798643284
2022-01-21,-0.0023845600806269877
2022-01-24,-0.015438751267728423
2022-01-25,0.004686836670486619
2022-01-26,-0.02912073186561594
2022-01-27,0.000946317777900267
2022-01-28,-0.01974595152455773
2022-02-07,0.005716688572660538
2022-02-08,-0.000871462210602998
2022-02-09,0.008919852196375515
2022-02-10,0.010178823521485096
2022-02-11,-0.004487497128426144
2022-02-14,-0.002541299698091097
2022-02-15,-0.00021911472812138867
2022-02-16,-0.006826866839108678
2022-02-17,-0.001106626588108504
2022-02-18,0.0001209141573755683
2022-02-21,-0.0069960387702298725
2022-02-22,-0.006426464339466812
2022-02-23,-0.0027695446903077464
2022-02-24,-0.010019761240028865
2022-02-25,0.002997266316212434
2022-02-28,-3.726263251497209e-05
2022-03-01,-0.0022091595406217935
2022-03-02,0.003711573661588433
2022-03-03,-0.007576917054263323
2022-03-04,0.02282788818818701
2022-03-07,0.006375741189780919
2022-03-08,0.015973381002709598
2022-03-09,0.016914528252455
2022-03-10,-0.0012525923827768231
2022-03-11,-0.0017613926269032295
2022-03-14,0.004122970758923176
2022-03-15,-0.008431612127242544
2022-03-16,-0.017029420534989584
2022-03-17,0.021972618669528814
2022-03-18,0.003809651861338561
2022-03-21,0.016334447769026702
2022-03-22,-0.0012567672777505767
2022-03-23,0.00081232150141762
2022-03-24,0.0021837479802509063
2022-03-25,0.002061426407728856
2022-03-28,0.011590658722032148
2022-03-29,-0.0023617135213611765
2022-03-30,0.0021239606522213536
2022-03-31,-0.011362502226474528
2022-04-01,0.017370639849314824
2022-04-06,-0.0038797090467330227
2022-04-07,0.0037398025809100848
2022-04-08,0.01153190510863393
2022-04-11,0.0014406048656642185
2022-04-12,0.0022178813162341588
2022-04-13,0.0005716494682162958
2022-04-14,-0.0018432615351695021
2022-04-15,-0.005895936092612812
2022-04-18,-0.0037537060749916282
2022-04-19,0.0024278622099748863
2022-04-20,0.00038795487730836103
2022-04-21,0.003406703597374472
2022-04-22,0.0034782134954242597
2022-04-25,-0.021312807381030002
2022-04-26,-0.04113747834019649
2022-04-27,-0.031184403645644607
2022-04-28,0.043627471669516756
2022-04-29,0.011026995835588518
2022-05-05,0.029349590419832323
2022-05-06,0.0009467686976257372
2022-05-09,-2.8145258723705765e-05
2022-05-10,0.0033284769663048954
2022-05-11,-0.005592321309605254
2022-05-12,0.0003790575569509153
2022-05-13,-0.005236903403790458
2022-05-16,-0.0028136501896890934
2022-05-17,0.0035353726121381823
2022-05-18,-0.007134354806722892
2022-05-19,0.014381907769396235
2022-05-20,-0.02449374916583063
2022-05-23,-0.012442335719436481
2022-05-24,-0.00805302841769428
2022-05-25,0.0355417516088293
2022-05-26,0.004362566972778988
2022-05-27,0.001382986993060332
2022-05-30,6.354512582768811e-05
2022-05-31,-0.005055384187369311
2022-06-01,-0.0035609281181101047
2022-06-02,-0.007354146027883446
2022-06-06,-0.008075195355754242
2022-06-07,-0.02707918445442879
2022-06-08,0.002109225854474909
2022-06-09,0.0015555226097847545
2022-06-10,0.01326547319498306
2022-06-13,-0.015068724299091736
2022-06-14,-0.0019203078269031562
2022-06-15,-0.001872912173587881
2022-06-16,0.0009481550911347241
2022-06-17,-0.00035988486652249594
2022-06-20,-0.010366896162597143
2022-06-21,-0.0037935448763251798
2022-06-22,0.00918657843759918
2022-06-23,0.0026761433784173827
2022-06-24,0.0040016175269105446
2022-06-27,0.004458986465087634
2022-06-28,0.003323880297730054
2022-06-29,0.0013938503127592992
2022-06-30,-0.0009643969050553674
2022-07-01,0.005952558011134999
2022-07-04,0.0033177928115835646
2022-07-05,0.002712229774452905
2022-07-06,-0.00207748788761244
2022-07-07,-0.002359013370290597
2022-07-08,0.0019702512821950647
2022-07-11,-0.0044379509209124725
2022-07-12,0.007171720997137419
2022-07-13,0.0012550639683596735
2022-07-14,0.003351802909226494
2022-07-15,0.008599217689688831
2022-07-18,-0.008006787131328706
2022-07-19,0.00860162420332141
2022-07-20,0.0032497207089358135
2022-07-21,-0.009736343701124245
2022-07-22,-0.0007719231523651731
2022-07-25,0.001518226801635347
2022-07-26,-0.0011312427605043103
2022-07-27,-0.002120105609903568
2022-07-28,0.0018279930043514046
2022-07-29,-0.0011749862048615353
2022-08-01,0.004552521224318648
2022-08-02,-0.0013919767693826985
2022-08-03,0.0185557418713769
2022-08-04,-0.003843019827904316
2022-08-05,0.0009327251159774637
2022-08-08,0.019739172305789837
2022-08-09,0.010365318664697606
2022-08-10,-0.0009737901782475826
2022-08-11,0.009843841644252695
2022-08-12,0.0031332443643569755
2022-08-15,-0.007858145068028854
2022-08-16,0.006419327335828384
2022-08-17,0.004444539035065975
2022-08-18,-0.0013332541297065663
2022-08-19,0.0005722864641461356
2022-08-22,0.012461722375337223
2022-08-23,-0.002923826834596624
2022-08-24,-0.0013986371605847064
2022-08-25,0.01644562003679759
2022-08-26,-0.0037986206429554553
2022-08-29,-0.015260425460069523
2022-08-30,0.015505069014623863
2022-08-31,-0.009552949509962843
2022-09-01,-0.029799337024441482
2022-09-02,-1.4907963682581496e-05
2022-09-05,-0.005955891290184149
2022-09-06,-0.00037899787810498066
2022-09-07,0.009952067912237995
2022-09-08,0.00758438970443321
2022-09-09,-0.003151106152101295
2022-09-13,0.0011577689228242144
2022-09-14,0.0024684995158175023
2022-09-15,3.8616955612001054e-05
2022-09-16,0.0034909376181241187
2022-09-19,-0.009628001862131204
2022-09-20,-0.002540991061200403
2022-09-21,0.004296190825948152
2022-09-22,-0.006392826462469053
2022-09-23,0.003157357566067657
2022-09-26,-0.002591789617160617
2022-09-27,-0.0009779199426080353
2022-09-28,0.0022249767234445803
2022-09-29,-0.0028145341020201107
2022-09-30,-0.0008698911904254508
2022-10-10,0.0032845876025070263
2022-10-11,-0.0006314776444673613
2022-10-12,0.00044089933681019857
2022-10-13,-0.0011111470450237242
2022-10-14,0.018013210864925442
2022-10-17,0.006669897493090478
2022-10-18,0.008185339854493842
2022-10-19,-0.0004011257054719915
2022-10-20,0.00015444711446380976
2022-10-21,-0.0011366824870379377
2022-10-24,1.2001153462176082e-05
2022-10-25,0.0090027564208132
2022-10-26,-0.0011525341919408768
2022-10-27,-0.02435439489451883
2022-10-28,0.014431871802074588
2022-10-31,0.035952392302889144
2022-11-01,-0.008832884402357317
2022-11-02,-0.009636528942162645
2022-11-03,0.00043187917705298087
2022-11-04,0.003319916532648959
2022-11-07,-0.009854477320307713
2022-11-08,0.0016577546578492393
2022-11-09,-0.0010260063457962754
2022-11-10,0.0066816093373255675
2022-11-11,-0.013485595981375895
2022-11-14,0.013660136907323057
2022-11-15,0.007875290450783211
2022-11-16,-0.025555277048782295
2022-11-17,0.008008516182677543
2022-11-18,-0.004565462574544099
2022-11-21,0.0150428157995303
2022-11-22,-0.007109472017830605
2022-11-23,0.012493550405061402
2022-11-24,-0.0008671267127032617
2022-11-25,0.0019992672783946393
2022-11-28,0.021234008958916882
2022-11-29,-0.013345446430869974
2022-11-30,-0.012997638657925975
2022-12-01,-0.007152094818125989
2022-12-02,0.006967618981510608
2022-12-05,-0.012386579991604382
2022-12-06,0.003249874233137145
2022-12-07,-0.0007840390713809125
2022-12-08,-6.596038815676945e-05
2022-12-09,0.005026317855294475
2022-12-12,-0.0039860909699639905
2022-12-13,0.005531303868033218
2022-12-14,0.009671195146694515
2022-12-15,0.004543440777795481
2022-12-16,-0.0012259941795356192
2022-12-19,0.0028911148731719286
2022-12-20,0.014934649662667205
2022-12-21,-0.0041036189013475425
2022-12-22,-0.003571050546245542
2022-12-23,-0.01707421640968663
2022-12-26,-0.0011211391525073897
2022-12-27,0.016477306128116626
2022-12-28,0.0011333359802666591
2022-12-29,-0.011249483272116039
2022-12-30,0.008603017527698624
2023-01-03,-0.0026414577942496255
2023-01-04,0.00624322944844782
2023-01-05,0.0017474007228492415
2023-01-06,0.006156989088407543
2023-01-09,0.003346382685886025
2023-01-10,0.001215493693152272
2023-01-11,0.0012348833515943517
2023-01-12,-0.0033283745402356946
2023-01-13,0.0005426111780976922
2023-01-16,0.0017942219767460431
2023-01-17,0.002174680352029433
2023-01-18,0.0004045578176424807
2023-01-19,-2.1171675804348847e-05
2023-01-20,-0.0014678715967869037
2023-01-30,-0.0031560136353159366
2023-01-31,9.26934526021605e-05
2023-02-01,0.0010348859981890526
2023-02-02,0.0024693783318276413
2023-02-03,-0.00199704061043094
2023-02-06,-0.0011962046703527494
2023-02-07,-0.0005311634716922224
2023-02-08,0.00018510316669013809
2023-02-09,0.002776031000789861
2023-02-10,-0.012380482702088243
2023-02-13,-0.0025056704275801664
2023-02-14,-0.002243020887529654
2023-02-15,-0.00029941849342695714
2023-02-16,0.0001287446270529538
2023-02-17,0.01567320250317933
2023-02-20,-0.008268934117222623
2023-02-21,0.01012108208670475
2023-02-22,0.002268512654289038
2023-02-23,0.002902467940387841
2023-02-24,-0.001841437386472278
2023-02-27,0.0010315218757322789
2023-02-28,0.0007188316296145601
2023-03-01,-0.0030581402321633467
2023-03-02,-0.0018513183961120416
2023-03-03,0.0005431985769528827
2023-03-06,0.002032174838674632
2023-03-07,-0.004641855962178308
2023-03-08,0.024091632747803737
2023-03-09,0.005036983357947855
2023-03-10,-0.003140109918075686
2023-03-13,-0.0020199276010604388
2023-03-14,0.004860897967580879
2023-03-15,-0.00409915867787406
2023-03-16,-0.0007215589392583176
2023-03-17,-0.006086911850497263
2023-03-20,0.003237384600913688
2023-03-21,-0.0054559518287602814
2023-03-22,-0.0025294880180962947
2023-03-23,0.001191328002800346
2023-03-24,-0.001812013854335807
2023-03-27,-0.0003420832912596195
2023-03-28,-0.004777867013851561
2023-03-29,0.005462748748787697
2023-03-30,0.006982372824512217
2023-03-31,-0.001502629983766541
2023-04-03,-0.009178785341933608
2023-04-04,-0.00733185612019073
2023-04-06,-0.0025262403028764825
2023-04-07,-0.0031944302250688198
2023-04-10,-0.005364974673158118
2023-04-11,-0.006693087628226174
2023-04-12,0.000154409920406848
2023-04-13,-0.002029398963636851
2023-04-14,0.00037752364719884264
2023-04-17,-0.002818373591731933
2023-04-18,0.0028492830230276885
2023-04-19,0.0007204755579667291
2023-04-20,0.00487602508404234
2023-04-21,-0.00011482979267318646
2023-04-24,0.02269684116056491
2023-04-25,-0.008074589073990644
2023-04-26,-0.0159974179190723
2023-04-27,0.0011175144115816485
2023-04-28,0.005176644633484867
2023-05-04,0.011057118982508883
2023-05-05,-0.0010961858631989537
2023-05-08,-0.0091765663438403
2023-05-09,0.006411944897297166
2023-05-10,-0.012354600755047374
2023-05-11,0.00346477553288477
2023-05-12,-0.00263930227463332
2023-05-15,-0.0028793387707985708
2023-05-16,0.0024303962985875727
2023-05-17,-0.002832546485510009
2023-05-18,-0.0007501256423635533
2023-05-19,0.002769319217800776
2023-05-22,0.001579924003337406
2023-05-23,-0.00012726636668811058
2023-05-24,0.0016011632146193328
2023-05-25,0.0007505036419939987
2023-05-26,0.0014397161160123128
2023-05-29,-0.0073829065141724146
2023-05-30,0.002197832205117289
2023-05-31,-0.003149795058584997
2023-06-01,0.0002391951820068627
2023-06-02,-0.004212655628444533
2023-06-05,-0.0038412792921899827
2023-06-06,0.00011520578982637651
2023-06-07,0.015289119903413239
2023-06-08,0.0005521275714369274
2023-06-09,8.240751908579078e-05
2023-06-12,-0.001036186268788261
2023-06-13,0.0008847590654197497
2023-06-14,-1.0752520666537982e-05
2023-06-15,-0.0043395282302471985
2023-06-16,-0.0006900903130534498
2023-06-19,-0.005765299483246407
2023-06-20,-0.001219925931035782
2023-06-21,0.00020285113148119617
2023-06-26,0.021251809701233207
2023-06-27,-0.002185024083602405
2023-06-28,0.005285795829487485
2023-06-29,-0.0029481945767720523
2023-06-30,0.0026004931998852006
2023-07-03,0.01709617264767336
2023-07-04,-0.004685889364482225
2023-07-05,0.0034868286715210276
2023-07-06,-0.003995071580326118
2023-07-07,-0.0008298616952481316
2023-07-10,-0.0008962895842134661
2023-07-11,-0.0006535428415451602
2023-07-12,-0.002048679414824522
2023-07-13,0.001405356207846604
2023-07-14,0.005574610583397148
2023-07-17,-0.004954740490560391
2023-07-18,0.0007391014329656552
2023-07-19,0.0009361438198133361
2023-07-20,0.0005867174635773895
2023-07-21,0.007595382121785961
2023-07-24,-0.0008925709613088352
2023-07-25,0.002530269189629376
2023-07-26,0.0012719100460323793
2023-07-27,-0.001560365328572335
2023-07-28,-0.009370853072046133
2023-07-31,0.006546398527385725
2023-08-01,0.003898465865194389
2023-08-02,-0.0018468329665537809
2023-08-03,0.0009277169982562706
2023-08-04,-0.002308945704460533
2023-08-07,-0.0016049733600808276
2023-08-08,0.0016187030044865058
2023-08-09,0.004129354328991296
2023-08-10,0.0035820124622047405
2023-08-11,0.00011586465738388537
2023-08-14,0.01093546839212182
2023-08-15,0.004192154507098494
2023-08-16,-0.008094486728970793
2023-08-17,-0.007239391422777655
2023-08-18,0.010299105699605817
2023-08-21,-0.018679819626359003
2023-08-22,-0.004822747862938192
2023-08-23,-0.001541774138047343
2023-08-24,-0.01238174851992739
2023-08-25,-0.004364708759250436
2023-08-28,0.03805939594571205
2023-08-29,-0.0382597112527162
2023-08-30,0.02785290880073827
2023-08-31,0.003968033399518988
2023-09-01,-0.0015636707944831456
2023-09-04,0.0001757915353537913
2023-09-05,0.0054758100316168725
2023-09-06,-0.005815900577591104
2023-09-07,-0.000727831655536952
2023-09-08,0.0050713925289457866
2023-09-11,-0.00037958846078973643
2023-09-12,-0.0028221964121304963
2023-09-13,-0.0002595501368330799
2023-09-14,0.007930812349876273
2023-09-15,0.0015377035476816544
2023-09-18,0.0024583153755833734
2023-09-19,-0.0031237973997785603
2023-09-20,0.00785794679912738
2023-09-21,0.008913744371493962
2023-09-22,0.003505906828629158
2023-09-25,-0.008066113944711984
2023-09-26,-0.0009969833728265603
2023-09-27,0.0010015496068271545
2023-09-28,-0.0040600299764429896
2023-10-09,-0.0026703753364944044
2023-10-10,-3.0355175779537468e-05
2023-10-11,0.00040051178847955795
2023-10-12,-0.0031859178554809113
2023-10-13,0.0035124806276858778
2023-10-16,-0.003767388515120094
2023-10-17,0.011178672356796695
2023-10-18,0.004393667928403514
2023-10-19,0.013146313602370785
2023-10-20,0.0020816875508179278
2023-10-23,0.001842711127515716
2023-10-24,0.007794537896468079
2023-10-25,0.0017223230657547166
2023-10-26,-5.434523174621128e-05
2023-10-27,0.003830532651410036
2023-10-30,0.005329428134159222
2023-10-31,0.012446598703341446
2023-11-01,-3.613591281306398e-05
2023-11-02,-0.002490100866264359
2023-11-03,-0.0014710915966600312
2023-11-06,0.011400898608769545
2023-11-07,0.007865985277998658
2023-11-08,0.0047846931115935265
2023-11-09,0.0014462351957729256
2023-11-10,-0.002257499226596613
2023-11-13,0.00010356509331422937
2023-11-14,-0.0005718050158506409
2023-11-15,-0.0023115594526170193
2023-11-16,0.004676993523262589
2023-11-17,0.005172445310322309
2023-11-20,-0.004718205901502135
2023-11-21,-0.004599519178880729
2023-11-22,0.005630268505062773
2023-11-23,0.005323056207078398
2023-11-24,0.0021804264251401237
2023-11-27,-0.0037140879967658045
2023-11-28,-0.0017901355085765149
2023-11-29,-0.0020309466955116353
2023-11-30,-0.0007841957251452994
2023-12-01,0.001138026597177935
2023-12-04,-0.00302940939581341
2023-12-05,0.002774984144313516
2023-12-06,0.010419527295253
2023-12-07,0.000895098081782618
2023-12-08,-0.0002514975729709448
2023-12-11,0.005894142298802249
2023-12-12,-0.008995140609626215
2023-12-13,-3.8059438436032714e-06
2023-12-14,0.003958056613781157
2023-12-15,0.003206898912712685
2023-12-18,0.007153399816071352
2023-12-19,0.00498481873290159
2023-12-20,-9.809336833307729e-05
2023-12-21,0.00028140772449737817
2023-12-22,0.008333039345905825
2023-12-25,-0.007476777179937326
2023-12-26,-0.0012686140192718768
2023-12-27,-0.007086868277768551
2023-12-28,0.002032589744618504
2023-12-29,0.017537857694004462
2024-01-02,0.013788956642197507
2024-01-03,-0.0087817918434479
2024-01-04,-0.003929402174208232
2024-01-05,-0.005462441024883324
2024-01-08,-0.011714562039001336
2024-01-09,-0.018770618420864815
2024-01-10,-0.006130435058950403
2024-01-11,-0.003857764128369738
2024-01-12,0.014206196624004172
2024-01-15,-0.007866768719223106
2024-01-16,0.00026102574398238017
2024-01-17,-0.003662619174200704
2024-01-18,-0.009661002774993571
2024-01-19,-0.007586353038724543
2024-01-22,-0.005859743436621122
2024-01-23,-0.04501604065823198
2024-01-24,0.01947508517288004
2024-01-25,0.010468830736329444
2024-01-26,0.03171621059032175
2024-01-29,-0.009812975120605734
2024-01-30,-0.027275983726522558
2024-01-31,-0.019116666431395875
2024-02-01,-0.02680275729183727
2024-02-02,-0.0024265010531477754
2024-02-05,-0.027313492405676765
2024-02-06,-0.040219596828011635
2024-02-07,0.06791895667024256
2024-02-08,0.06429636224579964
2024-02-19,0.029868677051092238
2024-02-20,-0.00953167262547588
2024-02-21,0.001111818994735159
2024-02-22,-0.003008346607263517
2024-02-23,-0.010280167818382908
2024-02-26,-0.009218207319473945
2024-02-27,0.0008717327251934801
2024-02-28,-0.03398495101168394
2024-02-29,0.052077906884643
2024-03-01,-0.032906325795967015
2024-03-04,-0.009023294238489073
2024-03-05,0.003524107577011657
2024-03-06,0.00430645189540536
2024-03-07,-0.0026616547808029174
2024-03-08,0.01285842199109051
2024-03-11,-0.007290699987287132
2024-03-12,-0.02263758430058635
2024-03-13,-0.0034566478091037633
2024-03-14,-0.00247947162106788
2024-03-15,0.008243648338770799
2024-03-18,-0.01949018909786456
2024-03-19,-0.011358655914496623
2024-03-20,0.005266217864975086
2024-03-21,-0.009996325424518039
2024-03-22,0.0033555517353899104
2024-03-25,0.011101321347212718
2024-03-26,0.016394726424025056
2024-03-27,0.003585730598454574
2024-03-28,0.017644206220781392
2024-03-29,-0.005527094868995847
2024-04-01,-0.003458467721812591
2024-04-02,-0.0045456107476181465
2024-04-03,0.002474505798708113
2024-04-08,0.0037809787323444992
2024-04-09,0.009653447856661734
2024-04-10,-0.009028633706777417
2024-04-11,0.008558756277769017
2024-04-12,-0.0008095768372278491
2024-04-15,0.003152113530158156
2024-04-16,0.00689374427505606
2024-04-17,0.00820585831205367
2024-04-18,0.020602394274846066
2024-04-19,-0.0017473872746260972
2024-04-22,-0.002003649515038156
2024-04-23,-8.416901739107929e-05
2024-04-24,-0.0009831347860713398
2024-04-25,-0.0006565913422425945
2024-04-26,-0.00010470195621800426
2024-04-29,-0.01116850026336882
2024-04-30,0.009501424928807947
2024-05-06,0.0044665831766975885
2024-05-07,0.0033311592947136586
2024-05-08,0.0015909038718370083
2024-05-09,-0.01077765347390441
2024-05-10,0.018475967685045527
2024-05-13,-0.012601266203871083
2024-05-14,-0.0018863720558596059
2024-05-15,0.0004603294522719703
2024-05-16,0.003776074901368543
2024-05-17,0.0031388377608392052
2024-05-20,-0.014875776522527428
2024-05-21,-0.0014612485317617135
2024-05-22,0.007724779617042706
2024-05-23,0.00016483029385589852
2024-05-24,0.02284806847807457
2024-05-27,-6.939838505955765e-05
2024-05-28,0.001752944171878357
2024-05-29,-0.00494817495613069
2024-05-30,-0.0020158610744513542
2024-05-31,0.00243101763664529
2024-06-03,-3.085743860254139e-05
2024-06-04,-0.0025537678646916115
2024-06-05,0.00264051198425365
2024-06-06,-0.0006619385277779361
2024-06-07,-0.002383590265067737
2024-06-11,-0.005869935291221504
2024-06-12,0.0061386176797482445
2024-06-13,0.007279842444821023
2024-06-14,-0.0011915868857380438
2024-06-17,-0.0003638411395501667
2024-06-18,-0.0023751140123613288
2024-06-19,-0.008338418278378697
2024-06-20,0.014526521217184115
2024-06-21,0.00991978383199675
2024-06-24,0.00016301195542052938
2024-06-25,0.0019561120842477445
2024-06-26,-0.009874580753621203
2024-06-27,0.025440826500178718
2024-06-28,-0.021422124991548348
2024-07-01,0.005553008504148789
2024-07-02,0.008337861549604166
2024-07-03,-0.005404214589396103
2024-07-04,-0.0022536936778292807
2024-07-05,-0.014574588866983141
2024-07-08,0.00446569564577589
2024-07-09,-0.013337038121729212
2024-07-10,0.015865664466472758
2024-07-11,0.009005412650590653
2024-07-12,0.00831334689548134
2024-07-15,-0.0039005399896015125
2024-07-16,-0.001799575426820653
2024-07-17,-0.0010206486044814387
2024-07-18,0.008356856370981883
2024-07-19,-0.0009303096305573039
2024-07-22,-0.007834358038371219
2024-07-23,-0.0017319460826075131
2024-07-24,0.02783797894700167
2024-07-25,0.010507118421130461
2024-07-26,-0.00153593709456871
2024-07-29,0.0015315014188134204
2024-07-30,-0.0018022568192731776
2024-07-31,-0.00046368512805597894
2024-08-01,-0.02490540775472748
2024-08-02,-0.01043086655764154
2024-08-05,-0.009392701255283709
2024-08-06,-0.006643159172719628
2024-08-07,-0.0001344665006675189
2024-08-08,-0.0009092141724321063
2024-08-09,0.0024477412129124947
2024-08-12,0.004650615928679929
2024-08-13,0.0007561239457493354
2024-08-14,-0.0009130418176719703
2024-08-15,0.005134170122299472
2024-08-16,-0.007722442903370418
2024-08-19,0.007358187126035899
2024-08-20,-0.002780045449950267
2024-08-21,0.020377548780372325
2024-08-22,0.001454827419156505
2024-08-23,0.008917637917662593
2024-08-26,-0.0005554416511450245
2024-08-27,-0.00046756789639663097
2024-08-28,0.0015803949557719912
2024-08-29,0.00014143471516704165
2024-08-30,-0.004057508975838284
2024-09-02,0.0028517052749690744
2024-09-03,-0.014751879868499773
2024-09-04,0.0022579846605895963
2024-09-05,0.0024414834335122005
2024-09-06,0.004245058606383678
2024-09-09,0.010334873887289897
2024-09-10,-0.0006737859944344179
2024-09-11,-0.00033676831902172997
2024-09-12,-0.003830995047458677
2024-09-13,0.004349006512840835
2024-09-18,0.009881993235095312
2024-09-19,0.0010340641256136236
2024-09-20,-0.01309876140709322
2024-09-23,0.0004206444679610755
2024-09-24,-0.008707620969500776
2024-09-25,-0.03776180655353361
2024-09-26,-0.006465232015118369
2024-09-27,0.06598207843045217
2024-09-30,0.11828349261296378
2024-10-08,0.15418565901905593
2024-10-09,-0.07365453557080723
2024-10-10,-0.037805295667444505
2024-10-11,-0.023087649599414024
2024-10-14,-0.02481192369032734
2024-10-15,0.018764482534542496
2024-10-16,-0.020084882142353055
2024-10-17,0.017733012080620444
2024-10-18,-0.007237391213330043
2024-10-21,0.026938860086961672
2024-10-22,0.005392036745032334
2024-10-23,0.0037943401229906873
2024-10-24,-0.0014264207636255268
2024-10-25,-3.0779152976414384e-05
2024-10-28,0.003161647000152558
2024-10-29,0.0018695500239607889
2024-10-30,-0.0007005991287991663
2024-10-31,0.0003498939069028423
2024-11-01,-0.0015840614056528667
2024-11-04,0.006202369820971509
2024-11-05,-0.005862428365708156
2024-11-06,-0.011715021424210253
2024-11-07,0.0011317657592673682
2024-11-08,-0.00737496025130992
2024-11-11,0.001994366083723527
2024-11-12,-0.013039287248529778
2024-11-13,0.009655544248717013
2024-11-14,0.0007402334331193542
2024-11-15,0.019765322225344065
2024-11-18,0.011533972663219608
2024-11-19,0.022689902847101272
2024-11-20,-0.020405264432130407
2024-11-21,-0.016664837376942437
2024-11-22,-0.001409641158520549
2024-11-25,0.029590768824813162
2024-11-26,0.003424371849073257
2024-11-27,0.011168575976744354
2024-11-28,-0.024359374006747828
2024-11-29,0.005923164390136021
2024-12-02,-0.017584818107952087
2024-12-03,-0.01976882815643153
2024-12-04,0.0044552389153093876
2024-12-05,0.014500714228675
2024-12-06,-0.012565090178132204
2024-12-09,-0.009897909170722778
2024-12-10,-0.022174035109116086
2024-12-11,0.024334994861112003
2024-12-12,-0.009669408667943658
2024-12-13,-0.0007045922676262255
2024-12-16,0.012479112873239046
2024-12-17,0.00815353274863022
2024-12-18,0.012602614684918956
2024-12-19,0.0009722534147058064
2024-12-20,-0.000789506405046947
2024-12-23,-0.0003471476254356021
2024-12-24,0.002109376458895736
2024-12-25,0.0033161750981070006
2024-12-26,-0.003965165947826955
2024-12-27,0.005034040171032165
2024-12-30,-9.511758065516382e-05
2024-12-31,0.0005900950599371834
2025-01-02,0.010829062778847811
2025-01-03,-0.011082916302321768
2025-01-06,-0.029263180951223256
2025-01-07,-0.0038489107551203964
2025-01-08,0.011175594649543109
2025-01-09,-0.007677781927268389
2025-01-10,0.007151776689917011
2025-01-13,-0.02367188244297538
2025-01-14,0.010137053864064861
2025-01-15,0.03303421647919173
2025-01-16,-0.001000229702982704
2025-01-17,-0.002260513504804291
2025-01-20,0.010825926398254034
2025-01-21,0.0026350014990064972
2025-01-22,-0.0011316220417995353
2025-01-23,0.0011785721461743926
2025-01-24,-0.005388179968215125
2025-01-27,0.010970980089632737
2025-02-05,-0.0035849080877656944
2025-02-06,-3.0329208050011586e-05
2025-02-07,-0.008524239520626737
2025-02-10,0.0081125481637756
2025-02-11,0.007256004784374975
2025-02-12,-0.002078003186694595
2025-02-13,0.00878051109294828
2025-02-14,-0.003402265839770024
2025-02-17,0.002382567679301527
2025-02-18,-0.00013115010403785146
2025-02-19,0.0031451814400682756
2025-02-20,0.0007941169891033298
2025-02-21,-0.001256336961979555
2025-02-24,-0.011333833423259549
2025-02-25,0.0001967840427643938
2025-02-26,-0.003727425649670987
2025-02-27,-0.008688585809405208
2025-02-28,0.006504211576377013
2025-03-03,0.021739292052456533
2025-03-04,-0.004056910067891569
2025-03-05,0.004151217447203228
2025-03-06,0.0053747556202009905
2025-03-07,-0.0031341378802671824
2025-03-10,0.0012886236050954835
2025-03-11,0.005383793332737565
2025-03-12,-0.016574153276956268
2025-03-13,0.0021762236570175646
2025-03-14,0.014117772875099315
2025-03-17,-0.01559981009068977
2025-03-18,-0.003345567863538816
2025-03-19,0.001777590506972728
2025-03-20,0.005552440455262659
2025-03-21,0.005306087604812461
2025-03-24,0.017831559876776794
2025-03-25,0.0073566012076947155
2025-03-26,0.004658598393983147
2025-03-27,-0.002133751995539154
2025-03-28,-0.00032720841837036873
2025-03-31,-0.002007033302582161
2025-04-01,-0.00040243519751216106
2025-04-02,-0.0005207393151443507
2025-04-03,0.001577708845711518
2025-04-07,0.043181454875125376
2025-04-08,0.05539201702903558
2025-04-09,-0.009779825587362715
2025-04-10,0.05299222247331044
2025-04-11,0.000820278994059761
2025-04-14,0.027338982997079018
2025-04-15,0.0021187325643558406
2025-04-16,-0.006399024075616863
2025-04-17,-0.009647105458454442
2025-04-18,0.002136037722426938
2025-04-21,-0.0005936121466506919
2025-04-22,0.012821793516978684
2025-04-23,0.0024116982801802803
2025-04-24,-0.00018926134086525874
2025-04-25,-0.0007546396446155677
2025-04-28,-0.00017633877706300084
2025-04-29,0.003399030990156214
2025-04-30,-0.004036643623297363
2025-05-06,-0.0048064064697027386
2025-05-07,-0.02451724707618747
2025-05-08,-0.004551114030075183
2025-05-09,0.005988255453184465
2025-05-12,-0.0023848971603608864
2025-05-13,0.006569301353890947
2025-05-14,-0.0023513476175419327
2025-05-15,-5.935520691548792e-05
2025-05-16,0.005315776777438899
2025-05-19,1.0306816607817167e-06
2025-05-20,-0.002417672434646176
2025-05-21,-0.005630626771012614
2025-05-22,0.0033393041888217516
2025-05-23,0.00890298785370256
2025-05-26,0.010114177304273358
2025-05-27,-0.0026836430821729
2025-05-28,9.48739580402905e-06
2025-05-29,0.00028807765214292964
2025-05-30,-0.010905473776305807
2025-06-03,0.00017217859587317404
2025-06-04,-0.002713647216801429
2025-06-05,-0.004167539198852361
2025-06-06,-0.005215953091951154
2025-06-09,0.0004900200120156012
2025-06-10,-0.008055416509376424
2025-06-11,0.007607210231471856
2025-06-12,-0.00022837274616446004
2025-06-13,-0.0013502822808899992
2025-06-16,0.009482351132250176
2025-06-17,0.0026539744025810123
2025-06-18,0.0016089761722316012
2025-06-19,0.0025588254322527616
2025-06-20,0.010469210567423207
2025-06-23,0.0028699894790281642
2025-06-24,0.011073578190438997
2025-06-25,0.01745264061680923
2025-06-26,0.012535741830568574
2025-06-27,-0.0003827309655164284
2025-06-30,0.0022989070856666116
2025-07-01,0.010413583926200787
2025-07-02,0.0002814180637292934
2025-07-03,-0.005303440678517451
2025-07-04,0.001589705410314561
2025-07-07,-0.0021183068799815975
2025-07-08,0.001486656944112967
2025-07-09,0.007758256016103671
2025-07-10,-0.0025041529097040603
2025-07-11,0.0008694359070499936
2025-07-14,0.002062911843752726
2025-07-15,-0.0013684981813088938
2025-07-16,-0.0007966048611257421
2025-07-17,0.0010049942162911876
2025-07-18,0.004578154236259583
2025-07-21,0.0009518791661655735
2025-07-22,0.0029276444012982256
2025-07-23,0.003443406873976834
2025-07-24,-0.0026902856181097827
2025-07-25,0.008367909924080751
2025-07-28,-0.0009509574258005633
2025-07-29,0.0004176642708523761
2025-07-30,0.0019413423219572738
2025-07-31,-0.0017547670081275598
2025-08-01,-0.0036173000856939705
2025-08-04,-0.0026207187829429624
2025-08-05,0.003300957257312991
2025-08-06,0.003947816121727173
2025-08-07,0.003958942847536793
2025-08-08,-0.0013144935417974026
2025-08-11,-0.0008487158246107618
2025-08-12,-0.00258286250290577
2025-08-13,0.00342517122923174
2025-08-14,0.007203131378498983
2025-08-15,-0.01608158251562209
2025-08-18,0.02644175976924253
2025-08-19,0.011518584559172916
2025-08-20,-0.002357471202816553
2025-08-21,0.01621455269762374
2025-08-22,-0.011087851897095765
2025-08-25,0.020321478558725514
2025-08-26,0.004443182373530833
2025-08-27,0.00262899258815779
2025-08-28,-0.016275538954340522
2025-08-29,0.01630643722077473
2025-09-01,0.003630146175540774
2025-09-02,0.002243615117321142
2025-09-03,-0.008798129378030036
2025-09-04,-0.007733657328675074
2025-09-05,-0.014045298151376282
2025-09-08,0.009662209435256818
2025-09-09,0.004417716214967655
2025-09-10,-0.005165735308791238
2025-09-11,-0.00030487358823164714
2025-09-12,0.0010239979193162935
2025-09-15,-9.303700846100369e-05
2025-09-16,0.00020339307718546227
2025-09-17,-0.004776931831079007
2025-09-18,-0.008049131476082402
2025-09-19,0.013221667125195158
2025-09-22,0.0006808917116774796
2025-09-23,-0.006215083696697452
2025-09-24,0.017106441601506737
2025-09-25,-0.02295343859817757
2025-09-26,0.006475814011444169
2025-09-29,0.01101034794043038
2025-09-30,-0.014562735860327308
2025-10-09,-0.00962441580374041
2025-10-10,-0.0013981011136189492
2025-10-13,0.04121336027274139
2025-10-14,-0.030382989502368087
2025-10-15,0.022096163694421852
2025-10-16,-0.0036332166216746604
2025-10-17,0.002759939892639856
2025-10-20,0.00754018684385079
2025-10-21,5.525994421663402e-05
2025-10-22,-0.0004998218836044932
2025-10-23,-8.018033847537122e-05
2025-10-24,-0.0036311168527450523
2025-10-27,-0.015647102750512905
2025-10-28,0.0006279080216507393
2025-10-29,-0.0014420400310383042
2025-10-30,-0.009125181901669797
2025-10-31,0.00895054137307748
2025-11-03,-0.0009127263579444902
2025-11-04,-0.0013169959499733036
2025-11-05,0.01998570425970958
2025-11-06,-0.013116161693766538
2025-11-07,-0.0074787776148894
2025-11-10,-0.006611796046621172
2025-11-11,0.0004195278558110873
2025-11-12,0.007085300452517642
2025-11-13,0.006237259407038223
2025-11-14,-0.008617116361263832
2025-11-17,0.004897425810666473
2025-11-18,8.288704079354208e-05
2025-11-19,0.005987849038215677
2025-11-20,0.0008283013687475323
2025-11-21,0.004511617970556496
2025-11-24,0.010677253805940212
2025-11-25,0.012605167314997183
2025-11-26,0.00940085358930704
2025-11-27,-0.0007174167266304232
2025-11-28,0.0005385280500431557
2025-12-01,0.01042943343444258
2025-12-02,0.0016810601628676942
2025-12-03,-0.0020017837160422984
2025-12-04,-0.0032217666156329353
2025-12-05,-0.0003782018008727464
2025-12-08,0.002681021568896292
2025-12-09,0.0004770815383336514
2025-12-10,-0.0013388922617781876
2025-12-11,0.0015658860850418222
2025-12-12,4.2635498596655026e-05
2025-12-15,0.0018260948114952149
2025-12-16,-0.0027054282265828048
2025-12-17,-0.002062387171314451
2025-12-18,0.007145619383991916
2025-12-19,0.006780652535201996
2025-12-22,0.007165769715339354
2025-12-23,0.001977241202267377
2025-12-24,-0.001063153170441488
2025-12-25,-0.0028032414822445157
2025-12-26,0.0012941448355361731
2025-12-29,2.6781450934231876e-05
2025-12-30,-0.00204546129011312
2025-12-31,-0.00031699831027648493
2026-01-05,-0.0004679662460083224
2026-01-06,-0.0128640576756043
2026-01-07,0.009592283894910248
2026-01-08,0.00023997520666774002
2026-01-09,0.007454026920568171
2026-01-12,0.02132426812779754
2026-01-13,0.016870022729081145
2026-01-14,-0.02382381453365838
2026-01-15,-0.0003067705937349809
2026-01-16,0.013946713611653989
2026-01-19,-0.013651056102028259
2026-01-20,0.007530099685963046
2026-01-21,-0.004206503612488046
2026-01-22,0.0047959861317629976
2026-01-23,-2.439748839668768e-05
2026-01-26,-0.012874666137356102
2026-01-27,-0.0076172101566616395
2026-01-28,0.005259761228922495
2026-01-29,5.376182933329162e-05
2026-01-30,-0.00028982653312211587
2026-02-02,-0.0014394959788139078
2026-02-03,0.008471524117622834
2026-02-04,0.01769347357902398
2026-02-05,-0.005837033817144
2026-02-06,-0.018574735997036206
2026-02-09,0.017907265323970068
2026-02-10,0.00706039628581502
2026-02-11,-0.0008775639368188526
2026-02-12,-0.0005082222390554207
2026-02-13,-0.0028767276948983003
2026-02-24,-0.00030274835470711544
2026-02-25,-0.0017377329555799304
2026-02-26,-0.013818596095567546
2026-02-27,-0.0009424056348796572
2026-03-02,-0.003121156698608574
2026-03-03,0.0003190355521964526
2026-03-04,0.04280199660902653
2026-03-05,0.00868524280526571
2026-03-06,-0.006925236979765694
2026-03-09,0.0004402280842163466
2026-03-10,0.0004033787069776287
2026-03-11,-0.0037199641535318856
2026-03-12,0.0024659823368548177
2026-03-13,0.0034387336938922516
2026-03-16,0.010601016242297735
2026-03-17,0.0001362321645545685
2026-03-18,0.020501837848944948
2026-03-19,0.0061213987941219185
2026-03-20,0.004762224039174652
2026-03-23,0.011085566471838252
2026-03-24,0.003005205531937563
2026-03-25,0.01670892079416789
2026-03-26,0.007096118727606195
2026-03-27,-0.018110340018335697
2026-03-30,0.013265698706712853
2026-03-31,0.008625500590934582
2026-04-01,-0.0003421634157249275
2026-04-02,-0.00035316934097079003
2026-04-03,0.002175419582095617
2026-04-07,0.002720839857816187
2026-04-08,-0.014251757139835203
2026-04-09,-0.00952445099737894
2026-04-10,0.0026659807079668454
2026-04-13,-6.648925650795686e-05
2026-04-14,0.0057601258934732395
2026-04-15,0.0011608459194273385
2026-04-16,0.0007958321774551912
2026-04-17,-0.002360006618258406
2026-04-20,-0.002091410243698909
2026-04-21,-0.0016494401213584075
2026-04-22,0.002626486923539355
2026-04-23,-0.020974513938661277
2026-04-24,0.02007263851437034
2026-04-27,0.001127240315748218
2026-04-28,-0.0005799221609705275
2026-04-29,0.011247875293255846
2026-04-30,-0.015437800550014742
2026-05-06,-0.01332670943695895
2026-05-07,-0.019065824173026335
2026-05-08,-0.0016467633643853688
2026-05-11,0.005007227124117902
2026-05-12,-0.00022554124898495478
2026-05-13,0.0002730662350861441
2026-05-14,-0.007944691851099838
2026-05-15,0.002078866004971851
2026-05-18,-0.007670973620713705
2026-05-19,0.0034547990404059903
2026-05-20,0.0009335083069210849
2026-05-21,-0.0031464664226282407
2026-05-22,0.02118715861714206
2026-05-25,0.008521678943536925
2026-05-26,0.0005330236399269726
2026-05-27,-0.0027651588632491256
2026-05-28,-0.004397097252058493
2026-05-29,0.000999681592788087
2026-06-01,0.013879486850071239
2026-06-02,-0.002116045782050421
2026-06-03,0.0026586199786804545
2026-06-04,-0.003857865827084563
2026-06-05,0.00039173352353897873
2026-06-08,0.0047405960755639315
2026-06-09,0.00045907567838435507
2026-06-10,0.004687381272061758
2026-06-11,-0.006236522436557375
2026-06-12,0.012372345683097176
2026-06-15,0.005998998252618215
2026-06-16,0.026237562318567935
2026-06-17,0.007370372546955381
2026-06-18,0.007300334926164025
2026-06-22,0.014481374547400908
2026-06-23,0.001476728373782897
2026-06-24,-0.01295450011263917
2026-06-25,0.009508795154002849
2026-06-26,-5.8973550010709374e-05
2026-06-29,-0.0022167232909792766
2026-06-30,-0.00148592938915243
2026-07-01,-0.011373822961905953
2026-07-02,-0.0009009642985660352
2026-07-03,-0.002096477066125131
2026-07-06,0.0017609002410264537
2026-07-07,-0.007033527056773347
2026-07-08,-0.007200012475096043
2026-07-09,-0.016949472556518366
2026-07-10,0.016287068223192293
2026-07-13,-0.015417585227833736
2026-07-14,-0.033680442356140886
2026-07-15,0.01391803847560677
2026-07-16,-0.021988980257356336
